season,round,race_id,race_name,race_date,driver_id,driver_code,driver_number,driver_name,driver_dob,driver_nationality,constructor_id,constructor_name,constructor_nationality,position,position_text,grid,laps,status,points,fastest_lap_rank,fastest_lap_lap,fastest_lap_time,fastest_lap_speed
2025,1,2025_1,Australian Grand Prix,2025-03-16,norris,NOR,1,Lando Norris,1999-11-13,British,mclaren,McLaren,British,1,1,1,57,Finished,25,1,43,1:22.167,
2025,1,2025_1,Australian Grand Prix,2025-03-16,max_verstappen,VER,3,Max Verstappen,1997-09-30,Dutch,red_bull,Red Bull,Austrian,2,2,3,57,Finished,18,3,43,1:23.081,
2025,1,2025_1,Australian Grand Prix,2025-03-16,russell,RUS,63,George Russell,1998-02-15,British,mercedes,Mercedes,German,3,3,4,57,Finished,15,11,43,1:25.065,
2025,1,2025_1,Australian Grand Prix,2025-03-16,antonelli,ANT,12,Andrea Kimi Antonelli,2006-08-25,Italian,mercedes,Mercedes,German,4,4,16,57,Finished,12,9,43,1:24.901,
2025,1,2025_1,Australian Grand Prix,2025-03-16,albon,ALB,23,Alexander Albon,1996-03-23,Thai,williams,Williams,British,5,5,6,57,Finished,10,8,43,1:24.597,
2025,1,2025_1,Australian Grand Prix,2025-03-16,stroll,STR,18,Lance Stroll,1998-10-29,Canadian,aston_martin,Aston Martin,British,6,6,13,57,Finished,8,14,43,1:25.538,
2025,1,2025_1,Australian Grand Prix,2025-03-16,hulkenberg,HUL,27,Nico Hülkenberg,1987-08-19,German,sauber,Sauber,Swiss,7,7,17,57,Finished,6,12,43,1:25.243,
2025,1,2025_1,Australian Grand Prix,2025-03-16,leclerc,LEC,16,Charles Leclerc,1997-10-16,Monegasque,ferrari,Ferrari,Italian,8,8,7,57,Finished,4,13,43,1:25.271,
2025,1,2025_1,Australian Grand Prix,2025-03-16,piastri,PIA,81,Oscar Piastri,2001-04-06,Australian,mclaren,McLaren,British,9,9,2,57,Finished,2,4,43,1:23.242,
2025,1,2025_1,Australian Grand Prix,2025-03-16,hamilton,HAM,44,Lewis Hamilton,1985-01-07,British,ferrari,Ferrari,Italian,10,10,8,57,Finished,1,7,43,1:24.218,
2025,1,2025_1,Australian Grand Prix,2025-03-16,gasly,GAS,10,Pierre Gasly,1996-02-07,French,alpine,Alpine F1 Team,French,11,11,9,57,Finished,0,10,43,1:25.020,
2025,1,2025_1,Australian Grand Prix,2025-03-16,tsunoda,TSU,22,Yuki Tsunoda,2000-05-11,Japanese,rb,RB F1 Team,Italian,12,12,5,57,Finished,0,6,43,1:24.194,
2025,1,2025_1,Australian Grand Prix,2025-03-16,ocon,OCO,31,Esteban Ocon,1996-09-17,French,haas,Haas F1 Team,American,13,13,19,57,Finished,0,15,42,1:26.764,
2025,1,2025_1,Australian Grand Prix,2025-03-16,bearman,BEA,87,Oliver Bearman,2005-05-08,British,haas,Haas F1 Team,American,14,14,20,57,Finished,0,16,42,1:27.603,
2025,1,2025_1,Australian Grand Prix,2025-03-16,lawson,LAW,30,Liam Lawson,2002-02-11,New Zealander,red_bull,Red Bull,Austrian,15,R,18,46,Retired,0,2,43,1:22.970,
2025,1,2025_1,Australian Grand Prix,2025-03-16,bortoleto,BOR,5,Gabriel Bortoleto,2004-10-14,Brazilian,sauber,Sauber,Swiss,16,R,15,45,Retired,0,5,43,1:24.192,
2025,1,2025_1,Australian Grand Prix,2025-03-16,alonso,ALO,14,Fernando Alonso,1981-07-29,Spanish,aston_martin,Aston Martin,British,17,R,12,32,Retired,0,17,32,1:28.819,
2025,1,2025_1,Australian Grand Prix,2025-03-16,sainz,SAI,55,Carlos Sainz,1994-09-01,Spanish,williams,Williams,British,18,R,10,0,Retired,0,,,,
2025,1,2025_1,Australian Grand Prix,2025-03-16,doohan,DOO,7,Jack Doohan,2003-01-20,Australian,alpine,Alpine F1 Team,French,19,R,14,0,Retired,0,,,,
2025,1,2025_1,Australian Grand Prix,2025-03-16,hadjar,HAD,6,Isack Hadjar,2004-09-28,French,rb,RB F1 Team,Italian,20,R,11,0,Retired,0,,,,
2025,2,2025_2,Chinese Grand Prix,2025-03-23,piastri,PIA,81,Oscar Piastri,2001-04-06,Australian,mclaren,McLaren,British,1,1,1,56,Finished,25,3,53,1:35.520,
2025,2,2025_2,Chinese Grand Prix,2025-03-23,norris,NOR,1,Lando Norris,1999-11-13,British,mclaren,McLaren,British,2,2,3,56,Finished,18,1,53,1:35.454,
2025,2,2025_2,Chinese Grand Prix,2025-03-23,russell,RUS,63,George Russell,1998-02-15,British,mercedes,Mercedes,German,3,3,2,56,Finished,15,5,55,1:35.816,
2025,2,2025_2,Chinese Grand Prix,2025-03-23,max_verstappen,VER,3,Max Verstappen,1997-09-30,Dutch,red_bull,Red Bull,Austrian,4,4,4,56,Finished,12,2,56,1:35.488,
2025,2,2025_2,Chinese Grand Prix,2025-03-23,ocon,OCO,31,Esteban Ocon,1996-09-17,French,haas,Haas F1 Team,American,5,5,11,56,Finished,10,4,56,1:35.740,
2025,2,2025_2,Chinese Grand Prix,2025-03-23,antonelli,ANT,12,Andrea Kimi Antonelli,2006-08-25,Italian,mercedes,Mercedes,German,6,6,8,56,Finished,8,11,56,1:36.046,
2025,2,2025_2,Chinese Grand Prix,2025-03-23,albon,ALB,23,Alexander Albon,1996-03-23,Thai,williams,Williams,British,7,7,10,56,Finished,6,12,52,1:36.254,
2025,2,2025_2,Chinese Grand Prix,2025-03-23,bearman,BEA,87,Oliver Bearman,2005-05-08,British,haas,Haas F1 Team,American,8,8,17,56,Finished,4,13,52,1:36.363,
2025,2,2025_2,Chinese Grand Prix,2025-03-23,stroll,STR,18,Lance Stroll,1998-10-29,Canadian,aston_martin,Aston Martin,British,9,9,14,56,Finished,2,10,39,1:36.044,
2025,2,2025_2,Chinese Grand Prix,2025-03-23,sainz,SAI,55,Carlos Sainz,1994-09-01,Spanish,williams,Williams,British,10,10,15,56,Finished,1,15,50,1:36.779,
2025,2,2025_2,Chinese Grand Prix,2025-03-23,hadjar,HAD,6,Isack Hadjar,2004-09-28,French,rb,RB F1 Team,Italian,11,11,7,56,Finished,0,6,35,1:35.868,
2025,2,2025_2,Chinese Grand Prix,2025-03-23,lawson,LAW,30,Liam Lawson,2002-02-11,New Zealander,red_bull,Red Bull,Austrian,12,12,20,56,Finished,0,9,32,1:35.985,
2025,2,2025_2,Chinese Grand Prix,2025-03-23,doohan,DOO,7,Jack Doohan,2003-01-20,Australian,alpine,Alpine F1 Team,French,13,13,18,56,Finished,0,14,52,1:36.424,
2025,2,2025_2,Chinese Grand Prix,2025-03-23,bortoleto,BOR,5,Gabriel Bortoleto,2004-10-14,Brazilian,sauber,Sauber,Swiss,14,14,19,55,Lapped,0,8,28,1:35.874,
2025,2,2025_2,Chinese Grand Prix,2025-03-23,hulkenberg,HUL,27,Nico Hülkenberg,1987-08-19,German,sauber,Sauber,Swiss,15,15,12,55,Lapped,0,16,35,1:37.275,
2025,2,2025_2,Chinese Grand Prix,2025-03-23,tsunoda,TSU,22,Yuki Tsunoda,2000-05-11,Japanese,rb,RB F1 Team,Italian,16,16,9,55,Lapped,0,7,49,1:35.871,
2025,2,2025_2,Chinese Grand Prix,2025-03-23,alonso,ALO,14,Fernando Alonso,1981-07-29,Spanish,aston_martin,Aston Martin,British,17,R,13,4,Retired,0,17,3,1:39.256,
2025,2,2025_2,Chinese Grand Prix,2025-03-23,leclerc,LEC,16,Charles Leclerc,1997-10-16,Monegasque,ferrari,Ferrari,Italian,18,D,6,0,Disqualified,0,,,,
2025,2,2025_2,Chinese Grand Prix,2025-03-23,hamilton,HAM,44,Lewis Hamilton,1985-01-07,British,ferrari,Ferrari,Italian,19,D,5,0,Disqualified,0,,,,
2025,2,2025_2,Chinese Grand Prix,2025-03-23,gasly,GAS,10,Pierre Gasly,1996-02-07,French,alpine,Alpine F1 Team,French,20,D,16,0,Disqualified,0,,,,
2025,3,2025_3,Japanese Grand Prix,2025-04-06,max_verstappen,VER,3,Max Verstappen,1997-09-30,Dutch,red_bull,Red Bull,Austrian,1,1,1,53,Finished,25,3,52,1:31.041,
2025,3,2025_3,Japanese Grand Prix,2025-04-06,norris,NOR,1,Lando Norris,1999-11-13,British,mclaren,McLaren,British,2,2,2,53,Finished,18,5,51,1:31.116,
2025,3,2025_3,Japanese Grand Prix,2025-04-06,piastri,PIA,81,Oscar Piastri,2001-04-06,Australian,mclaren,McLaren,British,3,3,3,53,Finished,15,2,53,1:31.039,
2025,3,2025_3,Japanese Grand Prix,2025-04-06,leclerc,LEC,16,Charles Leclerc,1997-10-16,Monegasque,ferrari,Ferrari,Italian,4,4,4,53,Finished,12,10,47,1:31.469,
2025,3,2025_3,Japanese Grand Prix,2025-04-06,russell,RUS,63,George Russell,1998-02-15,British,mercedes,Mercedes,German,5,5,5,53,Finished,10,8,51,1:31.357,
2025,3,2025_3,Japanese Grand Prix,2025-04-06,antonelli,ANT,12,Andrea Kimi Antonelli,2006-08-25,Italian,mercedes,Mercedes,German,6,6,6,53,Finished,8,1,50,1:30.965,
2025,3,2025_3,Japanese Grand Prix,2025-04-06,hamilton,HAM,44,Lewis Hamilton,1985-01-07,British,ferrari,Ferrari,Italian,7,7,8,53,Finished,6,9,51,1:31.406,
2025,3,2025_3,Japanese Grand Prix,2025-04-06,hadjar,HAD,6,Isack Hadjar,2004-09-28,French,rb,RB F1 Team,Italian,8,8,7,53,Finished,4,7,52,1:31.317,
2025,3,2025_3,Japanese Grand Prix,2025-04-06,albon,ALB,23,Alexander Albon,1996-03-23,Thai,williams,Williams,British,9,9,9,53,Finished,2,6,52,1:31.125,
2025,3,2025_3,Japanese Grand Prix,2025-04-06,bearman,BEA,87,Oliver Bearman,2005-05-08,British,haas,Haas F1 Team,American,10,10,10,53,Finished,1,15,49,1:32.006,
2025,3,2025_3,Japanese Grand Prix,2025-04-06,alonso,ALO,14,Fernando Alonso,1981-07-29,Spanish,aston_martin,Aston Martin,British,11,11,12,53,Finished,0,11,51,1:31.770,
2025,3,2025_3,Japanese Grand Prix,2025-04-06,tsunoda,TSU,22,Yuki Tsunoda,2000-05-11,Japanese,red_bull,Red Bull,Austrian,12,12,14,53,Finished,0,13,51,1:31.871,
2025,3,2025_3,Japanese Grand Prix,2025-04-06,gasly,GAS,10,Pierre Gasly,1996-02-07,French,alpine,Alpine F1 Team,French,13,13,11,53,Finished,0,12,52,1:31.820,
2025,3,2025_3,Japanese Grand Prix,2025-04-06,sainz,SAI,55,Carlos Sainz,1994-09-01,Spanish,williams,Williams,British,14,14,15,53,Finished,0,4,36,1:31.106,
2025,3,2025_3,Japanese Grand Prix,2025-04-06,doohan,DOO,7,Jack Doohan,2003-01-20,Australian,alpine,Alpine F1 Team,French,15,15,19,53,Finished,0,20,47,1:32.685,
2025,3,2025_3,Japanese Grand Prix,2025-04-06,hulkenberg,HUL,27,Nico Hülkenberg,1987-08-19,German,sauber,Sauber,Swiss,16,16,16,53,Finished,0,19,31,1:32.572,
2025,3,2025_3,Japanese Grand Prix,2025-04-06,lawson,LAW,30,Liam Lawson,2002-02-11,New Zealander,rb,RB F1 Team,Italian,17,17,13,53,Finished,0,17,39,1:32.043,
2025,3,2025_3,Japanese Grand Prix,2025-04-06,ocon,OCO,31,Esteban Ocon,1996-09-17,French,haas,Haas F1 Team,American,18,18,18,53,Finished,0,14,48,1:31.967,
2025,3,2025_3,Japanese Grand Prix,2025-04-06,bortoleto,BOR,5,Gabriel Bortoleto,2004-10-14,Brazilian,sauber,Sauber,Swiss,19,19,17,53,Finished,0,16,45,1:32.034,
2025,3,2025_3,Japanese Grand Prix,2025-04-06,stroll,STR,18,Lance Stroll,1998-10-29,Canadian,aston_martin,Aston Martin,British,20,20,20,52,Lapped,0,18,52,1:32.052,
2025,4,2025_4,Bahrain Grand Prix,2025-04-13,piastri,PIA,81,Oscar Piastri,2001-04-06,Australian,mclaren,McLaren,British,1,1,1,57,Finished,25,1,36,1:35.140,
2025,4,2025_4,Bahrain Grand Prix,2025-04-13,russell,RUS,63,George Russell,1998-02-15,British,mercedes,Mercedes,German,2,2,3,57,Finished,18,2,36,1:35.518,
2025,4,2025_4,Bahrain Grand Prix,2025-04-13,norris,NOR,1,Lando Norris,1999-11-13,British,mclaren,McLaren,British,3,3,6,57,Finished,15,3,38,1:35.728,
2025,4,2025_4,Bahrain Grand Prix,2025-04-13,leclerc,LEC,16,Charles Leclerc,1997-10-16,Monegasque,ferrari,Ferrari,Italian,4,4,2,57,Finished,12,4,36,1:36.132,
2025,4,2025_4,Bahrain Grand Prix,2025-04-13,hamilton,HAM,44,Lewis Hamilton,1985-01-07,British,ferrari,Ferrari,Italian,5,5,9,57,Finished,10,6,37,1:36.235,
2025,4,2025_4,Bahrain Grand Prix,2025-04-13,max_verstappen,VER,3,Max Verstappen,1997-09-30,Dutch,red_bull,Red Bull,Austrian,6,6,7,57,Finished,8,5,29,1:36.167,
2025,4,2025_4,Bahrain Grand Prix,2025-04-13,gasly,GAS,10,Pierre Gasly,1996-02-07,French,alpine,Alpine F1 Team,French,7,7,4,57,Finished,6,7,39,1:36.531,
2025,4,2025_4,Bahrain Grand Prix,2025-04-13,ocon,OCO,31,Esteban Ocon,1996-09-17,French,haas,Haas F1 Team,American,8,8,14,57,Finished,4,12,30,1:37.098,
2025,4,2025_4,Bahrain Grand Prix,2025-04-13,tsunoda,TSU,22,Yuki Tsunoda,2000-05-11,Japanese,red_bull,Red Bull,Austrian,9,9,10,57,Finished,2,14,45,1:37.225,
2025,4,2025_4,Bahrain Grand Prix,2025-04-13,bearman,BEA,87,Oliver Bearman,2005-05-08,British,haas,Haas F1 Team,American,10,10,20,57,Finished,1,15,40,1:37.303,
2025,4,2025_4,Bahrain Grand Prix,2025-04-13,antonelli,ANT,12,Andrea Kimi Antonelli,2006-08-25,Italian,mercedes,Mercedes,German,11,11,5,57,Finished,0,9,29,1:36.690,
2025,4,2025_4,Bahrain Grand Prix,2025-04-13,albon,ALB,23,Alexander Albon,1996-03-23,Thai,williams,Williams,British,12,12,15,57,Finished,0,13,47,1:37.141,
2025,4,2025_4,Bahrain Grand Prix,2025-04-13,hadjar,HAD,6,Isack Hadjar,2004-09-28,French,rb,RB F1 Team,Italian,13,13,12,57,Finished,0,10,30,1:36.952,
2025,4,2025_4,Bahrain Grand Prix,2025-04-13,doohan,DOO,7,Jack Doohan,2003-01-20,Australian,alpine,Alpine F1 Team,French,14,14,11,57,Finished,0,8,31,1:36.682,
2025,4,2025_4,Bahrain Grand Prix,2025-04-13,alonso,ALO,14,Fernando Alonso,1981-07-29,Spanish,aston_martin,Aston Martin,British,15,15,13,57,Finished,0,17,38,1:37.906,
2025,4,2025_4,Bahrain Grand Prix,2025-04-13,lawson,LAW,30,Liam Lawson,2002-02-11,New Zealander,rb,RB F1 Team,Italian,16,16,17,57,Finished,0,16,44,1:37.380,
2025,4,2025_4,Bahrain Grand Prix,2025-04-13,stroll,STR,18,Lance Stroll,1998-10-29,Canadian,aston_martin,Aston Martin,British,17,17,19,57,Finished,0,19,38,1:38.064,
2025,4,2025_4,Bahrain Grand Prix,2025-04-13,bortoleto,BOR,5,Gabriel Bortoleto,2004-10-14,Brazilian,sauber,Sauber,Swiss,18,18,18,57,Finished,0,18,38,1:38.006,
2025,4,2025_4,Bahrain Grand Prix,2025-04-13,sainz,SAI,55,Carlos Sainz,1994-09-01,Spanish,williams,Williams,British,19,R,8,45,Retired,0,11,16,1:36.954,
2025,4,2025_4,Bahrain Grand Prix,2025-04-13,hulkenberg,HUL,27,Nico Hülkenberg,1987-08-19,German,sauber,Sauber,Swiss,20,D,16,0,Disqualified,0,,,,
2025,5,2025_5,Saudi Arabian Grand Prix,2025-04-20,piastri,PIA,81,Oscar Piastri,2001-04-06,Australian,mclaren,McLaren,British,1,1,2,50,Finished,25,3,50,1:32.228,
2025,5,2025_5,Saudi Arabian Grand Prix,2025-04-20,max_verstappen,VER,3,Max Verstappen,1997-09-30,Dutch,red_bull,Red Bull,Austrian,2,2,1,50,Finished,18,4,49,1:32.280,
2025,5,2025_5,Saudi Arabian Grand Prix,2025-04-20,leclerc,LEC,16,Charles Leclerc,1997-10-16,Monegasque,ferrari,Ferrari,Italian,3,3,4,50,Finished,15,2,49,1:32.192,
2025,5,2025_5,Saudi Arabian Grand Prix,2025-04-20,norris,NOR,1,Lando Norris,1999-11-13,British,mclaren,McLaren,British,4,4,10,50,Finished,12,1,41,1:31.778,
2025,5,2025_5,Saudi Arabian Grand Prix,2025-04-20,russell,RUS,63,George Russell,1998-02-15,British,mercedes,Mercedes,German,5,5,3,50,Finished,10,9,32,1:32.893,
2025,5,2025_5,Saudi Arabian Grand Prix,2025-04-20,antonelli,ANT,12,Andrea Kimi Antonelli,2006-08-25,Italian,mercedes,Mercedes,German,6,6,5,50,Finished,8,5,50,1:32.396,
2025,5,2025_5,Saudi Arabian Grand Prix,2025-04-20,hamilton,HAM,44,Lewis Hamilton,1985-01-07,British,ferrari,Ferrari,Italian,7,7,7,50,Finished,6,7,43,1:32.600,
2025,5,2025_5,Saudi Arabian Grand Prix,2025-04-20,sainz,SAI,55,Carlos Sainz,1994-09-01,Spanish,williams,Williams,British,8,8,6,50,Finished,4,6,50,1:32.466,
2025,5,2025_5,Saudi Arabian Grand Prix,2025-04-20,albon,ALB,23,Alexander Albon,1996-03-23,Thai,williams,Williams,British,9,9,11,50,Finished,2,16,47,1:33.477,
2025,5,2025_5,Saudi Arabian Grand Prix,2025-04-20,hadjar,HAD,6,Isack Hadjar,2004-09-28,French,rb,RB F1 Team,Italian,10,10,14,50,Finished,1,14,39,1:33.257,
2025,5,2025_5,Saudi Arabian Grand Prix,2025-04-20,alonso,ALO,14,Fernando Alonso,1981-07-29,Spanish,aston_martin,Aston Martin,British,11,11,13,50,Finished,0,11,49,1:33.009,
2025,5,2025_5,Saudi Arabian Grand Prix,2025-04-20,lawson,LAW,30,Liam Lawson,2002-02-11,New Zealander,rb,RB F1 Team,Italian,12,12,12,50,Finished,0,10,43,1:32.998,
2025,5,2025_5,Saudi Arabian Grand Prix,2025-04-20,bearman,BEA,87,Oliver Bearman,2005-05-08,British,haas,Haas F1 Team,American,13,13,15,50,Finished,0,13,50,1:33.238,
2025,5,2025_5,Saudi Arabian Grand Prix,2025-04-20,ocon,OCO,31,Esteban Ocon,1996-09-17,French,haas,Haas F1 Team,American,14,14,19,50,Finished,0,17,47,1:34.309,
2025,5,2025_5,Saudi Arabian Grand Prix,2025-04-20,hulkenberg,HUL,27,Nico Hülkenberg,1987-08-19,German,sauber,Sauber,Swiss,15,15,18,49,Lapped,0,15,39,1:33.446,
2025,5,2025_5,Saudi Arabian Grand Prix,2025-04-20,stroll,STR,18,Lance Stroll,1998-10-29,Canadian,aston_martin,Aston Martin,British,16,16,16,49,Lapped,0,8,44,1:32.745,
2025,5,2025_5,Saudi Arabian Grand Prix,2025-04-20,doohan,DOO,7,Jack Doohan,2003-01-20,Australian,alpine,Alpine F1 Team,French,17,17,17,49,Lapped,0,12,48,1:33.150,
2025,5,2025_5,Saudi Arabian Grand Prix,2025-04-20,bortoleto,BOR,5,Gabriel Bortoleto,2004-10-14,Brazilian,sauber,Sauber,Swiss,18,18,20,49,Lapped,0,18,39,1:34.447,
2025,5,2025_5,Saudi Arabian Grand Prix,2025-04-20,tsunoda,TSU,22,Yuki Tsunoda,2000-05-11,Japanese,red_bull,Red Bull,Austrian,19,R,8,1,Retired,0,,,,
2025,5,2025_5,Saudi Arabian Grand Prix,2025-04-20,gasly,GAS,10,Pierre Gasly,1996-02-07,French,alpine,Alpine F1 Team,French,20,R,9,0,Retired,0,,,,
2025,6,2025_6,Miami Grand Prix,2025-05-04,piastri,PIA,81,Oscar Piastri,2001-04-06,Australian,mclaren,McLaren,British,1,1,4,57,Finished,25,2,35,1:29.822,
2025,6,2025_6,Miami Grand Prix,2025-05-04,norris,NOR,1,Lando Norris,1999-11-13,British,mclaren,McLaren,British,2,2,2,57,Finished,18,1,36,1:29.746,
2025,6,2025_6,Miami Grand Prix,2025-05-04,russell,RUS,63,George Russell,1998-02-15,British,mercedes,Mercedes,German,3,3,5,57,Finished,15,3,31,1:30.318,
2025,6,2025_6,Miami Grand Prix,2025-05-04,max_verstappen,VER,3,Max Verstappen,1997-09-30,Dutch,red_bull,Red Bull,Austrian,4,4,1,57,Finished,12,5,41,1:30.466,
2025,6,2025_6,Miami Grand Prix,2025-05-04,albon,ALB,23,Alexander Albon,1996-03-23,Thai,williams,Williams,British,5,5,7,57,Finished,10,6,55,1:30.482,
2025,6,2025_6,Miami Grand Prix,2025-05-04,antonelli,ANT,12,Andrea Kimi Antonelli,2006-08-25,Italian,mercedes,Mercedes,German,6,6,3,57,Finished,8,9,27,1:30.795,
2025,6,2025_6,Miami Grand Prix,2025-05-04,leclerc,LEC,16,Charles Leclerc,1997-10-16,Monegasque,ferrari,Ferrari,Italian,7,7,8,57,Finished,6,4,35,1:30.461,
2025,6,2025_6,Miami Grand Prix,2025-05-04,hamilton,HAM,44,Lewis Hamilton,1985-01-07,British,ferrari,Ferrari,Italian,8,8,12,57,Finished,4,7,35,1:30.562,
2025,6,2025_6,Miami Grand Prix,2025-05-04,sainz,SAI,55,Carlos Sainz,1994-09-01,Spanish,williams,Williams,British,9,9,6,57,Finished,2,8,35,1:30.703,
2025,6,2025_6,Miami Grand Prix,2025-05-04,tsunoda,TSU,22,Yuki Tsunoda,2000-05-11,Japanese,red_bull,Red Bull,Austrian,10,10,10,57,Finished,1,10,55,1:30.964,
2025,6,2025_6,Miami Grand Prix,2025-05-04,hadjar,HAD,6,Isack Hadjar,2004-09-28,French,rb,RB F1 Team,Italian,11,11,11,57,Finished,0,11,51,1:30.971,
2025,6,2025_6,Miami Grand Prix,2025-05-04,ocon,OCO,31,Esteban Ocon,1996-09-17,French,haas,Haas F1 Team,American,12,12,9,57,Finished,0,13,30,1:31.122,
2025,6,2025_6,Miami Grand Prix,2025-05-04,gasly,GAS,10,Pierre Gasly,1996-02-07,French,alpine,Alpine F1 Team,French,13,13,20,57,Finished,0,14,35,1:31.159,
2025,6,2025_6,Miami Grand Prix,2025-05-04,hulkenberg,HUL,27,Nico Hülkenberg,1987-08-19,German,sauber,Sauber,Swiss,14,14,16,56,Lapped,0,12,43,1:31.015,
2025,6,2025_6,Miami Grand Prix,2025-05-04,alonso,ALO,14,Fernando Alonso,1981-07-29,Spanish,aston_martin,Aston Martin,British,15,15,17,56,Lapped,0,15,38,1:31.287,
2025,6,2025_6,Miami Grand Prix,2025-05-04,stroll,STR,18,Lance Stroll,1998-10-29,Canadian,aston_martin,Aston Martin,British,16,16,18,56,Lapped,0,16,50,1:31.769,
2025,6,2025_6,Miami Grand Prix,2025-05-04,lawson,LAW,30,Liam Lawson,2002-02-11,New Zealander,rb,RB F1 Team,Italian,17,R,15,36,Retired,0,17,30,1:31.770,
2025,6,2025_6,Miami Grand Prix,2025-05-04,bortoleto,BOR,5,Gabriel Bortoleto,2004-10-14,Brazilian,sauber,Sauber,Swiss,18,R,13,30,Retired,0,18,21,1:32.328,
2025,6,2025_6,Miami Grand Prix,2025-05-04,bearman,BEA,87,Oliver Bearman,2005-05-08,British,haas,Haas F1 Team,American,19,R,19,27,Retired,0,19,24,1:32.680,
2025,6,2025_6,Miami Grand Prix,2025-05-04,doohan,DOO,7,Jack Doohan,2003-01-20,Australian,alpine,Alpine F1 Team,French,20,R,14,0,Retired,0,,,,
2025,7,2025_7,Emilia Romagna Grand Prix,2025-05-18,max_verstappen,VER,3,Max Verstappen,1997-09-30,Dutch,red_bull,Red Bull,Austrian,1,1,2,63,Finished,25,1,58,1:17.988,
2025,7,2025_7,Emilia Romagna Grand Prix,2025-05-18,norris,NOR,1,Lando Norris,1999-11-13,British,mclaren,McLaren,British,2,2,4,63,Finished,18,4,63,1:18.311,
2025,7,2025_7,Emilia Romagna Grand Prix,2025-05-18,piastri,PIA,81,Oscar Piastri,2001-04-06,Australian,mclaren,McLaren,British,3,3,1,63,Finished,15,5,56,1:18.894,
2025,7,2025_7,Emilia Romagna Grand Prix,2025-05-18,hamilton,HAM,44,Lewis Hamilton,1985-01-07,British,ferrari,Ferrari,Italian,4,4,12,63,Finished,12,2,61,1:18.265,
2025,7,2025_7,Emilia Romagna Grand Prix,2025-05-18,albon,ALB,23,Alexander Albon,1996-03-23,Thai,williams,Williams,British,5,5,7,63,Finished,10,3,63,1:18.289,
2025,7,2025_7,Emilia Romagna Grand Prix,2025-05-18,leclerc,LEC,16,Charles Leclerc,1997-10-16,Monegasque,ferrari,Ferrari,Italian,6,6,11,63,Finished,8,6,56,1:19.048,
2025,7,2025_7,Emilia Romagna Grand Prix,2025-05-18,russell,RUS,63,George Russell,1998-02-15,British,mercedes,Mercedes,German,7,7,3,63,Finished,6,9,55,1:19.733,
2025,7,2025_7,Emilia Romagna Grand Prix,2025-05-18,sainz,SAI,55,Carlos Sainz,1994-09-01,Spanish,williams,Williams,British,8,8,6,63,Finished,4,10,58,1:19.836,
2025,7,2025_7,Emilia Romagna Grand Prix,2025-05-18,hadjar,HAD,6,Isack Hadjar,2004-09-28,French,rb,RB F1 Team,Italian,9,9,9,63,Finished,2,7,60,1:19.473,
2025,7,2025_7,Emilia Romagna Grand Prix,2025-05-18,tsunoda,TSU,22,Yuki Tsunoda,2000-05-11,Japanese,red_bull,Red Bull,Austrian,10,10,20,63,Finished,1,12,60,1:20.039,
2025,7,2025_7,Emilia Romagna Grand Prix,2025-05-18,alonso,ALO,14,Fernando Alonso,1981-07-29,Spanish,aston_martin,Aston Martin,British,11,11,5,63,Finished,0,11,61,1:19.894,
2025,7,2025_7,Emilia Romagna Grand Prix,2025-05-18,hulkenberg,HUL,27,Nico Hülkenberg,1987-08-19,German,sauber,Sauber,Swiss,12,12,17,63,Finished,0,15,62,1:20.401,
2025,7,2025_7,Emilia Romagna Grand Prix,2025-05-18,gasly,GAS,10,Pierre Gasly,1996-02-07,French,alpine,Alpine F1 Team,French,13,13,10,63,Finished,0,14,58,1:20.398,
2025,7,2025_7,Emilia Romagna Grand Prix,2025-05-18,lawson,LAW,30,Liam Lawson,2002-02-11,New Zealander,rb,RB F1 Team,Italian,14,14,15,63,Finished,0,16,60,1:20.473,
2025,7,2025_7,Emilia Romagna Grand Prix,2025-05-18,stroll,STR,18,Lance Stroll,1998-10-29,Canadian,aston_martin,Aston Martin,British,15,15,8,63,Finished,0,17,58,1:20.501,
2025,7,2025_7,Emilia Romagna Grand Prix,2025-05-18,colapinto,COL,43,Franco Colapinto,2003-05-27,Argentine,alpine,Alpine F1 Team,French,16,16,16,63,Finished,0,13,57,1:20.345,
2025,7,2025_7,Emilia Romagna Grand Prix,2025-05-18,bearman,BEA,87,Oliver Bearman,2005-05-08,British,haas,Haas F1 Team,American,17,17,19,63,Finished,0,8,52,1:19.521,
2025,7,2025_7,Emilia Romagna Grand Prix,2025-05-18,bortoleto,BOR,5,Gabriel Bortoleto,2004-10-14,Brazilian,sauber,Sauber,Swiss,18,18,14,63,Finished,0,19,57,1:20.630,
2025,7,2025_7,Emilia Romagna Grand Prix,2025-05-18,antonelli,ANT,12,Andrea Kimi Antonelli,2006-08-25,Italian,mercedes,Mercedes,German,19,R,13,44,Retired,0,18,33,1:20.620,
2025,7,2025_7,Emilia Romagna Grand Prix,2025-05-18,ocon,OCO,31,Esteban Ocon,1996-09-17,French,haas,Haas F1 Team,American,20,R,18,27,Retired,0,20,3,1:21.413,
2025,8,2025_8,Monaco Grand Prix,2025-05-25,norris,NOR,1,Lando Norris,1999-11-13,British,mclaren,McLaren,British,1,1,1,78,Finished,25,1,78,1:13.221,
2025,8,2025_8,Monaco Grand Prix,2025-05-25,leclerc,LEC,16,Charles Leclerc,1997-10-16,Monegasque,ferrari,Ferrari,Italian,2,2,2,78,Finished,18,6,36,1:14.055,
2025,8,2025_8,Monaco Grand Prix,2025-05-25,piastri,PIA,81,Oscar Piastri,2001-04-06,Australian,mclaren,McLaren,British,3,3,3,78,Finished,15,4,60,1:13.745,
2025,8,2025_8,Monaco Grand Prix,2025-05-25,max_verstappen,VER,3,Max Verstappen,1997-09-30,Dutch,red_bull,Red Bull,Austrian,4,4,4,78,Finished,12,8,45,1:14.230,
2025,8,2025_8,Monaco Grand Prix,2025-05-25,hamilton,HAM,44,Lewis Hamilton,1985-01-07,British,ferrari,Ferrari,Italian,5,5,7,78,Finished,10,7,73,1:14.090,
2025,8,2025_8,Monaco Grand Prix,2025-05-25,hadjar,HAD,6,Isack Hadjar,2004-09-28,French,rb,RB F1 Team,Italian,6,6,5,77,Lapped,8,19,16,1:15.981,
2025,8,2025_8,Monaco Grand Prix,2025-05-25,ocon,OCO,31,Esteban Ocon,1996-09-17,French,haas,Haas F1 Team,American,7,7,8,77,Lapped,6,14,34,1:15.157,
2025,8,2025_8,Monaco Grand Prix,2025-05-25,lawson,LAW,30,Liam Lawson,2002-02-11,New Zealander,rb,RB F1 Team,Italian,8,8,9,77,Lapped,4,17,54,1:15.321,
2025,8,2025_8,Monaco Grand Prix,2025-05-25,albon,ALB,23,Alexander Albon,1996-03-23,Thai,williams,Williams,British,9,9,10,76,Lapped,2,9,74,1:14.597,
2025,8,2025_8,Monaco Grand Prix,2025-05-25,sainz,SAI,55,Carlos Sainz,1994-09-01,Spanish,williams,Williams,British,10,10,11,76,Lapped,1,5,68,1:13.988,
2025,8,2025_8,Monaco Grand Prix,2025-05-25,russell,RUS,63,George Russell,1998-02-15,British,mercedes,Mercedes,German,11,11,14,76,Lapped,0,2,74,1:13.405,
2025,8,2025_8,Monaco Grand Prix,2025-05-25,bearman,BEA,87,Oliver Bearman,2005-05-08,British,haas,Haas F1 Team,American,12,12,20,76,Lapped,0,10,6,1:14.855,
2025,8,2025_8,Monaco Grand Prix,2025-05-25,colapinto,COL,43,Franco Colapinto,2003-05-27,Argentine,alpine,Alpine F1 Team,French,13,13,18,76,Lapped,0,16,30,1:15.298,
2025,8,2025_8,Monaco Grand Prix,2025-05-25,bortoleto,BOR,5,Gabriel Bortoleto,2004-10-14,Brazilian,sauber,Sauber,Swiss,14,14,16,76,Lapped,0,12,37,1:14.884,
2025,8,2025_8,Monaco Grand Prix,2025-05-25,stroll,STR,18,Lance Stroll,1998-10-29,Canadian,aston_martin,Aston Martin,British,15,15,19,76,Lapped,0,11,67,1:14.877,
2025,8,2025_8,Monaco Grand Prix,2025-05-25,hulkenberg,HUL,27,Nico Hülkenberg,1987-08-19,German,sauber,Sauber,Swiss,16,16,13,76,Lapped,0,15,47,1:15.223,
2025,8,2025_8,Monaco Grand Prix,2025-05-25,tsunoda,TSU,22,Yuki Tsunoda,2000-05-11,Japanese,red_bull,Red Bull,Austrian,17,17,12,76,Lapped,0,13,75,1:14.913,
2025,8,2025_8,Monaco Grand Prix,2025-05-25,antonelli,ANT,12,Andrea Kimi Antonelli,2006-08-25,Italian,mercedes,Mercedes,German,18,18,15,75,Lapped,0,3,74,1:13.518,
2025,8,2025_8,Monaco Grand Prix,2025-05-25,alonso,ALO,14,Fernando Alonso,1981-07-29,Spanish,aston_martin,Aston Martin,British,19,R,6,36,Retired,0,18,15,1:15.593,
2025,8,2025_8,Monaco Grand Prix,2025-05-25,gasly,GAS,10,Pierre Gasly,1996-02-07,French,alpine,Alpine F1 Team,French,20,R,17,7,Retired,0,20,6,1:18.054,
2025,9,2025_9,Spanish Grand Prix,2025-06-01,piastri,PIA,81,Oscar Piastri,2001-04-06,Australian,mclaren,McLaren,British,1,1,1,66,Finished,25,1,61,1:15.743,
2025,9,2025_9,Spanish Grand Prix,2025-06-01,norris,NOR,1,Lando Norris,1999-11-13,British,mclaren,McLaren,British,2,2,2,66,Finished,18,2,61,1:16.187,
2025,9,2025_9,Spanish Grand Prix,2025-06-01,leclerc,LEC,16,Charles Leclerc,1997-10-16,Monegasque,ferrari,Ferrari,Italian,3,3,7,66,Finished,15,5,62,1:17.259,
2025,9,2025_9,Spanish Grand Prix,2025-06-01,russell,RUS,63,George Russell,1998-02-15,British,mercedes,Mercedes,German,4,4,4,66,Finished,12,4,62,1:17.244,
2025,9,2025_9,Spanish Grand Prix,2025-06-01,hulkenberg,HUL,27,Nico Hülkenberg,1987-08-19,German,sauber,Sauber,Swiss,5,5,15,66,Finished,10,6,63,1:17.575,
2025,9,2025_9,Spanish Grand Prix,2025-06-01,hamilton,HAM,44,Lewis Hamilton,1985-01-07,British,ferrari,Ferrari,Italian,6,6,5,66,Finished,8,7,62,1:17.706,
2025,9,2025_9,Spanish Grand Prix,2025-06-01,hadjar,HAD,6,Isack Hadjar,2004-09-28,French,rb,RB F1 Team,Italian,7,7,9,66,Finished,6,8,63,1:17.770,
2025,9,2025_9,Spanish Grand Prix,2025-06-01,gasly,GAS,10,Pierre Gasly,1996-02-07,French,alpine,Alpine F1 Team,French,8,8,8,66,Finished,4,9,63,1:17.896,
2025,9,2025_9,Spanish Grand Prix,2025-06-01,alonso,ALO,14,Fernando Alonso,1981-07-29,Spanish,aston_martin,Aston Martin,British,9,9,10,66,Finished,2,11,66,1:18.128,
2025,9,2025_9,Spanish Grand Prix,2025-06-01,max_verstappen,VER,3,Max Verstappen,1997-09-30,Dutch,red_bull,Red Bull,Austrian,10,10,3,66,Finished,1,3,62,1:17.019,
2025,9,2025_9,Spanish Grand Prix,2025-06-01,lawson,LAW,30,Liam Lawson,2002-02-11,New Zealander,rb,RB F1 Team,Italian,11,11,13,66,Finished,0,18,62,1:19.424,
2025,9,2025_9,Spanish Grand Prix,2025-06-01,bortoleto,BOR,5,Gabriel Bortoleto,2004-10-14,Brazilian,sauber,Sauber,Swiss,12,12,12,66,Finished,0,13,51,1:18.297,
2025,9,2025_9,Spanish Grand Prix,2025-06-01,tsunoda,TSU,22,Yuki Tsunoda,2000-05-11,Japanese,red_bull,Red Bull,Austrian,13,13,19,66,Finished,0,10,46,1:17.998,
2025,9,2025_9,Spanish Grand Prix,2025-06-01,sainz,SAI,55,Carlos Sainz,1994-09-01,Spanish,williams,Williams,British,14,14,17,66,Finished,0,17,65,1:19.317,
2025,9,2025_9,Spanish Grand Prix,2025-06-01,colapinto,COL,43,Franco Colapinto,2003-05-27,Argentine,alpine,Alpine F1 Team,French,15,15,18,66,Finished,0,14,41,1:18.353,
2025,9,2025_9,Spanish Grand Prix,2025-06-01,ocon,OCO,31,Esteban Ocon,1996-09-17,French,haas,Haas F1 Team,American,16,16,16,66,Finished,0,15,46,1:18.624,
2025,9,2025_9,Spanish Grand Prix,2025-06-01,bearman,BEA,87,Oliver Bearman,2005-05-08,British,haas,Haas F1 Team,American,17,17,14,66,Finished,0,16,63,1:18.907,
2025,9,2025_9,Spanish Grand Prix,2025-06-01,antonelli,ANT,12,Andrea Kimi Antonelli,2006-08-25,Italian,mercedes,Mercedes,German,18,R,6,53,Retired,0,12,52,1:18.255,
2025,9,2025_9,Spanish Grand Prix,2025-06-01,albon,ALB,23,Alexander Albon,1996-03-23,Thai,williams,Williams,British,19,R,11,27,Retired,0,19,9,1:20.508,
2025,10,2025_10,Canadian Grand Prix,2025-06-15,russell,RUS,63,George Russell,1998-02-15,British,mercedes,Mercedes,German,1,1,1,70,Finished,25,1,63,1:14.119,
2025,10,2025_10,Canadian Grand Prix,2025-06-15,max_verstappen,VER,3,Max Verstappen,1997-09-30,Dutch,red_bull,Red Bull,Austrian,2,2,2,70,Finished,18,5,62,1:14.287,
2025,10,2025_10,Canadian Grand Prix,2025-06-15,antonelli,ANT,12,Andrea Kimi Antonelli,2006-08-25,Italian,mercedes,Mercedes,German,3,3,4,70,Finished,15,7,60,1:14.455,
2025,10,2025_10,Canadian Grand Prix,2025-06-15,piastri,PIA,81,Oscar Piastri,2001-04-06,Australian,mclaren,McLaren,British,4,4,3,70,Finished,12,3,64,1:14.255,
2025,10,2025_10,Canadian Grand Prix,2025-06-15,leclerc,LEC,16,Charles Leclerc,1997-10-16,Monegasque,ferrari,Ferrari,Italian,5,5,8,70,Finished,10,4,57,1:14.261,
2025,10,2025_10,Canadian Grand Prix,2025-06-15,hamilton,HAM,44,Lewis Hamilton,1985-01-07,British,ferrari,Ferrari,Italian,6,6,5,70,Finished,8,9,64,1:14.805,
2025,10,2025_10,Canadian Grand Prix,2025-06-15,alonso,ALO,14,Fernando Alonso,1981-07-29,Spanish,aston_martin,Aston Martin,British,7,7,6,70,Finished,6,12,58,1:15.024,
2025,10,2025_10,Canadian Grand Prix,2025-06-15,hulkenberg,HUL,27,Nico Hülkenberg,1987-08-19,German,sauber,Sauber,Swiss,8,8,11,70,Finished,4,14,65,1:15.372,
2025,10,2025_10,Canadian Grand Prix,2025-06-15,ocon,OCO,31,Esteban Ocon,1996-09-17,French,haas,Haas F1 Team,American,9,9,14,69,Lapped,2,8,61,1:14.593,
2025,10,2025_10,Canadian Grand Prix,2025-06-15,sainz,SAI,55,Carlos Sainz,1994-09-01,Spanish,williams,Williams,British,10,10,16,69,Lapped,1,6,59,1:14.389,
2025,10,2025_10,Canadian Grand Prix,2025-06-15,bearman,BEA,87,Oliver Bearman,2005-05-08,British,haas,Haas F1 Team,American,11,11,13,69,Lapped,0,15,62,1:15.397,
2025,10,2025_10,Canadian Grand Prix,2025-06-15,tsunoda,TSU,22,Yuki Tsunoda,2000-05-11,Japanese,red_bull,Red Bull,Austrian,12,12,18,69,Lapped,0,13,59,1:15.358,
2025,10,2025_10,Canadian Grand Prix,2025-06-15,colapinto,COL,43,Franco Colapinto,2003-05-27,Argentine,alpine,Alpine F1 Team,French,13,13,10,69,Lapped,0,17,53,1:16.076,
2025,10,2025_10,Canadian Grand Prix,2025-06-15,bortoleto,BOR,5,Gabriel Bortoleto,2004-10-14,Brazilian,sauber,Sauber,Swiss,14,14,15,69,Lapped,0,16,56,1:15.414,
2025,10,2025_10,Canadian Grand Prix,2025-06-15,gasly,GAS,10,Pierre Gasly,1996-02-07,French,alpine,Alpine F1 Team,French,15,15,20,69,Lapped,0,11,63,1:14.993,
2025,10,2025_10,Canadian Grand Prix,2025-06-15,hadjar,HAD,6,Isack Hadjar,2004-09-28,French,rb,RB F1 Team,Italian,16,16,12,69,Lapped,0,19,51,1:16.292,
2025,10,2025_10,Canadian Grand Prix,2025-06-15,stroll,STR,18,Lance Stroll,1998-10-29,Canadian,aston_martin,Aston Martin,British,17,17,17,69,Lapped,0,10,57,1:14.902,
2025,10,2025_10,Canadian Grand Prix,2025-06-15,norris,NOR,1,Lando Norris,1999-11-13,British,mclaren,McLaren,British,18,18,7,66,Retired,0,2,65,1:14.229,
2025,10,2025_10,Canadian Grand Prix,2025-06-15,lawson,LAW,30,Liam Lawson,2002-02-11,New Zealander,rb,RB F1 Team,Italian,19,R,19,53,Retired,0,20,52,1:16.320,
2025,10,2025_10,Canadian Grand Prix,2025-06-15,albon,ALB,23,Alexander Albon,1996-03-23,Thai,williams,Williams,British,20,R,9,46,Retired,0,18,31,1:16.197,
2025,11,2025_11,Austrian Grand Prix,2025-06-29,norris,NOR,1,Lando Norris,1999-11-13,British,mclaren,McLaren,British,1,1,1,70,Finished,25,2,61,1:08.272,
2025,11,2025_11,Austrian Grand Prix,2025-06-29,piastri,PIA,81,Oscar Piastri,2001-04-06,Australian,mclaren,McLaren,British,2,2,3,70,Finished,18,1,59,1:07.924,
2025,11,2025_11,Austrian Grand Prix,2025-06-29,leclerc,LEC,16,Charles Leclerc,1997-10-16,Monegasque,ferrari,Ferrari,Italian,3,3,2,70,Finished,15,4,56,1:08.765,
2025,11,2025_11,Austrian Grand Prix,2025-06-29,hamilton,HAM,44,Lewis Hamilton,1985-01-07,British,ferrari,Ferrari,Italian,4,4,4,70,Finished,12,3,53,1:08.628,
2025,11,2025_11,Austrian Grand Prix,2025-06-29,russell,RUS,63,George Russell,1998-02-15,British,mercedes,Mercedes,German,5,5,5,70,Finished,10,7,47,1:09.372,
2025,11,2025_11,Austrian Grand Prix,2025-06-29,lawson,LAW,30,Liam Lawson,2002-02-11,New Zealander,rb,RB F1 Team,Italian,6,6,6,70,Finished,8,14,58,1:09.977,
2025,11,2025_11,Austrian Grand Prix,2025-06-29,alonso,ALO,14,Fernando Alonso,1981-07-29,Spanish,aston_martin,Aston Martin,British,7,7,11,69,Lapped,6,12,39,1:09.935,
2025,11,2025_11,Austrian Grand Prix,2025-06-29,bortoleto,BOR,5,Gabriel Bortoleto,2004-10-14,Brazilian,sauber,Sauber,Swiss,8,8,8,69,Lapped,4,6,60,1:09.247,
2025,11,2025_11,Austrian Grand Prix,2025-06-29,hulkenberg,HUL,27,Nico Hülkenberg,1987-08-19,German,sauber,Sauber,Swiss,9,9,20,69,Lapped,2,8,57,1:09.459,
2025,11,2025_11,Austrian Grand Prix,2025-06-29,ocon,OCO,31,Esteban Ocon,1996-09-17,French,haas,Haas F1 Team,American,10,10,17,69,Lapped,1,9,55,1:09.550,
2025,11,2025_11,Austrian Grand Prix,2025-06-29,bearman,BEA,87,Oliver Bearman,2005-05-08,British,haas,Haas F1 Team,American,11,11,15,69,Lapped,0,13,42,1:09.960,
2025,11,2025_11,Austrian Grand Prix,2025-06-29,hadjar,HAD,6,Isack Hadjar,2004-09-28,French,rb,RB F1 Team,Italian,12,12,13,69,Lapped,0,16,40,1:10.204,
2025,11,2025_11,Austrian Grand Prix,2025-06-29,gasly,GAS,10,Pierre Gasly,1996-02-07,French,alpine,Alpine F1 Team,French,13,13,10,69,Lapped,0,15,46,1:10.151,
2025,11,2025_11,Austrian Grand Prix,2025-06-29,stroll,STR,18,Lance Stroll,1998-10-29,Canadian,aston_martin,Aston Martin,British,14,14,16,69,Lapped,0,5,55,1:09.214,
2025,11,2025_11,Austrian Grand Prix,2025-06-29,colapinto,COL,43,Franco Colapinto,2003-05-27,Argentine,alpine,Alpine F1 Team,French,15,15,14,69,Lapped,0,10,44,1:09.621,
2025,11,2025_11,Austrian Grand Prix,2025-06-29,tsunoda,TSU,22,Yuki Tsunoda,2000-05-11,Japanese,red_bull,Red Bull,Austrian,16,16,18,68,Lapped,0,11,62,1:09.802,
2025,11,2025_11,Austrian Grand Prix,2025-06-29,albon,ALB,23,Alexander Albon,1996-03-23,Thai,williams,Williams,British,17,R,12,15,Retired,0,17,9,1:10.641,
2025,11,2025_11,Austrian Grand Prix,2025-06-29,max_verstappen,VER,3,Max Verstappen,1997-09-30,Dutch,red_bull,Red Bull,Austrian,18,R,7,0,Retired,0,,,,
2025,11,2025_11,Austrian Grand Prix,2025-06-29,antonelli,ANT,12,Andrea Kimi Antonelli,2006-08-25,Italian,mercedes,Mercedes,German,19,R,9,0,Retired,0,,,,
2025,11,2025_11,Austrian Grand Prix,2025-06-29,sainz,SAI,55,Carlos Sainz,1994-09-01,Spanish,williams,Williams,British,20,W,19,0,Did not start,0,,,,
2025,12,2025_12,British Grand Prix,2025-07-06,norris,NOR,1,Lando Norris,1999-11-13,British,mclaren,McLaren,British,1,1,3,52,Finished,25,2,48,1:29.734,
2025,12,2025_12,British Grand Prix,2025-07-06,piastri,PIA,81,Oscar Piastri,2001-04-06,Australian,mclaren,McLaren,British,2,2,2,52,Finished,18,1,51,1:29.337,
2025,12,2025_12,British Grand Prix,2025-07-06,hulkenberg,HUL,27,Nico Hülkenberg,1987-08-19,German,sauber,Sauber,Swiss,3,3,19,52,Finished,15,14,51,1:30.933,
2025,12,2025_12,British Grand Prix,2025-07-06,hamilton,HAM,44,Lewis Hamilton,1985-01-07,British,ferrari,Ferrari,Italian,4,4,5,52,Finished,12,3,49,1:30.016,
2025,12,2025_12,British Grand Prix,2025-07-06,max_verstappen,VER,3,Max Verstappen,1997-09-30,Dutch,red_bull,Red Bull,Austrian,5,5,1,52,Finished,10,5,49,1:30.179,
2025,12,2025_12,British Grand Prix,2025-07-06,gasly,GAS,10,Pierre Gasly,1996-02-07,French,alpine,Alpine F1 Team,French,6,6,8,52,Finished,8,8,48,1:30.751,
2025,12,2025_12,British Grand Prix,2025-07-06,stroll,STR,18,Lance Stroll,1998-10-29,Canadian,aston_martin,Aston Martin,British,7,7,17,52,Finished,6,15,50,1:32.088,
2025,12,2025_12,British Grand Prix,2025-07-06,albon,ALB,23,Alexander Albon,1996-03-23,Thai,williams,Williams,British,8,8,13,52,Finished,4,4,50,1:30.047,
2025,12,2025_12,British Grand Prix,2025-07-06,alonso,ALO,14,Fernando Alonso,1981-07-29,Spanish,aston_martin,Aston Martin,British,9,9,7,52,Finished,2,6,49,1:30.353,
2025,12,2025_12,British Grand Prix,2025-07-06,russell,RUS,63,George Russell,1998-02-15,British,mercedes,Mercedes,German,10,10,4,52,Finished,1,11,51,1:30.869,
2025,12,2025_12,British Grand Prix,2025-07-06,bearman,BEA,87,Oliver Bearman,2005-05-08,British,haas,Haas F1 Team,American,11,11,18,52,Finished,0,13,50,1:30.921,
2025,12,2025_12,British Grand Prix,2025-07-06,sainz,SAI,55,Carlos Sainz,1994-09-01,Spanish,williams,Williams,British,12,12,9,52,Finished,0,7,52,1:30.645,
2025,12,2025_12,British Grand Prix,2025-07-06,ocon,OCO,31,Esteban Ocon,1996-09-17,French,haas,Haas F1 Team,American,13,13,14,52,Finished,0,9,52,1:30.818,
2025,12,2025_12,British Grand Prix,2025-07-06,leclerc,LEC,16,Charles Leclerc,1997-10-16,Monegasque,ferrari,Ferrari,Italian,14,14,6,52,Finished,0,10,50,1:30.819,
2025,12,2025_12,British Grand Prix,2025-07-06,tsunoda,TSU,22,Yuki Tsunoda,2000-05-11,Japanese,red_bull,Red Bull,Austrian,15,15,11,51,Lapped,0,12,49,1:30.873,
2025,12,2025_12,British Grand Prix,2025-07-06,antonelli,ANT,12,Andrea Kimi Antonelli,2006-08-25,Italian,mercedes,Mercedes,German,16,R,10,23,Retired,0,17,8,1:45.576,
2025,12,2025_12,British Grand Prix,2025-07-06,hadjar,HAD,6,Isack Hadjar,2004-09-28,French,rb,RB F1 Team,Italian,17,R,12,17,Retired,0,16,9,1:41.705,
2025,12,2025_12,British Grand Prix,2025-07-06,bortoleto,BOR,5,Gabriel Bortoleto,2004-10-14,Brazilian,sauber,Sauber,Swiss,18,R,16,3,Retired,0,18,3,2:16.121,
2025,12,2025_12,British Grand Prix,2025-07-06,lawson,LAW,30,Liam Lawson,2002-02-11,New Zealander,rb,RB F1 Team,Italian,19,R,15,0,Retired,0,,,,
2025,12,2025_12,British Grand Prix,2025-07-06,colapinto,COL,43,Franco Colapinto,2003-05-27,Argentine,alpine,Alpine F1 Team,French,20,W,20,0,Did not start,0,,,,
2025,13,2025_13,Belgian Grand Prix,2025-07-27,piastri,PIA,81,Oscar Piastri,2001-04-06,Australian,mclaren,McLaren,British,1,1,2,44,Finished,25,4,43,1:45.706,
2025,13,2025_13,Belgian Grand Prix,2025-07-27,norris,NOR,1,Lando Norris,1999-11-13,British,mclaren,McLaren,British,2,2,1,44,Finished,18,3,42,1:45.257,
2025,13,2025_13,Belgian Grand Prix,2025-07-27,leclerc,LEC,16,Charles Leclerc,1997-10-16,Monegasque,ferrari,Ferrari,Italian,3,3,3,44,Finished,15,9,40,1:46.174,
2025,13,2025_13,Belgian Grand Prix,2025-07-27,max_verstappen,VER,3,Max Verstappen,1997-09-30,Dutch,red_bull,Red Bull,Austrian,4,4,4,44,Finished,12,7,40,1:46.096,
2025,13,2025_13,Belgian Grand Prix,2025-07-27,russell,RUS,63,George Russell,1998-02-15,British,mercedes,Mercedes,German,5,5,6,44,Finished,10,11,43,1:46.566,
2025,13,2025_13,Belgian Grand Prix,2025-07-27,albon,ALB,23,Alexander Albon,1996-03-23,Thai,williams,Williams,British,6,6,5,44,Finished,8,15,38,1:46.813,
2025,13,2025_13,Belgian Grand Prix,2025-07-27,hamilton,HAM,44,Lewis Hamilton,1985-01-07,British,ferrari,Ferrari,Italian,7,7,18,44,Finished,6,10,43,1:46.534,
2025,13,2025_13,Belgian Grand Prix,2025-07-27,lawson,LAW,30,Liam Lawson,2002-02-11,New Zealander,rb,RB F1 Team,Italian,8,8,9,44,Finished,4,12,38,1:46.649,
2025,13,2025_13,Belgian Grand Prix,2025-07-27,bortoleto,BOR,5,Gabriel Bortoleto,2004-10-14,Brazilian,sauber,Sauber,Swiss,9,9,10,44,Finished,2,16,41,1:46.966,
2025,13,2025_13,Belgian Grand Prix,2025-07-27,gasly,GAS,10,Pierre Gasly,1996-02-07,French,alpine,Alpine F1 Team,French,10,10,13,44,Finished,1,17,42,1:47.177,
2025,13,2025_13,Belgian Grand Prix,2025-07-27,bearman,BEA,87,Oliver Bearman,2005-05-08,British,haas,Haas F1 Team,American,11,11,12,44,Finished,0,13,43,1:46.709,
2025,13,2025_13,Belgian Grand Prix,2025-07-27,hulkenberg,HUL,27,Nico Hülkenberg,1987-08-19,German,sauber,Sauber,Swiss,12,12,14,44,Finished,0,2,39,1:45.068,
2025,13,2025_13,Belgian Grand Prix,2025-07-27,tsunoda,TSU,22,Yuki Tsunoda,2000-05-11,Japanese,red_bull,Red Bull,Austrian,13,13,7,44,Finished,0,19,42,1:47.241,
2025,13,2025_13,Belgian Grand Prix,2025-07-27,stroll,STR,18,Lance Stroll,1998-10-29,Canadian,aston_martin,Aston Martin,British,14,14,16,44,Finished,0,18,38,1:47.212,
2025,13,2025_13,Belgian Grand Prix,2025-07-27,ocon,OCO,31,Esteban Ocon,1996-09-17,French,haas,Haas F1 Team,American,15,15,11,44,Finished,0,14,44,1:46.744,
2025,13,2025_13,Belgian Grand Prix,2025-07-27,antonelli,ANT,12,Andrea Kimi Antonelli,2006-08-25,Italian,mercedes,Mercedes,German,16,16,19,44,Finished,0,1,32,1:44.861,
2025,13,2025_13,Belgian Grand Prix,2025-07-27,alonso,ALO,14,Fernando Alonso,1981-07-29,Spanish,aston_martin,Aston Martin,British,17,17,20,44,Finished,0,5,32,1:45.849,
2025,13,2025_13,Belgian Grand Prix,2025-07-27,sainz,SAI,55,Carlos Sainz,1994-09-01,Spanish,williams,Williams,British,18,18,17,44,Finished,0,6,30,1:46.073,
2025,13,2025_13,Belgian Grand Prix,2025-07-27,colapinto,COL,43,Franco Colapinto,2003-05-27,Argentine,alpine,Alpine F1 Team,French,19,19,15,44,Finished,0,8,30,1:46.104,
2025,13,2025_13,Belgian Grand Prix,2025-07-27,hadjar,HAD,6,Isack Hadjar,2004-09-28,French,rb,RB F1 Team,Italian,20,20,8,43,Lapped,0,20,43,1:47.667,
2025,14,2025_14,Hungarian Grand Prix,2025-08-03,norris,NOR,1,Lando Norris,1999-11-13,British,mclaren,McLaren,British,1,1,3,70,Finished,25,5,57,1:19.918,
2025,14,2025_14,Hungarian Grand Prix,2025-08-03,piastri,PIA,81,Oscar Piastri,2001-04-06,Australian,mclaren,McLaren,British,2,2,2,70,Finished,18,2,56,1:19.412,
2025,14,2025_14,Hungarian Grand Prix,2025-08-03,russell,RUS,63,George Russell,1998-02-15,British,mercedes,Mercedes,German,3,3,4,70,Finished,15,1,45,1:19.409,
2025,14,2025_14,Hungarian Grand Prix,2025-08-03,leclerc,LEC,16,Charles Leclerc,1997-10-16,Monegasque,ferrari,Ferrari,Italian,4,4,1,70,Finished,12,9,47,1:20.440,
2025,14,2025_14,Hungarian Grand Prix,2025-08-03,alonso,ALO,14,Fernando Alonso,1981-07-29,Spanish,aston_martin,Aston Martin,British,5,5,5,70,Finished,10,8,54,1:20.113,
2025,14,2025_14,Hungarian Grand Prix,2025-08-03,bortoleto,BOR,5,Gabriel Bortoleto,2004-10-14,Brazilian,sauber,Sauber,Swiss,6,6,7,70,Finished,8,11,48,1:20.705,
2025,14,2025_14,Hungarian Grand Prix,2025-08-03,stroll,STR,18,Lance Stroll,1998-10-29,Canadian,aston_martin,Aston Martin,British,7,7,6,70,Finished,6,12,55,1:20.708,
2025,14,2025_14,Hungarian Grand Prix,2025-08-03,lawson,LAW,30,Liam Lawson,2002-02-11,New Zealander,rb,RB F1 Team,Italian,8,8,9,70,Finished,4,10,56,1:20.457,
2025,14,2025_14,Hungarian Grand Prix,2025-08-03,max_verstappen,VER,3,Max Verstappen,1997-09-30,Dutch,red_bull,Red Bull,Austrian,9,9,8,70,Finished,2,3,50,1:19.576,
2025,14,2025_14,Hungarian Grand Prix,2025-08-03,antonelli,ANT,12,Andrea Kimi Antonelli,2006-08-25,Italian,mercedes,Mercedes,German,10,10,15,69,Lapped,1,13,54,1:20.745,
2025,14,2025_14,Hungarian Grand Prix,2025-08-03,hadjar,HAD,6,Isack Hadjar,2004-09-28,French,rb,RB F1 Team,Italian,11,11,10,69,Lapped,0,15,48,1:20.802,
2025,14,2025_14,Hungarian Grand Prix,2025-08-03,hamilton,HAM,44,Lewis Hamilton,1985-01-07,British,ferrari,Ferrari,Italian,12,12,12,69,Lapped,0,7,55,1:20.022,
2025,14,2025_14,Hungarian Grand Prix,2025-08-03,hulkenberg,HUL,27,Nico Hülkenberg,1987-08-19,German,sauber,Sauber,Swiss,13,13,18,69,Lapped,0,6,67,1:20.013,
2025,14,2025_14,Hungarian Grand Prix,2025-08-03,sainz,SAI,55,Carlos Sainz,1994-09-01,Spanish,williams,Williams,British,14,14,13,69,Lapped,0,4,53,1:19.790,
2025,14,2025_14,Hungarian Grand Prix,2025-08-03,albon,ALB,23,Alexander Albon,1996-03-23,Thai,williams,Williams,British,15,15,19,69,Lapped,0,14,49,1:20.779,
2025,14,2025_14,Hungarian Grand Prix,2025-08-03,ocon,OCO,31,Esteban Ocon,1996-09-17,French,haas,Haas F1 Team,American,16,16,17,69,Lapped,0,19,17,1:21.916,
2025,14,2025_14,Hungarian Grand Prix,2025-08-03,tsunoda,TSU,22,Yuki Tsunoda,2000-05-11,Japanese,red_bull,Red Bull,Austrian,17,17,20,69,Lapped,0,17,46,1:21.180,
2025,14,2025_14,Hungarian Grand Prix,2025-08-03,colapinto,COL,43,Franco Colapinto,2003-05-27,Argentine,alpine,Alpine F1 Team,French,18,18,14,69,Lapped,0,16,37,1:20.827,
2025,14,2025_14,Hungarian Grand Prix,2025-08-03,gasly,GAS,10,Pierre Gasly,1996-02-07,French,alpine,Alpine F1 Team,French,19,19,16,69,Lapped,0,18,46,1:21.433,
2025,14,2025_14,Hungarian Grand Prix,2025-08-03,bearman,BEA,87,Oliver Bearman,2005-05-08,British,haas,Haas F1 Team,American,20,R,11,48,Retired,0,20,37,1:21.989,
2025,15,2025_15,Dutch Grand Prix,2025-08-31,piastri,PIA,81,Oscar Piastri,2001-04-06,Australian,mclaren,McLaren,British,1,1,1,72,Finished,25,1,60,1:12.271,
2025,15,2025_15,Dutch Grand Prix,2025-08-31,max_verstappen,VER,3,Max Verstappen,1997-09-30,Dutch,red_bull,Red Bull,Austrian,2,2,3,72,Finished,18,3,70,1:12.921,
2025,15,2025_15,Dutch Grand Prix,2025-08-31,hadjar,HAD,6,Isack Hadjar,2004-09-28,French,rb,RB F1 Team,Italian,3,3,4,72,Finished,15,5,70,1:13.327,
2025,15,2025_15,Dutch Grand Prix,2025-08-31,russell,RUS,63,George Russell,1998-02-15,British,mercedes,Mercedes,German,4,4,5,72,Finished,12,9,70,1:13.728,
2025,15,2025_15,Dutch Grand Prix,2025-08-31,albon,ALB,23,Alexander Albon,1996-03-23,Thai,williams,Williams,British,5,5,15,72,Finished,10,7,70,1:13.687,
2025,15,2025_15,Dutch Grand Prix,2025-08-31,bearman,BEA,87,Oliver Bearman,2005-05-08,British,haas,Haas F1 Team,American,6,6,20,72,Finished,8,13,70,1:13.950,
2025,15,2025_15,Dutch Grand Prix,2025-08-31,stroll,STR,18,Lance Stroll,1998-10-29,Canadian,aston_martin,Aston Martin,British,7,7,19,72,Finished,6,11,70,1:13.822,
2025,15,2025_15,Dutch Grand Prix,2025-08-31,alonso,ALO,14,Fernando Alonso,1981-07-29,Spanish,aston_martin,Aston Martin,British,8,8,10,72,Finished,4,8,42,1:13.719,
2025,15,2025_15,Dutch Grand Prix,2025-08-31,tsunoda,TSU,22,Yuki Tsunoda,2000-05-11,Japanese,red_bull,Red Bull,Austrian,9,9,12,72,Finished,2,16,71,1:14.354,
2025,15,2025_15,Dutch Grand Prix,2025-08-31,ocon,OCO,31,Esteban Ocon,1996-09-17,French,haas,Haas F1 Team,American,10,10,18,72,Finished,1,14,71,1:13.986,
2025,15,2025_15,Dutch Grand Prix,2025-08-31,colapinto,COL,43,Franco Colapinto,2003-05-27,Argentine,alpine,Alpine F1 Team,French,11,11,16,72,Finished,0,4,72,1:13.049,
2025,15,2025_15,Dutch Grand Prix,2025-08-31,lawson,LAW,30,Liam Lawson,2002-02-11,New Zealander,rb,RB F1 Team,Italian,12,12,8,72,Finished,0,12,60,1:13.879,
2025,15,2025_15,Dutch Grand Prix,2025-08-31,sainz,SAI,55,Carlos Sainz,1994-09-01,Spanish,williams,Williams,British,13,13,9,72,Finished,0,10,58,1:13.808,
2025,15,2025_15,Dutch Grand Prix,2025-08-31,hulkenberg,HUL,27,Nico Hülkenberg,1987-08-19,German,sauber,Sauber,Swiss,14,14,17,72,Finished,0,18,61,1:14.912,
2025,15,2025_15,Dutch Grand Prix,2025-08-31,bortoleto,BOR,5,Gabriel Bortoleto,2004-10-14,Brazilian,sauber,Sauber,Swiss,15,15,13,72,Finished,0,15,63,1:14.307,
2025,15,2025_15,Dutch Grand Prix,2025-08-31,antonelli,ANT,12,Andrea Kimi Antonelli,2006-08-25,Italian,mercedes,Mercedes,German,16,16,11,72,Finished,0,6,70,1:13.480,
2025,15,2025_15,Dutch Grand Prix,2025-08-31,gasly,GAS,10,Pierre Gasly,1996-02-07,French,alpine,Alpine F1 Team,French,17,17,14,72,Finished,0,19,59,1:15.248,
2025,15,2025_15,Dutch Grand Prix,2025-08-31,norris,NOR,1,Lando Norris,1999-11-13,British,mclaren,McLaren,British,18,18,2,64,Retired,0,2,59,1:12.379,
2025,15,2025_15,Dutch Grand Prix,2025-08-31,leclerc,LEC,16,Charles Leclerc,1997-10-16,Monegasque,ferrari,Ferrari,Italian,19,R,6,52,Retired,0,17,33,1:14.557,
2025,15,2025_15,Dutch Grand Prix,2025-08-31,hamilton,HAM,44,Lewis Hamilton,1985-01-07,British,ferrari,Ferrari,Italian,20,R,7,22,Retired,0,20,6,1:15.684,
2025,16,2025_16,Italian Grand Prix,2025-09-07,max_verstappen,VER,3,Max Verstappen,1997-09-30,Dutch,red_bull,Red Bull,Austrian,1,1,1,53,Finished,25,2,52,1:21.003,
2025,16,2025_16,Italian Grand Prix,2025-09-07,norris,NOR,1,Lando Norris,1999-11-13,British,mclaren,McLaren,British,2,2,2,53,Finished,18,1,53,1:20.901,
2025,16,2025_16,Italian Grand Prix,2025-09-07,piastri,PIA,81,Oscar Piastri,2001-04-06,Australian,mclaren,McLaren,British,3,3,3,53,Finished,15,3,47,1:21.245,
2025,16,2025_16,Italian Grand Prix,2025-09-07,leclerc,LEC,16,Charles Leclerc,1997-10-16,Monegasque,ferrari,Ferrari,Italian,4,4,4,53,Finished,12,4,53,1:21.294,
2025,16,2025_16,Italian Grand Prix,2025-09-07,russell,RUS,63,George Russell,1998-02-15,British,mercedes,Mercedes,German,5,5,5,53,Finished,10,8,45,1:21.800,
2025,16,2025_16,Italian Grand Prix,2025-09-07,hamilton,HAM,44,Lewis Hamilton,1985-01-07,British,ferrari,Ferrari,Italian,6,6,10,53,Finished,8,6,50,1:21.546,
2025,16,2025_16,Italian Grand Prix,2025-09-07,albon,ALB,23,Alexander Albon,1996-03-23,Thai,williams,Williams,British,7,7,14,53,Finished,6,5,53,1:21.368,
2025,16,2025_16,Italian Grand Prix,2025-09-07,bortoleto,BOR,5,Gabriel Bortoleto,2004-10-14,Brazilian,sauber,Sauber,Swiss,8,8,7,53,Finished,4,12,51,1:22.139,
2025,16,2025_16,Italian Grand Prix,2025-09-07,antonelli,ANT,12,Andrea Kimi Antonelli,2006-08-25,Italian,mercedes,Mercedes,German,9,9,6,53,Finished,2,10,53,1:21.968,
2025,16,2025_16,Italian Grand Prix,2025-09-07,hadjar,HAD,6,Isack Hadjar,2004-09-28,French,rb,RB F1 Team,Italian,10,10,19,53,Finished,1,11,46,1:22.133,
2025,16,2025_16,Italian Grand Prix,2025-09-07,sainz,SAI,55,Carlos Sainz,1994-09-01,Spanish,williams,Williams,British,11,11,13,53,Finished,0,7,47,1:21.740,
2025,16,2025_16,Italian Grand Prix,2025-09-07,bearman,BEA,87,Oliver Bearman,2005-05-08,British,haas,Haas F1 Team,American,12,12,11,53,Finished,0,9,53,1:21.820,
2025,16,2025_16,Italian Grand Prix,2025-09-07,tsunoda,TSU,22,Yuki Tsunoda,2000-05-11,Japanese,red_bull,Red Bull,Austrian,13,13,9,53,Finished,0,16,52,1:22.712,
2025,16,2025_16,Italian Grand Prix,2025-09-07,lawson,LAW,30,Liam Lawson,2002-02-11,New Zealander,rb,RB F1 Team,Italian,14,14,18,53,Finished,0,17,49,1:22.777,
2025,16,2025_16,Italian Grand Prix,2025-09-07,ocon,OCO,31,Esteban Ocon,1996-09-17,French,haas,Haas F1 Team,American,15,15,15,52,Lapped,0,18,48,1:22.892,
2025,16,2025_16,Italian Grand Prix,2025-09-07,gasly,GAS,10,Pierre Gasly,1996-02-07,French,alpine,Alpine F1 Team,French,16,16,20,52,Lapped,0,14,52,1:22.185,
2025,16,2025_16,Italian Grand Prix,2025-09-07,colapinto,COL,43,Franco Colapinto,2003-05-27,Argentine,alpine,Alpine F1 Team,French,17,17,17,52,Lapped,0,15,48,1:22.239,
2025,16,2025_16,Italian Grand Prix,2025-09-07,stroll,STR,18,Lance Stroll,1998-10-29,Canadian,aston_martin,Aston Martin,British,18,18,16,52,Lapped,0,13,51,1:22.164,
2025,16,2025_16,Italian Grand Prix,2025-09-07,alonso,ALO,14,Fernando Alonso,1981-07-29,Spanish,aston_martin,Aston Martin,British,19,R,8,24,Retired,0,19,23,1:23.757,
2025,16,2025_16,Italian Grand Prix,2025-09-07,hulkenberg,HUL,27,Nico Hülkenberg,1987-08-19,German,sauber,Sauber,Swiss,20,W,12,0,Did not start,0,,,,
2025,17,2025_17,Azerbaijan Grand Prix,2025-09-21,max_verstappen,VER,3,Max Verstappen,1997-09-30,Dutch,red_bull,Red Bull,Austrian,1,1,1,51,Finished,25,1,50,1:43.388,
2025,17,2025_17,Azerbaijan Grand Prix,2025-09-21,russell,RUS,63,George Russell,1998-02-15,British,mercedes,Mercedes,German,2,2,5,51,Finished,18,2,42,1:43.754,
2025,17,2025_17,Azerbaijan Grand Prix,2025-09-21,sainz,SAI,55,Carlos Sainz,1994-09-01,Spanish,williams,Williams,British,3,3,2,51,Finished,15,4,47,1:43.972,
2025,17,2025_17,Azerbaijan Grand Prix,2025-09-21,antonelli,ANT,12,Andrea Kimi Antonelli,2006-08-25,Italian,mercedes,Mercedes,German,4,4,4,51,Finished,12,6,47,1:44.091,
2025,17,2025_17,Azerbaijan Grand Prix,2025-09-21,lawson,LAW,30,Liam Lawson,2002-02-11,New Zealander,rb,RB F1 Team,Italian,5,5,3,51,Finished,10,13,49,1:44.531,
2025,17,2025_17,Azerbaijan Grand Prix,2025-09-21,tsunoda,TSU,22,Yuki Tsunoda,2000-05-11,Japanese,red_bull,Red Bull,Austrian,6,6,6,51,Finished,8,12,41,1:44.434,
2025,17,2025_17,Azerbaijan Grand Prix,2025-09-21,norris,NOR,1,Lando Norris,1999-11-13,British,mclaren,McLaren,British,7,7,7,51,Finished,6,8,42,1:44.155,
2025,17,2025_17,Azerbaijan Grand Prix,2025-09-21,hamilton,HAM,44,Lewis Hamilton,1985-01-07,British,ferrari,Ferrari,Italian,8,8,12,51,Finished,4,5,40,1:43.977,
2025,17,2025_17,Azerbaijan Grand Prix,2025-09-21,leclerc,LEC,16,Charles Leclerc,1997-10-16,Monegasque,ferrari,Ferrari,Italian,9,9,10,51,Finished,2,9,50,1:44.274,
2025,17,2025_17,Azerbaijan Grand Prix,2025-09-21,hadjar,HAD,6,Isack Hadjar,2004-09-28,French,rb,RB F1 Team,Italian,10,10,8,51,Finished,1,3,50,1:43.884,
2025,17,2025_17,Azerbaijan Grand Prix,2025-09-21,bortoleto,BOR,5,Gabriel Bortoleto,2004-10-14,Brazilian,sauber,Sauber,Swiss,11,11,13,51,Finished,0,14,45,1:44.930,
2025,17,2025_17,Azerbaijan Grand Prix,2025-09-21,bearman,BEA,87,Oliver Bearman,2005-05-08,British,haas,Haas F1 Team,American,12,12,15,51,Finished,0,10,31,1:44.288,
2025,17,2025_17,Azerbaijan Grand Prix,2025-09-21,albon,ALB,23,Alexander Albon,1996-03-23,Thai,williams,Williams,British,13,13,19,51,Finished,0,7,51,1:44.152,
2025,17,2025_17,Azerbaijan Grand Prix,2025-09-21,ocon,OCO,31,Esteban Ocon,1996-09-17,French,haas,Haas F1 Team,American,14,14,20,51,Finished,0,17,50,1:45.388,
2025,17,2025_17,Azerbaijan Grand Prix,2025-09-21,alonso,ALO,14,Fernando Alonso,1981-07-29,Spanish,aston_martin,Aston Martin,British,15,15,11,51,Finished,0,15,50,1:45.002,
2025,17,2025_17,Azerbaijan Grand Prix,2025-09-21,hulkenberg,HUL,27,Nico Hülkenberg,1987-08-19,German,sauber,Sauber,Swiss,16,16,17,51,Finished,0,11,47,1:44.370,
2025,17,2025_17,Azerbaijan Grand Prix,2025-09-21,stroll,STR,18,Lance Stroll,1998-10-29,Canadian,aston_martin,Aston Martin,British,17,17,14,51,Finished,0,16,50,1:45.083,
2025,17,2025_17,Azerbaijan Grand Prix,2025-09-21,gasly,GAS,10,Pierre Gasly,1996-02-07,French,alpine,Alpine F1 Team,French,18,18,18,50,Lapped,0,18,37,1:45.492,
2025,17,2025_17,Azerbaijan Grand Prix,2025-09-21,colapinto,COL,43,Franco Colapinto,2003-05-27,Argentine,alpine,Alpine F1 Team,French,19,19,16,50,Lapped,0,19,40,1:46.055,
2025,17,2025_17,Azerbaijan Grand Prix,2025-09-21,piastri,PIA,81,Oscar Piastri,2001-04-06,Australian,mclaren,McLaren,British,20,R,9,0,Retired,0,,,,
2025,18,2025_18,Singapore Grand Prix,2025-10-05,russell,RUS,63,George Russell,1998-02-15,British,mercedes,Mercedes,German,1,1,1,62,Finished,25,11,27,1:35.676,
2025,18,2025_18,Singapore Grand Prix,2025-10-05,max_verstappen,VER,3,Max Verstappen,1997-09-30,Dutch,red_bull,Red Bull,Austrian,2,2,2,62,Finished,18,10,30,1:35.649,
2025,18,2025_18,Singapore Grand Prix,2025-10-05,norris,NOR,1,Lando Norris,1999-11-13,British,mclaren,McLaren,British,3,3,5,62,Finished,15,7,36,1:35.555,
2025,18,2025_18,Singapore Grand Prix,2025-10-05,piastri,PIA,81,Oscar Piastri,2001-04-06,Australian,mclaren,McLaren,British,4,4,3,62,Finished,12,6,31,1:35.408,
2025,18,2025_18,Singapore Grand Prix,2025-10-05,antonelli,ANT,12,Andrea Kimi Antonelli,2006-08-25,Italian,mercedes,Mercedes,German,5,5,4,62,Finished,10,4,27,1:35.303,
2025,18,2025_18,Singapore Grand Prix,2025-10-05,leclerc,LEC,16,Charles Leclerc,1997-10-16,Monegasque,ferrari,Ferrari,Italian,6,6,7,62,Finished,8,14,41,1:35.983,
2025,18,2025_18,Singapore Grand Prix,2025-10-05,alonso,ALO,14,Fernando Alonso,1981-07-29,Spanish,aston_martin,Aston Martin,British,7,7,10,62,Finished,6,13,52,1:35.862,
2025,18,2025_18,Singapore Grand Prix,2025-10-05,hamilton,HAM,44,Lewis Hamilton,1985-01-07,British,ferrari,Ferrari,Italian,8,8,6,62,Finished,4,1,48,1:33.808,
2025,18,2025_18,Singapore Grand Prix,2025-10-05,bearman,BEA,87,Oliver Bearman,2005-05-08,British,haas,Haas F1 Team,American,9,9,9,62,Finished,2,15,56,1:36.201,
2025,18,2025_18,Singapore Grand Prix,2025-10-05,sainz,SAI,55,Carlos Sainz,1994-09-01,Spanish,williams,Williams,British,10,10,18,61,Lapped,1,3,61,1:34.963,
2025,18,2025_18,Singapore Grand Prix,2025-10-05,hadjar,HAD,6,Isack Hadjar,2004-09-28,French,rb,RB F1 Team,Italian,11,11,8,61,Lapped,0,18,54,1:36.938,
2025,18,2025_18,Singapore Grand Prix,2025-10-05,tsunoda,TSU,22,Yuki Tsunoda,2000-05-11,Japanese,red_bull,Red Bull,Austrian,12,12,13,61,Lapped,0,17,45,1:36.831,
2025,18,2025_18,Singapore Grand Prix,2025-10-05,stroll,STR,18,Lance Stroll,1998-10-29,Canadian,aston_martin,Aston Martin,British,13,13,15,61,Lapped,0,12,60,1:35.851,
2025,18,2025_18,Singapore Grand Prix,2025-10-05,albon,ALB,23,Alexander Albon,1996-03-23,Thai,williams,Williams,British,14,14,20,61,Lapped,0,9,60,1:35.648,
2025,18,2025_18,Singapore Grand Prix,2025-10-05,lawson,LAW,30,Liam Lawson,2002-02-11,New Zealander,rb,RB F1 Team,Italian,15,15,12,61,Lapped,0,8,61,1:35.641,
2025,18,2025_18,Singapore Grand Prix,2025-10-05,colapinto,COL,43,Franco Colapinto,2003-05-27,Argentine,alpine,Alpine F1 Team,French,16,16,16,61,Lapped,0,20,17,1:37.182,
2025,18,2025_18,Singapore Grand Prix,2025-10-05,bortoleto,BOR,5,Gabriel Bortoleto,2004-10-14,Brazilian,sauber,Sauber,Swiss,17,17,14,61,Lapped,0,19,16,1:37.126,
2025,18,2025_18,Singapore Grand Prix,2025-10-05,ocon,OCO,31,Esteban Ocon,1996-09-17,French,haas,Haas F1 Team,American,18,18,17,61,Lapped,0,16,32,1:36.646,
2025,18,2025_18,Singapore Grand Prix,2025-10-05,gasly,GAS,10,Pierre Gasly,1996-02-07,French,alpine,Alpine F1 Team,French,19,19,19,61,Lapped,0,2,53,1:34.573,
2025,18,2025_18,Singapore Grand Prix,2025-10-05,hulkenberg,HUL,27,Nico Hülkenberg,1987-08-19,German,sauber,Sauber,Swiss,20,20,11,61,Lapped,0,5,47,1:35.404,
2025,19,2025_19,United States Grand Prix,2025-10-19,max_verstappen,VER,3,Max Verstappen,1997-09-30,Dutch,red_bull,Red Bull,Austrian,1,1,1,56,Finished,25,3,35,1:37.991,
2025,19,2025_19,United States Grand Prix,2025-10-19,norris,NOR,1,Lando Norris,1999-11-13,British,mclaren,McLaren,British,2,2,2,56,Finished,18,2,35,1:37.620,
2025,19,2025_19,United States Grand Prix,2025-10-19,leclerc,LEC,16,Charles Leclerc,1997-10-16,Monegasque,ferrari,Ferrari,Italian,3,3,3,56,Finished,15,5,47,1:38.231,
2025,19,2025_19,United States Grand Prix,2025-10-19,hamilton,HAM,44,Lewis Hamilton,1985-01-07,British,ferrari,Ferrari,Italian,4,4,5,56,Finished,12,8,55,1:38.361,
2025,19,2025_19,United States Grand Prix,2025-10-19,piastri,PIA,81,Oscar Piastri,2001-04-06,Australian,mclaren,McLaren,British,5,5,6,56,Finished,10,10,55,1:38.564,
2025,19,2025_19,United States Grand Prix,2025-10-19,russell,RUS,63,George Russell,1998-02-15,British,mercedes,Mercedes,German,6,6,4,56,Finished,8,4,35,1:38.224,
2025,19,2025_19,United States Grand Prix,2025-10-19,tsunoda,TSU,22,Yuki Tsunoda,2000-05-11,Japanese,red_bull,Red Bull,Austrian,7,7,13,56,Finished,6,13,54,1:38.803,
2025,19,2025_19,United States Grand Prix,2025-10-19,hulkenberg,HUL,27,Nico Hülkenberg,1987-08-19,German,sauber,Sauber,Swiss,8,8,11,56,Finished,4,9,54,1:38.372,
2025,19,2025_19,United States Grand Prix,2025-10-19,bearman,BEA,87,Oliver Bearman,2005-05-08,British,haas,Haas F1 Team,American,9,9,8,56,Finished,2,16,32,1:39.119,
2025,19,2025_19,United States Grand Prix,2025-10-19,alonso,ALO,14,Fernando Alonso,1981-07-29,Spanish,aston_martin,Aston Martin,British,10,10,10,56,Finished,1,12,54,1:38.789,
2025,19,2025_19,United States Grand Prix,2025-10-19,lawson,LAW,30,Liam Lawson,2002-02-11,New Zealander,rb,RB F1 Team,Italian,11,11,12,56,Finished,0,14,53,1:38.983,
2025,19,2025_19,United States Grand Prix,2025-10-19,stroll,STR,18,Lance Stroll,1998-10-29,Canadian,aston_martin,Aston Martin,British,12,12,19,56,Finished,0,15,54,1:39.071,
2025,19,2025_19,United States Grand Prix,2025-10-19,antonelli,ANT,12,Andrea Kimi Antonelli,2006-08-25,Italian,mercedes,Mercedes,German,13,13,7,56,Finished,0,1,33,1:37.577,
2025,19,2025_19,United States Grand Prix,2025-10-19,albon,ALB,23,Alexander Albon,1996-03-23,Thai,williams,Williams,British,14,14,18,56,Finished,0,7,38,1:38.328,
2025,19,2025_19,United States Grand Prix,2025-10-19,ocon,OCO,31,Esteban Ocon,1996-09-17,French,haas,Haas F1 Team,American,15,15,17,56,Finished,0,18,31,1:39.263,
2025,19,2025_19,United States Grand Prix,2025-10-19,hadjar,HAD,6,Isack Hadjar,2004-09-28,French,rb,RB F1 Team,Italian,16,16,20,56,Finished,0,11,54,1:38.724,
2025,19,2025_19,United States Grand Prix,2025-10-19,colapinto,COL,43,Franco Colapinto,2003-05-27,Argentine,alpine,Alpine F1 Team,French,17,17,15,55,Lapped,0,17,54,1:39.173,
2025,19,2025_19,United States Grand Prix,2025-10-19,bortoleto,BOR,5,Gabriel Bortoleto,2004-10-14,Brazilian,sauber,Sauber,Swiss,18,18,16,55,Lapped,0,6,39,1:38.275,
2025,19,2025_19,United States Grand Prix,2025-10-19,gasly,GAS,10,Pierre Gasly,1996-02-07,French,alpine,Alpine F1 Team,French,19,19,14,55,Lapped,0,19,30,1:39.270,
2025,19,2025_19,United States Grand Prix,2025-10-19,sainz,SAI,55,Carlos Sainz,1994-09-01,Spanish,williams,Williams,British,20,R,9,5,Retired,0,20,3,1:40.327,
2025,20,2025_20,Mexico City Grand Prix,2025-10-26,norris,NOR,1,Lando Norris,1999-11-13,British,mclaren,McLaren,British,1,1,1,71,Finished,25,8,45,1:20.764,
2025,20,2025_20,Mexico City Grand Prix,2025-10-26,leclerc,LEC,16,Charles Leclerc,1997-10-16,Monegasque,ferrari,Ferrari,Italian,2,2,2,71,Finished,18,14,45,1:21.588,
2025,20,2025_20,Mexico City Grand Prix,2025-10-26,max_verstappen,VER,3,Max Verstappen,1997-09-30,Dutch,red_bull,Red Bull,Austrian,3,3,5,71,Finished,15,10,50,1:21.108,
2025,20,2025_20,Mexico City Grand Prix,2025-10-26,bearman,BEA,87,Oliver Bearman,2005-05-08,British,haas,Haas F1 Team,American,4,4,9,71,Finished,12,7,51,1:20.705,
2025,20,2025_20,Mexico City Grand Prix,2025-10-26,piastri,PIA,81,Oscar Piastri,2001-04-06,Australian,mclaren,McLaren,British,5,5,7,71,Finished,10,3,53,1:20.422,
2025,20,2025_20,Mexico City Grand Prix,2025-10-26,antonelli,ANT,12,Andrea Kimi Antonelli,2006-08-25,Italian,mercedes,Mercedes,German,6,6,6,71,Finished,8,9,58,1:20.826,
2025,20,2025_20,Mexico City Grand Prix,2025-10-26,russell,RUS,63,George Russell,1998-02-15,British,mercedes,Mercedes,German,7,7,4,71,Finished,6,1,50,1:20.052,
2025,20,2025_20,Mexico City Grand Prix,2025-10-26,hamilton,HAM,44,Lewis Hamilton,1985-01-07,British,ferrari,Ferrari,Italian,8,8,3,71,Finished,4,6,50,1:20.601,
2025,20,2025_20,Mexico City Grand Prix,2025-10-26,ocon,OCO,31,Esteban Ocon,1996-09-17,French,haas,Haas F1 Team,American,9,9,11,71,Finished,2,17,65,1:21.869,
2025,20,2025_20,Mexico City Grand Prix,2025-10-26,bortoleto,BOR,5,Gabriel Bortoleto,2004-10-14,Brazilian,sauber,Sauber,Swiss,10,10,16,71,Finished,1,11,39,1:21.121,
2025,20,2025_20,Mexico City Grand Prix,2025-10-26,tsunoda,TSU,22,Yuki Tsunoda,2000-05-11,Japanese,red_bull,Red Bull,Austrian,11,11,10,71,Finished,0,13,44,1:21.486,
2025,20,2025_20,Mexico City Grand Prix,2025-10-26,albon,ALB,23,Alexander Albon,1996-03-23,Thai,williams,Williams,British,12,12,17,70,Lapped,0,4,45,1:20.480,
2025,20,2025_20,Mexico City Grand Prix,2025-10-26,hadjar,HAD,6,Isack Hadjar,2004-09-28,French,rb,RB F1 Team,Italian,13,13,8,70,Lapped,0,16,44,1:21.714,
2025,20,2025_20,Mexico City Grand Prix,2025-10-26,stroll,STR,18,Lance Stroll,1998-10-29,Canadian,aston_martin,Aston Martin,British,14,14,19,70,Lapped,0,5,45,1:20.593,
2025,20,2025_20,Mexico City Grand Prix,2025-10-26,gasly,GAS,10,Pierre Gasly,1996-02-07,French,alpine,Alpine F1 Team,French,15,15,18,70,Lapped,0,18,43,1:22.271,
2025,20,2025_20,Mexico City Grand Prix,2025-10-26,colapinto,COL,43,Franco Colapinto,2003-05-27,Argentine,alpine,Alpine F1 Team,French,16,16,20,70,Lapped,0,12,50,1:21.342,
2025,20,2025_20,Mexico City Grand Prix,2025-10-26,sainz,SAI,55,Carlos Sainz,1994-09-01,Spanish,williams,Williams,British,17,17,12,67,Retired,0,2,48,1:20.098,
2025,20,2025_20,Mexico City Grand Prix,2025-10-26,alonso,ALO,14,Fernando Alonso,1981-07-29,Spanish,aston_martin,Aston Martin,British,18,R,14,34,Retired,0,15,22,1:21.708,
2025,20,2025_20,Mexico City Grand Prix,2025-10-26,hulkenberg,HUL,27,Nico Hülkenberg,1987-08-19,German,sauber,Sauber,Swiss,19,R,13,25,Retired,0,19,14,1:23.091,
2025,20,2025_20,Mexico City Grand Prix,2025-10-26,lawson,LAW,30,Liam Lawson,2002-02-11,New Zealander,rb,RB F1 Team,Italian,20,R,15,5,Retired,0,20,4,1:25.124,
2025,21,2025_21,São Paulo Grand Prix,2025-11-09,norris,NOR,1,Lando Norris,1999-11-13,British,mclaren,McLaren,British,1,1,1,71,Finished,25,6,66,1:13.040,
2025,21,2025_21,São Paulo Grand Prix,2025-11-09,antonelli,ANT,12,Andrea Kimi Antonelli,2006-08-25,Italian,mercedes,Mercedes,German,2,2,2,71,Finished,18,9,52,1:13.123,
2025,21,2025_21,São Paulo Grand Prix,2025-11-09,max_verstappen,VER,3,Max Verstappen,1997-09-30,Dutch,red_bull,Red Bull,Austrian,3,3,19,71,Finished,15,2,56,1:12.447,
2025,21,2025_21,São Paulo Grand Prix,2025-11-09,russell,RUS,63,George Russell,1998-02-15,British,mercedes,Mercedes,German,4,4,6,71,Finished,12,8,52,1:13.097,
2025,21,2025_21,São Paulo Grand Prix,2025-11-09,piastri,PIA,81,Oscar Piastri,2001-04-06,Australian,mclaren,McLaren,British,5,5,4,71,Finished,10,3,54,1:12.742,
2025,21,2025_21,São Paulo Grand Prix,2025-11-09,bearman,BEA,87,Oliver Bearman,2005-05-08,British,haas,Haas F1 Team,American,6,6,8,71,Finished,8,13,48,1:13.483,
2025,21,2025_21,São Paulo Grand Prix,2025-11-09,lawson,LAW,30,Liam Lawson,2002-02-11,New Zealander,rb,RB F1 Team,Italian,7,7,7,71,Finished,6,18,21,1:14.029,
2025,21,2025_21,São Paulo Grand Prix,2025-11-09,hadjar,HAD,6,Isack Hadjar,2004-09-28,French,rb,RB F1 Team,Italian,8,8,5,71,Finished,4,15,40,1:13.694,
2025,21,2025_21,São Paulo Grand Prix,2025-11-09,hulkenberg,HUL,27,Nico Hülkenberg,1987-08-19,German,sauber,Sauber,Swiss,9,9,10,71,Finished,2,11,39,1:13.474,
2025,21,2025_21,São Paulo Grand Prix,2025-11-09,gasly,GAS,10,Pierre Gasly,1996-02-07,French,alpine,Alpine F1 Team,French,10,10,9,71,Finished,1,16,42,1:13.736,
2025,21,2025_21,São Paulo Grand Prix,2025-11-09,albon,ALB,23,Alexander Albon,1996-03-23,Thai,williams,Williams,British,11,11,12,71,Finished,0,1,59,1:12.400,
2025,21,2025_21,São Paulo Grand Prix,2025-11-09,ocon,OCO,31,Esteban Ocon,1996-09-17,French,haas,Haas F1 Team,American,12,12,20,71,Finished,0,12,10,1:13.481,
2025,21,2025_21,São Paulo Grand Prix,2025-11-09,sainz,SAI,55,Carlos Sainz,1994-09-01,Spanish,williams,Williams,British,13,13,15,71,Finished,0,14,19,1:13.683,
2025,21,2025_21,São Paulo Grand Prix,2025-11-09,alonso,ALO,14,Fernando Alonso,1981-07-29,Spanish,aston_martin,Aston Martin,British,14,14,11,71,Finished,0,10,48,1:13.312,
2025,21,2025_21,São Paulo Grand Prix,2025-11-09,colapinto,COL,43,Franco Colapinto,2003-05-27,Argentine,alpine,Alpine F1 Team,French,15,15,16,71,Finished,0,5,45,1:12.816,
2025,21,2025_21,São Paulo Grand Prix,2025-11-09,stroll,STR,18,Lance Stroll,1998-10-29,Canadian,aston_martin,Aston Martin,British,16,16,14,71,Finished,0,7,56,1:13.094,
2025,21,2025_21,São Paulo Grand Prix,2025-11-09,tsunoda,TSU,22,Yuki Tsunoda,2000-05-11,Japanese,red_bull,Red Bull,Austrian,17,17,17,71,Finished,0,4,49,1:12.774,
2025,21,2025_21,São Paulo Grand Prix,2025-11-09,hamilton,HAM,44,Lewis Hamilton,1985-01-07,British,ferrari,Ferrari,Italian,18,R,13,37,Retired,0,17,35,1:13.844,
2025,21,2025_21,São Paulo Grand Prix,2025-11-09,leclerc,LEC,16,Charles Leclerc,1997-10-16,Monegasque,ferrari,Ferrari,Italian,19,R,3,5,Retired,0,19,2,1:43.560,
2025,21,2025_21,São Paulo Grand Prix,2025-11-09,bortoleto,BOR,5,Gabriel Bortoleto,2004-10-14,Brazilian,sauber,Sauber,Swiss,20,R,18,0,Retired,0,,,,
2025,22,2025_22,Las Vegas Grand Prix,2025-11-23,max_verstappen,VER,3,Max Verstappen,1997-09-30,Dutch,red_bull,Red Bull,Austrian,1,1,2,50,Finished,25,1,50,1:33.365,
2025,22,2025_22,Las Vegas Grand Prix,2025-11-23,russell,RUS,63,George Russell,1998-02-15,British,mercedes,Mercedes,German,2,2,4,50,Finished,18,9,50,1:34.592,
2025,22,2025_22,Las Vegas Grand Prix,2025-11-23,antonelli,ANT,12,Andrea Kimi Antonelli,2006-08-25,Italian,mercedes,Mercedes,German,3,3,17,50,Finished,15,2,48,1:33.998,
2025,22,2025_22,Las Vegas Grand Prix,2025-11-23,leclerc,LEC,16,Charles Leclerc,1997-10-16,Monegasque,ferrari,Ferrari,Italian,4,4,9,50,Finished,12,3,43,1:34.304,
2025,22,2025_22,Las Vegas Grand Prix,2025-11-23,sainz,SAI,55,Carlos Sainz,1994-09-01,Spanish,williams,Williams,British,5,5,3,50,Finished,10,4,42,1:34.496,
2025,22,2025_22,Las Vegas Grand Prix,2025-11-23,hadjar,HAD,6,Isack Hadjar,2004-09-28,French,rb,RB F1 Team,Italian,6,6,8,50,Finished,8,10,50,1:34.620,
2025,22,2025_22,Las Vegas Grand Prix,2025-11-23,hulkenberg,HUL,27,Nico Hülkenberg,1987-08-19,German,sauber,Sauber,Swiss,7,7,11,50,Finished,6,8,49,1:34.592,
2025,22,2025_22,Las Vegas Grand Prix,2025-11-23,hamilton,HAM,44,Lewis Hamilton,1985-01-07,British,ferrari,Ferrari,Italian,8,8,19,50,Finished,4,6,49,1:34.553,
2025,22,2025_22,Las Vegas Grand Prix,2025-11-23,ocon,OCO,31,Esteban Ocon,1996-09-17,French,haas,Haas F1 Team,American,9,9,13,50,Finished,2,7,48,1:34.557,
2025,22,2025_22,Las Vegas Grand Prix,2025-11-23,bearman,BEA,87,Oliver Bearman,2005-05-08,British,haas,Haas F1 Team,American,10,10,14,50,Finished,1,5,50,1:34.519,
2025,22,2025_22,Las Vegas Grand Prix,2025-11-23,alonso,ALO,14,Fernando Alonso,1981-07-29,Spanish,aston_martin,Aston Martin,British,11,11,7,50,Finished,0,14,41,1:35.629,
2025,22,2025_22,Las Vegas Grand Prix,2025-11-23,tsunoda,TSU,22,Yuki Tsunoda,2000-05-11,Japanese,red_bull,Red Bull,Austrian,12,12,20,50,Finished,0,12,49,1:34.967,
2025,22,2025_22,Las Vegas Grand Prix,2025-11-23,gasly,GAS,10,Pierre Gasly,1996-02-07,French,alpine,Alpine F1 Team,French,13,13,10,50,Finished,0,15,44,1:35.674,
2025,22,2025_22,Las Vegas Grand Prix,2025-11-23,lawson,LAW,30,Liam Lawson,2002-02-11,New Zealander,rb,RB F1 Team,Italian,14,14,6,49,Lapped,0,11,47,1:34.837,
2025,22,2025_22,Las Vegas Grand Prix,2025-11-23,colapinto,COL,43,Franco Colapinto,2003-05-27,Argentine,alpine,Alpine F1 Team,French,15,15,15,49,Lapped,0,16,38,1:35.780,
2025,22,2025_22,Las Vegas Grand Prix,2025-11-23,albon,ALB,23,Alexander Albon,1996-03-23,Thai,williams,Williams,British,16,R,16,35,Retired,0,13,26,1:35.184,
2025,22,2025_22,Las Vegas Grand Prix,2025-11-23,bortoleto,BOR,5,Gabriel Bortoleto,2004-10-14,Brazilian,sauber,Sauber,Swiss,17,R,18,2,Retired,0,,,,
2025,22,2025_22,Las Vegas Grand Prix,2025-11-23,stroll,STR,18,Lance Stroll,1998-10-29,Canadian,aston_martin,Aston Martin,British,18,R,12,0,Retired,0,,,,
2025,22,2025_22,Las Vegas Grand Prix,2025-11-23,norris,NOR,1,Lando Norris,1999-11-13,British,mclaren,McLaren,British,19,D,1,50,Disqualified,0,,,,
2025,22,2025_22,Las Vegas Grand Prix,2025-11-23,piastri,PIA,81,Oscar Piastri,2001-04-06,Australian,mclaren,McLaren,British,20,D,5,50,Disqualified,0,,,,
2025,23,2025_23,Qatar Grand Prix,2025-11-30,max_verstappen,VER,3,Max Verstappen,1997-09-30,Dutch,red_bull,Red Bull,Austrian,1,1,3,57,Finished,25,5,50,1:23.498,
2025,23,2025_23,Qatar Grand Prix,2025-11-30,piastri,PIA,81,Oscar Piastri,2001-04-06,Australian,mclaren,McLaren,British,2,2,1,57,Finished,18,1,44,1:22.996,
2025,23,2025_23,Qatar Grand Prix,2025-11-30,sainz,SAI,55,Carlos Sainz,1994-09-01,Spanish,williams,Williams,British,3,3,7,57,Finished,15,6,48,1:23.859,
2025,23,2025_23,Qatar Grand Prix,2025-11-30,norris,NOR,1,Lando Norris,1999-11-13,British,mclaren,McLaren,British,4,4,2,57,Finished,12,2,47,1:23.197,
2025,23,2025_23,Qatar Grand Prix,2025-11-30,antonelli,ANT,12,Andrea Kimi Antonelli,2006-08-25,Italian,mercedes,Mercedes,German,5,5,5,57,Finished,10,8,55,1:23.955,
2025,23,2025_23,Qatar Grand Prix,2025-11-30,russell,RUS,63,George Russell,1998-02-15,British,mercedes,Mercedes,German,6,6,4,57,Finished,8,3,56,1:23.198,
2025,23,2025_23,Qatar Grand Prix,2025-11-30,alonso,ALO,14,Fernando Alonso,1981-07-29,Spanish,aston_martin,Aston Martin,British,7,7,8,57,Finished,6,7,57,1:23.940,
2025,23,2025_23,Qatar Grand Prix,2025-11-30,leclerc,LEC,16,Charles Leclerc,1997-10-16,Monegasque,ferrari,Ferrari,Italian,8,8,10,57,Finished,4,13,56,1:24.432,
2025,23,2025_23,Qatar Grand Prix,2025-11-30,lawson,LAW,30,Liam Lawson,2002-02-11,New Zealander,rb,RB F1 Team,Italian,9,9,12,57,Finished,2,9,54,1:23.971,
2025,23,2025_23,Qatar Grand Prix,2025-11-30,tsunoda,TSU,22,Yuki Tsunoda,2000-05-11,Japanese,red_bull,Red Bull,Austrian,10,10,15,57,Finished,1,10,57,1:24.139,
2025,23,2025_23,Qatar Grand Prix,2025-11-30,albon,ALB,23,Alexander Albon,1996-03-23,Thai,williams,Williams,British,11,11,14,57,Finished,0,11,57,1:24.261,
2025,23,2025_23,Qatar Grand Prix,2025-11-30,hamilton,HAM,44,Lewis Hamilton,1985-01-07,British,ferrari,Ferrari,Italian,12,12,17,57,Finished,0,14,52,1:24.848,
2025,23,2025_23,Qatar Grand Prix,2025-11-30,bortoleto,BOR,5,Gabriel Bortoleto,2004-10-14,Brazilian,sauber,Sauber,Swiss,13,13,19,57,Finished,0,17,54,1:25.233,
2025,23,2025_23,Qatar Grand Prix,2025-11-30,colapinto,COL,43,Franco Colapinto,2003-05-27,Argentine,alpine,Alpine F1 Team,French,14,14,20,56,Lapped,0,19,52,1:25.644,
2025,23,2025_23,Qatar Grand Prix,2025-11-30,ocon,OCO,31,Esteban Ocon,1996-09-17,French,haas,Haas F1 Team,American,15,15,16,56,Lapped,0,16,36,1:25.056,
2025,23,2025_23,Qatar Grand Prix,2025-11-30,gasly,GAS,10,Pierre Gasly,1996-02-07,French,alpine,Alpine F1 Team,French,16,16,9,56,Lapped,0,18,54,1:25.376,
2025,23,2025_23,Qatar Grand Prix,2025-11-30,stroll,STR,18,Lance Stroll,1998-10-29,Canadian,aston_martin,Aston Martin,British,17,17,18,55,Retired,0,4,51,1:23.484,
2025,23,2025_23,Qatar Grand Prix,2025-11-30,hadjar,HAD,6,Isack Hadjar,2004-09-28,French,rb,RB F1 Team,Italian,18,18,6,55,Retired,0,12,52,1:24.317,
2025,23,2025_23,Qatar Grand Prix,2025-11-30,bearman,BEA,87,Oliver Bearman,2005-05-08,British,haas,Haas F1 Team,American,19,R,13,41,Retired,0,15,34,1:24.930,
2025,23,2025_23,Qatar Grand Prix,2025-11-30,hulkenberg,HUL,27,Nico Hülkenberg,1987-08-19,German,sauber,Sauber,Swiss,20,R,11,6,Retired,0,20,5,1:28.139,
2025,24,2025_24,Abu Dhabi Grand Prix,2025-12-07,max_verstappen,VER,3,Max Verstappen,1997-09-30,Dutch,red_bull,Red Bull,Austrian,1,1,1,58,Finished,25,5,39,1:27.625,
2025,24,2025_24,Abu Dhabi Grand Prix,2025-12-07,piastri,PIA,81,Oscar Piastri,2001-04-06,Australian,mclaren,McLaren,British,2,2,3,58,Finished,18,2,44,1:26.765,
2025,24,2025_24,Abu Dhabi Grand Prix,2025-12-07,norris,NOR,1,Lando Norris,1999-11-13,British,mclaren,McLaren,British,3,3,2,58,Finished,15,3,48,1:26.818,
2025,24,2025_24,Abu Dhabi Grand Prix,2025-12-07,leclerc,LEC,16,Charles Leclerc,1997-10-16,Monegasque,ferrari,Ferrari,Italian,4,4,5,58,Finished,12,1,45,1:26.725,
2025,24,2025_24,Abu Dhabi Grand Prix,2025-12-07,russell,RUS,63,George Russell,1998-02-15,British,mercedes,Mercedes,German,5,5,4,58,Finished,10,14,57,1:28.599,
2025,24,2025_24,Abu Dhabi Grand Prix,2025-12-07,alonso,ALO,14,Fernando Alonso,1981-07-29,Spanish,aston_martin,Aston Martin,British,6,6,6,58,Finished,8,11,54,1:28.279,
2025,24,2025_24,Abu Dhabi Grand Prix,2025-12-07,ocon,OCO,31,Esteban Ocon,1996-09-17,French,haas,Haas F1 Team,American,7,7,8,58,Finished,6,15,56,1:28.655,
2025,24,2025_24,Abu Dhabi Grand Prix,2025-12-07,hamilton,HAM,44,Lewis Hamilton,1985-01-07,British,ferrari,Ferrari,Italian,8,8,16,58,Finished,4,10,36,1:28.094,
2025,24,2025_24,Abu Dhabi Grand Prix,2025-12-07,hulkenberg,HUL,27,Nico Hülkenberg,1987-08-19,German,sauber,Sauber,Swiss,9,9,18,58,Finished,2,4,46,1:27.050,
2025,24,2025_24,Abu Dhabi Grand Prix,2025-12-07,stroll,STR,18,Lance Stroll,1998-10-29,Canadian,aston_martin,Aston Martin,British,10,10,15,58,Finished,1,6,52,1:27.626,
2025,24,2025_24,Abu Dhabi Grand Prix,2025-12-07,bortoleto,BOR,5,Gabriel Bortoleto,2004-10-14,Brazilian,sauber,Sauber,Swiss,11,11,7,58,Finished,0,19,47,1:29.114,
2025,24,2025_24,Abu Dhabi Grand Prix,2025-12-07,bearman,BEA,87,Oliver Bearman,2005-05-08,British,haas,Haas F1 Team,American,12,12,11,58,Finished,0,17,50,1:28.976,
2025,24,2025_24,Abu Dhabi Grand Prix,2025-12-07,sainz,SAI,55,Carlos Sainz,1994-09-01,Spanish,williams,Williams,British,13,13,12,58,Finished,0,18,51,1:29.052,
2025,24,2025_24,Abu Dhabi Grand Prix,2025-12-07,tsunoda,TSU,22,Yuki Tsunoda,2000-05-11,Japanese,red_bull,Red Bull,Austrian,14,14,10,58,Finished,0,13,44,1:28.557,
2025,24,2025_24,Abu Dhabi Grand Prix,2025-12-07,antonelli,ANT,12,Andrea Kimi Antonelli,2006-08-25,Italian,mercedes,Mercedes,German,15,15,14,58,Finished,0,9,34,1:28.029,
2025,24,2025_24,Abu Dhabi Grand Prix,2025-12-07,albon,ALB,23,Alexander Albon,1996-03-23,Thai,williams,Williams,British,16,16,17,58,Finished,0,12,45,1:28.367,
2025,24,2025_24,Abu Dhabi Grand Prix,2025-12-07,hadjar,HAD,6,Isack Hadjar,2004-09-28,French,rb,RB F1 Team,Italian,17,17,9,57,Lapped,0,20,52,1:29.375,
2025,24,2025_24,Abu Dhabi Grand Prix,2025-12-07,lawson,LAW,30,Liam Lawson,2002-02-11,New Zealander,rb,RB F1 Team,Italian,18,18,13,57,Lapped,0,16,39,1:28.886,
2025,24,2025_24,Abu Dhabi Grand Prix,2025-12-07,gasly,GAS,10,Pierre Gasly,1996-02-07,French,alpine,Alpine F1 Team,French,19,19,19,57,Lapped,0,8,46,1:27.767,
2025,24,2025_24,Abu Dhabi Grand Prix,2025-12-07,colapinto,COL,43,Franco Colapinto,2003-05-27,Argentine,alpine,Alpine F1 Team,French,20,20,20,57,Lapped,0,7,42,1:27.710,
2026,1,2026_1,Australian Grand Prix,2026-03-08,russell,RUS,63,George Russell,1998-02-15,British,mercedes,Mercedes,German,1,1,1,58,Finished,25,6,21,1:22.670,
2026,1,2026_1,Australian Grand Prix,2026-03-08,antonelli,ANT,12,Andrea Kimi Antonelli,2006-08-25,Italian,mercedes,Mercedes,German,2,2,2,58,Finished,18,3,57,1:22.417,
2026,1,2026_1,Australian Grand Prix,2026-03-08,leclerc,LEC,16,Charles Leclerc,1997-10-16,Monegasque,ferrari,Ferrari,Italian,3,3,4,58,Finished,15,5,38,1:22.579,
2026,1,2026_1,Australian Grand Prix,2026-03-08,hamilton,HAM,44,Lewis Hamilton,1985-01-07,British,ferrari,Ferrari,Italian,4,4,7,58,Finished,12,4,55,1:22.423,
2026,1,2026_1,Australian Grand Prix,2026-03-08,norris,NOR,1,Lando Norris,1999-11-13,British,mclaren,McLaren,British,5,5,6,58,Finished,10,2,53,1:22.358,
2026,1,2026_1,Australian Grand Prix,2026-03-08,max_verstappen,VER,3,Max Verstappen,1997-09-30,Dutch,red_bull,Red Bull,Austrian,6,6,20,58,Finished,8,1,43,1:22.091,
2026,1,2026_1,Australian Grand Prix,2026-03-08,bearman,BEA,87,Oliver Bearman,2005-05-08,British,haas,Haas F1 Team,American,7,7,12,57,Lapped,6,11,22,1:24.020,
2026,1,2026_1,Australian Grand Prix,2026-03-08,arvid_lindblad,LIN,41,Arvid Lindblad,2007-08-08,British,rb,RB F1 Team,Italian,8,8,9,57,Lapped,4,12,21,1:24.182,
2026,1,2026_1,Australian Grand Prix,2026-03-08,bortoleto,BOR,5,Gabriel Bortoleto,2004-10-14,Brazilian,audi,Audi,German,9,9,10,57,Lapped,2,8,45,1:23.257,
2026,1,2026_1,Australian Grand Prix,2026-03-08,gasly,GAS,10,Pierre Gasly,1996-02-07,French,alpine,Alpine F1 Team,French,10,10,14,57,Lapped,1,15,56,1:24.486,
2026,1,2026_1,Australian Grand Prix,2026-03-08,ocon,OCO,31,Esteban Ocon,1996-09-17,French,haas,Haas F1 Team,American,11,11,13,57,Lapped,0,14,25,1:24.424,
2026,1,2026_1,Australian Grand Prix,2026-03-08,albon,ALB,23,Alexander Albon,1996-03-23,Thai,williams,Williams,British,12,12,15,57,Lapped,0,13,36,1:24.375,
2026,1,2026_1,Australian Grand Prix,2026-03-08,lawson,LAW,30,Liam Lawson,2002-02-11,New Zealander,rb,RB F1 Team,Italian,13,13,8,57,Lapped,0,10,47,1:23.783,
2026,1,2026_1,Australian Grand Prix,2026-03-08,colapinto,COL,43,Franco Colapinto,2003-05-27,Argentine,alpine,Alpine F1 Team,French,14,14,16,56,Lapped,0,7,48,1:22.926,
2026,1,2026_1,Australian Grand Prix,2026-03-08,sainz,SAI,55,Carlos Sainz,1994-09-01,Spanish,williams,Williams,British,15,15,21,56,Lapped,0,9,52,1:23.590,
2026,1,2026_1,Australian Grand Prix,2026-03-08,perez,PER,11,Sergio Pérez,1990-01-26,Mexican,cadillac,Cadillac F1 Team,American,16,16,18,55,Lapped,0,19,47,1:26.070,
2026,1,2026_1,Australian Grand Prix,2026-03-08,stroll,STR,18,Lance Stroll,1998-10-29,Canadian,aston_martin,Aston Martin,British,17,R,22,43,Lapped,0,17,36,1:25.410,
2026,1,2026_1,Australian Grand Prix,2026-03-08,alonso,ALO,14,Fernando Alonso,1981-07-29,Spanish,aston_martin,Aston Martin,British,18,R,17,21,Retired,0,18,15,1:25.713,
2026,1,2026_1,Australian Grand Prix,2026-03-08,bottas,BOT,77,Valtteri Bottas,1989-08-28,Finnish,cadillac,Cadillac F1 Team,American,19,R,19,15,Retired,0,20,8,1:27.364,
2026,1,2026_1,Australian Grand Prix,2026-03-08,hadjar,HAD,6,Isack Hadjar,2004-09-28,French,red_bull,Red Bull,Austrian,20,R,3,10,Retired,0,16,9,1:25.239,
2026,1,2026_1,Australian Grand Prix,2026-03-08,piastri,PIA,81,Oscar Piastri,2001-04-06,Australian,mclaren,McLaren,British,21,W,5,0,Did not start,0,,,,
2026,1,2026_1,Australian Grand Prix,2026-03-08,hulkenberg,HUL,27,Nico Hülkenberg,1987-08-19,German,audi,Audi,German,22,W,11,0,Did not start,0,,,,
2026,2,2026_2,Chinese Grand Prix,2026-03-15,antonelli,ANT,12,Andrea Kimi Antonelli,2006-08-25,Italian,mercedes,Mercedes,German,1,1,1,56,Finished,25,1,52,1:35.275,
2026,2,2026_2,Chinese Grand Prix,2026-03-15,russell,RUS,63,George Russell,1998-02-15,British,mercedes,Mercedes,German,2,2,2,56,Finished,18,2,56,1:35.400,
2026,2,2026_2,Chinese Grand Prix,2026-03-15,hamilton,HAM,44,Lewis Hamilton,1985-01-07,British,ferrari,Ferrari,Italian,3,3,3,56,Finished,15,5,55,1:36.092,
2026,2,2026_2,Chinese Grand Prix,2026-03-15,leclerc,LEC,16,Charles Leclerc,1997-10-16,Monegasque,ferrari,Ferrari,Italian,4,4,4,56,Finished,12,4,56,1:36.011,
2026,2,2026_2,Chinese Grand Prix,2026-03-15,bearman,BEA,87,Oliver Bearman,2005-05-08,British,haas,Haas F1 Team,American,5,5,10,56,Finished,10,8,56,1:36.429,
2026,2,2026_2,Chinese Grand Prix,2026-03-15,gasly,GAS,10,Pierre Gasly,1996-02-07,French,alpine,Alpine F1 Team,French,6,6,7,56,Finished,8,9,53,1:36.505,
2026,2,2026_2,Chinese Grand Prix,2026-03-15,lawson,LAW,30,Liam Lawson,2002-02-11,New Zealander,rb,RB F1 Team,Italian,7,7,14,56,Finished,6,12,56,1:37.096,
2026,2,2026_2,Chinese Grand Prix,2026-03-15,hadjar,HAD,6,Isack Hadjar,2004-09-28,French,red_bull,Red Bull,Austrian,8,8,9,56,Finished,4,13,46,1:37.311,
2026,2,2026_2,Chinese Grand Prix,2026-03-15,sainz,SAI,55,Carlos Sainz,1994-09-01,Spanish,williams,Williams,British,9,9,17,55,Lapped,2,14,51,1:37.981,
2026,2,2026_2,Chinese Grand Prix,2026-03-15,colapinto,COL,43,Franco Colapinto,2003-05-27,Argentine,alpine,Alpine F1 Team,French,10,10,12,55,Lapped,1,10,35,1:36.783,
2026,2,2026_2,Chinese Grand Prix,2026-03-15,hulkenberg,HUL,27,Nico Hülkenberg,1987-08-19,German,audi,Audi,German,11,11,11,55,Lapped,0,7,38,1:36.180,
2026,2,2026_2,Chinese Grand Prix,2026-03-15,arvid_lindblad,LIN,41,Arvid Lindblad,2007-08-08,British,rb,RB F1 Team,Italian,12,12,15,55,Lapped,0,6,46,1:36.099,
2026,2,2026_2,Chinese Grand Prix,2026-03-15,bottas,BOT,77,Valtteri Bottas,1989-08-28,Finnish,cadillac,Cadillac F1 Team,American,13,13,19,55,Lapped,0,15,55,1:38.393,
2026,2,2026_2,Chinese Grand Prix,2026-03-15,ocon,OCO,31,Esteban Ocon,1996-09-17,French,haas,Haas F1 Team,American,14,14,13,55,Lapped,0,3,54,1:35.964,
2026,2,2026_2,Chinese Grand Prix,2026-03-15,perez,PER,11,Sergio Pérez,1990-01-26,Mexican,cadillac,Cadillac F1 Team,American,15,15,21,55,Lapped,0,16,50,1:38.523,
2026,2,2026_2,Chinese Grand Prix,2026-03-15,max_verstappen,VER,3,Max Verstappen,1997-09-30,Dutch,red_bull,Red Bull,Austrian,16,R,8,45,Retired,0,11,39,1:37.046,
2026,2,2026_2,Chinese Grand Prix,2026-03-15,alonso,ALO,14,Fernando Alonso,1981-07-29,Spanish,aston_martin,Aston Martin,British,17,R,18,32,Retired,0,17,25,1:39.721,
2026,2,2026_2,Chinese Grand Prix,2026-03-15,stroll,STR,18,Lance Stroll,1998-10-29,Canadian,aston_martin,Aston Martin,British,18,R,20,9,Retired,0,18,9,1:40.883,
2026,2,2026_2,Chinese Grand Prix,2026-03-15,piastri,PIA,81,Oscar Piastri,2001-04-06,Australian,mclaren,McLaren,British,19,W,5,0,Did not start,0,,,,
2026,2,2026_2,Chinese Grand Prix,2026-03-15,norris,NOR,1,Lando Norris,1999-11-13,British,mclaren,McLaren,British,20,W,6,0,Did not start,0,,,,
2026,2,2026_2,Chinese Grand Prix,2026-03-15,bortoleto,BOR,5,Gabriel Bortoleto,2004-10-14,Brazilian,audi,Audi,German,21,W,16,0,Did not start,0,,,,
2026,2,2026_2,Chinese Grand Prix,2026-03-15,albon,ALB,23,Alexander Albon,1996-03-23,Thai,williams,Williams,British,22,W,22,0,Did not start,0,,,,
2026,3,2026_3,Japanese Grand Prix,2026-03-29,antonelli,ANT,12,Andrea Kimi Antonelli,2006-08-25,Italian,mercedes,Mercedes,German,1,1,1,53,Finished,25,1,49,1:32.432,
2026,3,2026_3,Japanese Grand Prix,2026-03-29,piastri,PIA,81,Oscar Piastri,2001-04-06,Australian,mclaren,McLaren,British,2,2,3,53,Finished,18,5,49,1:32.996,
2026,3,2026_3,Japanese Grand Prix,2026-03-29,leclerc,LEC,16,Charles Leclerc,1997-10-16,Monegasque,ferrari,Ferrari,Italian,3,3,4,53,Finished,15,3,53,1:32.634,
2026,3,2026_3,Japanese Grand Prix,2026-03-29,russell,RUS,63,George Russell,1998-02-15,British,mercedes,Mercedes,German,4,4,2,53,Finished,12,2,53,1:32.549,
2026,3,2026_3,Japanese Grand Prix,2026-03-29,norris,NOR,1,Lando Norris,1999-11-13,British,mclaren,McLaren,British,5,5,5,53,Finished,10,6,52,1:33.208,
2026,3,2026_3,Japanese Grand Prix,2026-03-29,hamilton,HAM,44,Lewis Hamilton,1985-01-07,British,ferrari,Ferrari,Italian,6,6,6,53,Finished,8,4,48,1:32.777,
2026,3,2026_3,Japanese Grand Prix,2026-03-29,gasly,GAS,10,Pierre Gasly,1996-02-07,French,alpine,Alpine F1 Team,French,7,7,7,53,Finished,6,9,39,1:33.691,
2026,3,2026_3,Japanese Grand Prix,2026-03-29,max_verstappen,VER,3,Max Verstappen,1997-09-30,Dutch,red_bull,Red Bull,Austrian,8,8,11,53,Finished,4,8,41,1:33.552,
2026,3,2026_3,Japanese Grand Prix,2026-03-29,lawson,LAW,30,Liam Lawson,2002-02-11,New Zealander,rb,RB F1 Team,Italian,9,9,14,53,Finished,2,13,53,1:34.230,
2026,3,2026_3,Japanese Grand Prix,2026-03-29,ocon,OCO,31,Esteban Ocon,1996-09-17,French,haas,Haas F1 Team,American,10,10,12,53,Finished,1,14,53,1:34.256,
2026,3,2026_3,Japanese Grand Prix,2026-03-29,hulkenberg,HUL,27,Nico Hülkenberg,1987-08-19,German,audi,Audi,German,11,11,13,53,Finished,0,10,47,1:33.732,
2026,3,2026_3,Japanese Grand Prix,2026-03-29,hadjar,HAD,6,Isack Hadjar,2004-09-28,French,red_bull,Red Bull,Austrian,12,12,8,53,Finished,0,11,53,1:33.837,
2026,3,2026_3,Japanese Grand Prix,2026-03-29,bortoleto,BOR,5,Gabriel Bortoleto,2004-10-14,Brazilian,audi,Audi,German,13,13,9,53,Finished,0,12,40,1:34.164,
2026,3,2026_3,Japanese Grand Prix,2026-03-29,arvid_lindblad,LIN,41,Arvid Lindblad,2007-08-08,British,rb,RB F1 Team,Italian,14,14,10,53,Finished,0,15,53,1:34.314,
2026,3,2026_3,Japanese Grand Prix,2026-03-29,sainz,SAI,55,Carlos Sainz,1994-09-01,Spanish,williams,Williams,British,15,15,16,53,Finished,0,17,38,1:34.514,
2026,3,2026_3,Japanese Grand Prix,2026-03-29,colapinto,COL,43,Franco Colapinto,2003-05-27,Argentine,alpine,Alpine F1 Team,French,16,16,15,53,Finished,0,16,41,1:34.512,
2026,3,2026_3,Japanese Grand Prix,2026-03-29,perez,PER,11,Sergio Pérez,1990-01-26,Mexican,cadillac,Cadillac F1 Team,American,17,17,19,53,Finished,0,19,53,1:35.637,
2026,3,2026_3,Japanese Grand Prix,2026-03-29,alonso,ALO,14,Fernando Alonso,1981-07-29,Spanish,aston_martin,Aston Martin,British,18,18,21,52,Lapped,0,20,47,1:36.221,
2026,3,2026_3,Japanese Grand Prix,2026-03-29,bottas,BOT,77,Valtteri Bottas,1989-08-28,Finnish,cadillac,Cadillac F1 Team,American,19,19,20,52,Lapped,0,21,52,1:36.269,
2026,3,2026_3,Japanese Grand Prix,2026-03-29,albon,ALB,23,Alexander Albon,1996-03-23,Thai,williams,Williams,British,20,20,17,51,Lapped,0,7,51,1:33.427,
2026,3,2026_3,Japanese Grand Prix,2026-03-29,stroll,STR,18,Lance Stroll,1998-10-29,Canadian,aston_martin,Aston Martin,British,21,R,22,30,Retired,0,22,29,1:37.217,
2026,3,2026_3,Japanese Grand Prix,2026-03-29,bearman,BEA,87,Oliver Bearman,2005-05-08,British,haas,Haas F1 Team,American,22,R,18,20,Retired,0,18,20,1:35.604,
2026,4,2026_4,Miami Grand Prix,2026-05-03,antonelli,ANT,12,Andrea Kimi Antonelli,2006-08-25,Italian,mercedes,Mercedes,German,1,1,1,57,Finished,25,3,34,1:31.968,
2026,4,2026_4,Miami Grand Prix,2026-05-03,norris,NOR,1,Lando Norris,1999-11-13,British,mclaren,McLaren,British,2,2,4,57,Finished,18,1,35,1:31.869,
2026,4,2026_4,Miami Grand Prix,2026-05-03,piastri,PIA,81,Oscar Piastri,2001-04-06,Australian,mclaren,McLaren,British,3,3,7,57,Finished,15,2,30,1:31.949,
2026,4,2026_4,Miami Grand Prix,2026-05-03,russell,RUS,63,George Russell,1998-02-15,British,mercedes,Mercedes,German,4,4,5,57,Finished,12,4,53,1:32.446,
2026,4,2026_4,Miami Grand Prix,2026-05-03,max_verstappen,VER,3,Max Verstappen,1997-09-30,Dutch,red_bull,Red Bull,Austrian,5,5,2,57,Finished,10,9,24,1:33.110,
2026,4,2026_4,Miami Grand Prix,2026-05-03,hamilton,HAM,44,Lewis Hamilton,1985-01-07,British,ferrari,Ferrari,Italian,6,6,6,57,Finished,8,6,29,1:32.676,
2026,4,2026_4,Miami Grand Prix,2026-05-03,colapinto,COL,43,Franco Colapinto,2003-05-27,Argentine,alpine,Alpine F1 Team,French,7,7,8,57,Finished,6,8,33,1:33.035,
2026,4,2026_4,Miami Grand Prix,2026-05-03,leclerc,LEC,16,Charles Leclerc,1997-10-16,Monegasque,ferrari,Ferrari,Italian,8,8,3,57,Finished,4,5,44,1:32.515,
2026,4,2026_4,Miami Grand Prix,2026-05-03,sainz,SAI,55,Carlos Sainz,1994-09-01,Spanish,williams,Williams,British,9,9,13,57,Finished,2,7,30,1:33.026,
2026,4,2026_4,Miami Grand Prix,2026-05-03,albon,ALB,23,Alexander Albon,1996-03-23,Thai,williams,Williams,British,10,10,15,57,Finished,1,13,30,1:33.784,
2026,4,2026_4,Miami Grand Prix,2026-05-03,bearman,BEA,87,Oliver Bearman,2005-05-08,British,haas,Haas F1 Team,American,11,11,12,56,Lapped,0,12,28,1:33.744,
2026,4,2026_4,Miami Grand Prix,2026-05-03,bortoleto,BOR,5,Gabriel Bortoleto,2004-10-14,Brazilian,audi,Audi,German,12,12,21,56,Lapped,0,10,55,1:33.500,
2026,4,2026_4,Miami Grand Prix,2026-05-03,ocon,OCO,31,Esteban Ocon,1996-09-17,French,haas,Haas F1 Team,American,13,13,14,56,Lapped,0,11,33,1:33.712,
2026,4,2026_4,Miami Grand Prix,2026-05-03,arvid_lindblad,LIN,41,Arvid Lindblad,2007-08-08,British,rb,RB F1 Team,Italian,14,14,16,56,Lapped,0,14,30,1:34.058,
2026,4,2026_4,Miami Grand Prix,2026-05-03,alonso,ALO,14,Fernando Alonso,1981-07-29,Spanish,aston_martin,Aston Martin,British,15,15,17,56,Lapped,0,16,45,1:34.594,
2026,4,2026_4,Miami Grand Prix,2026-05-03,perez,PER,11,Sergio Pérez,1990-01-26,Mexican,cadillac,Cadillac F1 Team,American,16,16,20,56,Lapped,0,21,31,1:34.895,
2026,4,2026_4,Miami Grand Prix,2026-05-03,stroll,STR,18,Lance Stroll,1998-10-29,Canadian,aston_martin,Aston Martin,British,17,17,18,56,Lapped,0,17,56,1:34.716,
2026,4,2026_4,Miami Grand Prix,2026-05-03,bottas,BOT,77,Valtteri Bottas,1989-08-28,Finnish,cadillac,Cadillac F1 Team,American,18,18,19,55,Lapped,0,22,16,1:36.080,
2026,4,2026_4,Miami Grand Prix,2026-05-03,hulkenberg,HUL,27,Nico Hülkenberg,1987-08-19,German,audi,Audi,German,19,R,10,7,Retired,0,15,4,1:34.523,
2026,4,2026_4,Miami Grand Prix,2026-05-03,lawson,LAW,30,Liam Lawson,2002-02-11,New Zealander,rb,RB F1 Team,Italian,20,R,11,6,Retired,0,18,3,1:34.814,
2026,4,2026_4,Miami Grand Prix,2026-05-03,gasly,GAS,10,Pierre Gasly,1996-02-07,French,alpine,Alpine F1 Team,French,21,R,9,4,Retired,0,20,4,1:34.856,
2026,4,2026_4,Miami Grand Prix,2026-05-03,hadjar,HAD,6,Isack Hadjar,2004-09-28,French,red_bull,Red Bull,Austrian,22,R,22,4,Retired,0,19,4,1:34.833,
2026,5,2026_5,Canadian Grand Prix,2026-05-24,antonelli,ANT,12,Andrea Kimi Antonelli,2006-08-25,Italian,mercedes,Mercedes,German,1,1,2,68,Finished,25,1,68,1:14.210,
2026,5,2026_5,Canadian Grand Prix,2026-05-24,hamilton,HAM,44,Lewis Hamilton,1985-01-07,British,ferrari,Ferrari,Italian,2,2,5,68,Finished,18,3,61,1:14.573,
2026,5,2026_5,Canadian Grand Prix,2026-05-24,max_verstappen,VER,3,Max Verstappen,1997-09-30,Dutch,red_bull,Red Bull,Austrian,3,3,6,68,Finished,15,2,68,1:14.398,
2026,5,2026_5,Canadian Grand Prix,2026-05-24,leclerc,LEC,16,Charles Leclerc,1997-10-16,Monegasque,ferrari,Ferrari,Italian,4,4,8,68,Finished,12,5,37,1:15.297,
2026,5,2026_5,Canadian Grand Prix,2026-05-24,hadjar,HAD,6,Isack Hadjar,2004-09-28,French,red_bull,Red Bull,Austrian,5,5,7,67,Lapped,10,4,67,1:14.578,
2026,5,2026_5,Canadian Grand Prix,2026-05-24,colapinto,COL,43,Franco Colapinto,2003-05-27,Argentine,alpine,Alpine F1 Team,French,6,6,10,67,Lapped,8,8,67,1:15.462,
2026,5,2026_5,Canadian Grand Prix,2026-05-24,lawson,LAW,30,Liam Lawson,2002-02-11,New Zealander,rb,RB F1 Team,Italian,7,7,12,67,Lapped,6,10,59,1:15.604,
2026,5,2026_5,Canadian Grand Prix,2026-05-24,gasly,GAS,10,Pierre Gasly,1996-02-07,French,alpine,Alpine F1 Team,French,8,8,14,67,Lapped,4,6,67,1:15.390,
2026,5,2026_5,Canadian Grand Prix,2026-05-24,sainz,SAI,55,Carlos Sainz,1994-09-01,Spanish,williams,Williams,British,9,9,15,67,Lapped,2,12,65,1:15.852,
2026,5,2026_5,Canadian Grand Prix,2026-05-24,bearman,BEA,87,Oliver Bearman,2005-05-08,British,haas,Haas F1 Team,American,10,10,16,67,Lapped,1,13,64,1:16.002,
2026,5,2026_5,Canadian Grand Prix,2026-05-24,piastri,PIA,81,Oscar Piastri,2001-04-06,Australian,mclaren,McLaren,British,11,11,4,66,Lapped,0,7,61,1:15.456,
2026,5,2026_5,Canadian Grand Prix,2026-05-24,hulkenberg,HUL,27,Nico Hülkenberg,1987-08-19,German,audi,Audi,German,12,12,11,66,Lapped,0,15,57,1:16.275,
2026,5,2026_5,Canadian Grand Prix,2026-05-24,bortoleto,BOR,5,Gabriel Bortoleto,2004-10-14,Brazilian,audi,Audi,German,13,13,13,66,Lapped,0,14,50,1:16.221,
2026,5,2026_5,Canadian Grand Prix,2026-05-24,ocon,OCO,31,Esteban Ocon,1996-09-17,French,haas,Haas F1 Team,American,14,14,17,66,Lapped,0,16,64,1:16.577,
2026,5,2026_5,Canadian Grand Prix,2026-05-24,stroll,STR,18,Lance Stroll,1998-10-29,Canadian,aston_martin,Aston Martin,British,15,15,22,64,Lapped,0,20,39,1:18.721,
2026,5,2026_5,Canadian Grand Prix,2026-05-24,bottas,BOT,77,Valtteri Bottas,1989-08-28,Finnish,cadillac,Cadillac F1 Team,American,16,16,21,64,Lapped,0,19,59,1:17.725,
2026,5,2026_5,Canadian Grand Prix,2026-05-24,perez,PER,11,Sergio Pérez,1990-01-26,Mexican,cadillac,Cadillac F1 Team,American,17,R,20,39,Retired,0,17,37,1:16.915,
2026,5,2026_5,Canadian Grand Prix,2026-05-24,norris,NOR,1,Lando Norris,1999-11-13,British,mclaren,McLaren,British,18,R,3,38,Retired,0,11,36,1:15.845,
2026,5,2026_5,Canadian Grand Prix,2026-05-24,russell,RUS,63,George Russell,1998-02-15,British,mercedes,Mercedes,German,19,R,1,29,Retired,0,9,16,1:15.477,
2026,5,2026_5,Canadian Grand Prix,2026-05-24,alonso,ALO,14,Fernando Alonso,1981-07-29,Spanish,aston_martin,Aston Martin,British,20,R,19,23,Retired,0,21,10,1:19.635,
2026,5,2026_5,Canadian Grand Prix,2026-05-24,albon,ALB,23,Alexander Albon,1996-03-23,Thai,williams,Williams,British,21,R,18,11,Retired,0,18,11,1:17.221,
2026,5,2026_5,Canadian Grand Prix,2026-05-24,arvid_lindblad,LIN,41,Arvid Lindblad,2007-08-08,British,rb,RB F1 Team,Italian,22,W,9,0,Did not start,0,,,,
2026,6,2026_6,Monaco Grand Prix,2026-06-07,antonelli,ANT,12,Andrea Kimi Antonelli,2006-08-25,Italian,mercedes,Mercedes,German,1,1,1,78,Finished,25,1,76,1:13.481,
2026,6,2026_6,Monaco Grand Prix,2026-06-07,hamilton,HAM,44,Lewis Hamilton,1985-01-07,British,ferrari,Ferrari,Italian,2,2,3,78,Finished,18,2,74,1:14.643,
2026,6,2026_6,Monaco Grand Prix,2026-06-07,gasly,GAS,10,Pierre Gasly,1996-02-07,French,alpine,Alpine F1 Team,French,3,3,9,78,Finished,15,3,77,1:15.497,
2026,6,2026_6,Monaco Grand Prix,2026-06-07,hadjar,HAD,6,Isack Hadjar,2004-09-28,French,red_bull,Red Bull,Austrian,4,4,5,78,Finished,12,4,77,1:15.669,
2026,6,2026_6,Monaco Grand Prix,2026-06-07,piastri,PIA,81,Oscar Piastri,2001-04-06,Australian,mclaren,McLaren,British,5,5,7,78,Finished,10,7,76,1:15.816,
2026,6,2026_6,Monaco Grand Prix,2026-06-07,lawson,LAW,30,Liam Lawson,2002-02-11,New Zealander,rb,RB F1 Team,Italian,6,6,10,78,Finished,8,5,76,1:15.754,
2026,6,2026_6,Monaco Grand Prix,2026-06-07,arvid_lindblad,LIN,41,Arvid Lindblad,2007-08-08,British,rb,RB F1 Team,Italian,7,7,15,78,Finished,6,8,76,1:15.908,
2026,6,2026_6,Monaco Grand Prix,2026-06-07,albon,ALB,23,Alexander Albon,1996-03-23,Thai,williams,Williams,British,8,8,11,78,Finished,4,12,78,1:16.393,
2026,6,2026_6,Monaco Grand Prix,2026-06-07,ocon,OCO,31,Esteban Ocon,1996-09-17,French,haas,Haas F1 Team,American,9,9,17,78,Finished,2,15,77,1:16.914,
2026,6,2026_6,Monaco Grand Prix,2026-06-07,alonso,ALO,14,Fernando Alonso,1981-07-29,Spanish,aston_martin,Aston Martin,British,10,10,21,78,Finished,1,16,77,1:17.120,
2026,6,2026_6,Monaco Grand Prix,2026-06-07,bortoleto,BOR,5,Gabriel Bortoleto,2004-10-14,Brazilian,audi,Audi,German,11,11,16,78,Finished,0,13,46,1:16.803,
2026,6,2026_6,Monaco Grand Prix,2026-06-07,russell,RUS,63,George Russell,1998-02-15,British,mercedes,Mercedes,German,12,12,6,78,Finished,0,6,56,1:15.773,
2026,6,2026_6,Monaco Grand Prix,2026-06-07,hulkenberg,HUL,27,Nico Hülkenberg,1987-08-19,German,audi,Audi,German,13,13,13,78,Finished,0,11,15,1:16.332,
2026,6,2026_6,Monaco Grand Prix,2026-06-07,colapinto,COL,43,Franco Colapinto,2003-05-27,Argentine,alpine,Alpine F1 Team,French,14,14,14,78,Finished,0,10,74,1:16.316,
2026,6,2026_6,Monaco Grand Prix,2026-06-07,perez,PER,11,Sergio Pérez,1990-01-26,Mexican,cadillac,Cadillac F1 Team,American,15,15,18,78,Finished,0,14,78,1:16.891,
2026,6,2026_6,Monaco Grand Prix,2026-06-07,sainz,SAI,55,Carlos Sainz,1994-09-01,Spanish,williams,Williams,British,16,16,12,70,Retired,0,18,51,1:18.022,
2026,6,2026_6,Monaco Grand Prix,2026-06-07,leclerc,LEC,16,Charles Leclerc,1997-10-16,Monegasque,ferrari,Ferrari,Italian,17,R,4,64,Retired,0,9,53,1:15.964,
2026,6,2026_6,Monaco Grand Prix,2026-06-07,stroll,STR,18,Lance Stroll,1998-10-29,Canadian,aston_martin,Aston Martin,British,18,R,22,56,Retired,0,20,36,1:18.845,
2026,6,2026_6,Monaco Grand Prix,2026-06-07,norris,NOR,1,Lando Norris,1999-11-13,British,mclaren,McLaren,British,19,R,8,43,Retired,0,17,34,1:17.670,
2026,6,2026_6,Monaco Grand Prix,2026-06-07,bearman,BEA,87,Oliver Bearman,2005-05-08,British,haas,Haas F1 Team,American,20,R,19,27,Retired,0,19,22,1:18.475,
2026,6,2026_6,Monaco Grand Prix,2026-06-07,bottas,BOT,77,Valtteri Bottas,1989-08-28,Finnish,cadillac,Cadillac F1 Team,American,21,R,20,15,Retired,0,21,8,1:20.494,
2026,6,2026_6,Monaco Grand Prix,2026-06-07,max_verstappen,VER,3,Max Verstappen,1997-09-30,Dutch,red_bull,Red Bull,Austrian,22,R,2,0,Retired,0,,,,
2026,7,2026_7,Barcelona Grand Prix,2026-06-14,hamilton,HAM,44,Lewis Hamilton,1985-01-07,British,ferrari,Ferrari,Italian,1,1,2,66,Finished,25,1,44,1:20.122,
2026,7,2026_7,Barcelona Grand Prix,2026-06-14,russell,RUS,63,George Russell,1998-02-15,British,mercedes,Mercedes,German,2,2,1,66,Finished,18,6,43,1:20.640,
2026,7,2026_7,Barcelona Grand Prix,2026-06-14,norris,NOR,1,Lando Norris,1999-11-13,British,mclaren,McLaren,British,3,3,4,66,Finished,15,4,37,1:20.232,
2026,7,2026_7,Barcelona Grand Prix,2026-06-14,max_verstappen,VER,3,Max Verstappen,1997-09-30,Dutch,red_bull,Red Bull,Austrian,4,4,5,66,Finished,12,3,42,1:20.230,
2026,7,2026_7,Barcelona Grand Prix,2026-06-14,piastri,PIA,81,Oscar Piastri,2001-04-06,Australian,mclaren,McLaren,British,5,5,7,66,Finished,10,8,46,1:20.835,
2026,7,2026_7,Barcelona Grand Prix,2026-06-14,hadjar,HAD,6,Isack Hadjar,2004-09-28,French,red_bull,Red Bull,Austrian,6,6,6,65,Lapped,8,2,60,1:20.150,
2026,7,2026_7,Barcelona Grand Prix,2026-06-14,gasly,GAS,10,Pierre Gasly,1996-02-07,French,alpine,Alpine F1 Team,French,7,7,14,65,Lapped,6,13,43,1:21.960,
2026,7,2026_7,Barcelona Grand Prix,2026-06-14,lawson,LAW,30,Liam Lawson,2002-02-11,New Zealander,rb,RB F1 Team,Italian,8,8,8,65,Lapped,4,17,45,1:22.691,
2026,7,2026_7,Barcelona Grand Prix,2026-06-14,arvid_lindblad,LIN,41,Arvid Lindblad,2007-08-08,British,rb,RB F1 Team,Italian,9,9,11,65,Lapped,2,12,45,1:21.914,
2026,7,2026_7,Barcelona Grand Prix,2026-06-14,colapinto,COL,43,Franco Colapinto,2003-05-27,Argentine,alpine,Alpine F1 Team,French,10,10,13,65,Lapped,1,16,43,1:22.449,
2026,7,2026_7,Barcelona Grand Prix,2026-06-14,bortoleto,BOR,5,Gabriel Bortoleto,2004-10-14,Brazilian,audi,Audi,German,11,11,12,64,Lapped,0,9,55,1:21.446,
2026,7,2026_7,Barcelona Grand Prix,2026-06-14,sainz,SAI,55,Carlos Sainz,1994-09-01,Spanish,williams,Williams,British,12,12,16,64,Lapped,0,14,58,1:22.061,
2026,7,2026_7,Barcelona Grand Prix,2026-06-14,ocon,OCO,31,Esteban Ocon,1996-09-17,French,haas,Haas F1 Team,American,13,13,17,64,Lapped,0,10,63,1:21.643,
2026,7,2026_7,Barcelona Grand Prix,2026-06-14,perez,PER,11,Sergio Pérez,1990-01-26,Mexican,cadillac,Cadillac F1 Team,American,14,14,19,63,Lapped,0,18,43,1:22.820,
2026,7,2026_7,Barcelona Grand Prix,2026-06-14,leclerc,LEC,16,Charles Leclerc,1997-10-16,Monegasque,ferrari,Ferrari,Italian,15,15,10,62,Retired,0,5,47,1:20.379,
2026,7,2026_7,Barcelona Grand Prix,2026-06-14,antonelli,ANT,12,Andrea Kimi Antonelli,2006-08-25,Italian,mercedes,Mercedes,German,16,16,3,61,Retired,0,7,46,1:20.704,
2026,7,2026_7,Barcelona Grand Prix,2026-06-14,bearman,BEA,87,Oliver Bearman,2005-05-08,British,haas,Haas F1 Team,American,17,17,15,60,Retired,0,15,43,1:22.419,
2026,7,2026_7,Barcelona Grand Prix,2026-06-14,albon,ALB,23,Alexander Albon,1996-03-23,Thai,williams,Williams,British,18,R,18,55,Lapped,0,11,54,1:21.744,
2026,7,2026_7,Barcelona Grand Prix,2026-06-14,alonso,ALO,14,Fernando Alonso,1981-07-29,Spanish,aston_martin,Aston Martin,British,19,R,22,37,Retired,0,20,27,1:25.366,
2026,7,2026_7,Barcelona Grand Prix,2026-06-14,hulkenberg,HUL,27,Nico Hülkenberg,1987-08-19,German,audi,Audi,German,20,R,9,29,Retired,0,19,2,1:23.447,
2026,7,2026_7,Barcelona Grand Prix,2026-06-14,bottas,BOT,77,Valtteri Bottas,1989-08-28,Finnish,cadillac,Cadillac F1 Team,American,21,R,20,15,Retired,0,21,3,1:25.745,
2026,7,2026_7,Barcelona Grand Prix,2026-06-14,stroll,STR,18,Lance Stroll,1998-10-29,Canadian,aston_martin,Aston Martin,British,22,R,21,5,Retired,0,22,3,1:25.904,
