season,round,race_id,driver_id,stop_number,lap,time,duration,milliseconds
2023,1,2023_1,gasly,1,9,18:18:56,25.885,
2023,1,2023_1,norris,1,10,18:20:31,32.766,
2023,1,2023_1,tsunoda,1,10,18:20:34,25.267,
2023,1,2023_1,bottas,1,11,18:22:06,25.399,
2023,1,2023_1,albon,1,11,18:22:12,25.054,
2023,1,2023_1,de_vries,1,11,18:22:21,25.018,
2023,1,2023_1,hulkenberg,1,11,18:22:21,26.075,
2023,1,2023_1,hamilton,1,12,18:23:40,24.682,
2023,1,2023_1,ocon,1,12,18:23:50,24.966,
2023,1,2023_1,sargeant,1,12,18:23:55,25.600,
2023,1,2023_1,zhou,1,12,18:24:01,25.787,
2023,1,2023_1,leclerc,1,13,18:25:06,24.345,
2023,1,2023_1,sainz,1,13,18:25:17,24.500,
2023,1,2023_1,russell,1,13,18:25:24,27.062,
2023,1,2023_1,max_verstappen,1,14,18:26:35,24.289,
2023,1,2023_1,alonso,1,14,18:27:02,25.800,
2023,1,2023_1,stroll,1,15,18:28:45,25.449,
2023,1,2023_1,kevin_magnussen,1,15,18:29:10,25.439,
2023,1,2023_1,ocon,2,15,18:29:11,41.462,
2023,1,2023_1,perez,1,17,18:31:42,24.264,
2023,1,2023_1,norris,2,17,18:32:38,33.661,
2023,1,2023_1,gasly,2,25,18:45:48,24.879,
2023,1,2023_1,albon,2,26,18:47:25,24.920,
2023,1,2023_1,tsunoda,2,26,18:47:26,24.372,
2023,1,2023_1,hulkenberg,2,26,18:47:41,37.769,
2023,1,2023_1,de_vries,2,27,18:49:16,25.234,
2023,1,2023_1,norris,3,27,18:49:35,33.467,
2023,1,2023_1,bottas,2,29,18:52:16,25.643,
2023,1,2023_1,kevin_magnussen,2,29,18:52:40,25.344,
2023,1,2023_1,hamilton,2,30,18:53:36,24.690,
2023,1,2023_1,stroll,2,30,18:53:45,24.639,
2023,1,2023_1,sargeant,2,30,18:54:09,25.670,
2023,1,2023_1,sainz,2,31,18:55:11,24.227,
2023,1,2023_1,russell,2,31,18:55:21,24.406,
2023,1,2023_1,zhou,2,32,18:57:31,25.282,
2023,1,2023_1,ocon,3,32,18:58:03,44.518,
2023,1,2023_1,leclerc,2,33,18:58:16,24.644,
2023,1,2023_1,perez,2,34,18:59:45,25.091,
2023,1,2023_1,alonso,2,34,19:00:09,24.869,
2023,1,2023_1,max_verstappen,2,36,19:02:47,24.910,
2023,1,2023_1,norris,4,37,19:06:27,33.236,
2023,1,2023_1,albon,3,40,19:10:51,24.458,
2023,1,2023_1,gasly,3,40,19:10:52,24.736,
2023,1,2023_1,tsunoda,3,40,19:10:53,25.818,
2023,1,2023_1,sargeant,3,40,19:11:05,25.047,
2023,1,2023_1,kevin_magnussen,3,40,19:11:20,25.125,
2023,1,2023_1,hulkenberg,3,40,19:11:26,27.080,
2023,1,2023_1,norris,5,47,19:23:45,30.710,
2023,1,2023_1,zhou,3,54,19:34:31,30.167,
2023,1,2023_1,norris,6,54,19:35:35,31.494,
2023,2,2023_2,piastri,1,1,20:05:36,31.534,
2023,2,2023_2,norris,1,2,20:07:18,29.444,
2023,2,2023_2,kevin_magnussen,1,8,20:16:55,20.870,
2023,2,2023_2,bottas,1,9,20:18:38,21.505,
2023,2,2023_2,zhou,1,11,20:21:41,21.703,
2023,2,2023_2,hulkenberg,1,11,20:21:43,21.567,
2023,2,2023_2,stroll,1,13,20:24:39,21.150,
2023,2,2023_2,gasly,1,14,20:26:26,20.719,
2023,2,2023_2,sainz,1,15,20:27:49,20.760,
2023,2,2023_2,leclerc,1,16,20:29:29,20.026,
2023,2,2023_2,ocon,1,16,20:29:34,20.762,
2023,2,2023_2,tsunoda,1,17,20:31:24,21.414,
2023,2,2023_2,albon,1,17,20:31:32,21.397,
2023,2,2023_2,de_vries,1,17,20:31:39,21.116,
2023,2,2023_2,bottas,2,17,20:32:08,22.191,
2023,2,2023_2,perez,1,18,20:32:46,20.715,
2023,2,2023_2,alonso,1,18,20:32:54,26.879,
2023,2,2023_2,russell,1,18,20:33:05,20.828,
2023,2,2023_2,max_verstappen,1,18,20:33:15,20.824,
2023,2,2023_2,hamilton,1,18,20:33:24,21.102,
2023,2,2023_2,sargeant,1,18,20:33:55,21.064,
2023,2,2023_2,zhou,2,18,20:34:06,21.282,
2023,2,2023_2,norris,2,19,20:36:25,21.352,
2023,2,2023_2,bottas,3,35,21:02:57,21.808,
2023,3,2023_3,ocon,1,1,15:05:04,18.056,
2023,3,2023_3,zhou,1,1,15:05:11,18.951,
2023,3,2023_3,sargeant,1,1,15:05:13,18.382,
2023,3,2023_3,perez,1,1,15:05:15,17.657,
2023,3,2023_3,bottas,1,1,15:05:16,21.659,
2023,3,2023_3,sargeant,2,2,15:07:25,19.158,
2023,3,2023_3,perez,2,2,15:07:26,17.814,
2023,3,2023_3,russell,1,7,15:15:01,19.146,
2023,3,2023_3,sainz,1,7,15:15:05,18.319,
2023,3,2023_3,kevin_magnussen,1,7,15:15:21,20.789,
2023,3,2023_3,hamilton,1,8,15:17:43,15:25.181,
2023,3,2023_3,max_verstappen,1,8,15:17:45,15:25.112,
2023,3,2023_3,alonso,1,8,15:17:48,15:26.940,
2023,3,2023_3,stroll,1,8,15:17:51,15:27.222,
2023,3,2023_3,gasly,1,8,15:17:53,15:26.996,
2023,3,2023_3,hulkenberg,1,8,15:17:55,15:26.326,
2023,3,2023_3,russell,2,8,15:17:59,15:30.824,
2023,3,2023_3,tsunoda,1,8,15:18:02,15:31.820,
2023,3,2023_3,norris,1,8,15:18:04,15:34.763,
2023,3,2023_3,piastri,1,8,15:18:06,15:34.541,
2023,3,2023_3,sainz,2,8,15:18:08,15:37.024,
2023,3,2023_3,de_vries,1,8,15:18:11,15:37.874,
2023,3,2023_3,ocon,2,8,15:18:14,15:37.929,
2023,3,2023_3,perez,3,8,15:18:16,15:37.512,
2023,3,2023_3,zhou,2,8,15:18:19,15:37.849,
2023,3,2023_3,bottas,2,8,15:18:21,15:37.594,
2023,3,2023_3,sargeant,3,8,15:18:23,15:38.017,
2023,3,2023_3,kevin_magnussen,2,8,15:18:27,15:40.228,
2023,3,2023_3,sargeant,4,36,16:15:29,19.018,
2023,3,2023_3,de_vries,2,45,16:28:14,18.080,
2023,3,2023_3,bottas,3,53,16:39:03,19.825,
2023,3,2023_3,piastri,2,54,16:40:06,19.442,
2023,3,2023_3,zhou,3,54,16:40:31,21.881,
2023,3,2023_3,tsunoda,2,54,16:40:36,18.258,
2023,3,2023_3,max_verstappen,2,55,16:41:38,14:27.756,
2023,3,2023_3,hamilton,2,55,16:41:40,14:31.670,
2023,3,2023_3,alonso,2,55,16:41:42,14:34.306,
2023,3,2023_3,bottas,4,54,16:41:44,12:19.342,
2023,3,2023_3,sainz,3,55,16:41:45,14:34.924,
2023,3,2023_3,gasly,2,55,16:41:47,14:35.210,
2023,3,2023_3,stroll,2,55,16:41:50,14:35.053,
2023,3,2023_3,perez,4,55,16:41:53,14:36.462,
2023,3,2023_3,sargeant,5,54,16:41:54,12:12.022,
2023,3,2023_3,norris,2,55,16:41:56,14:41.064,
2023,3,2023_3,hulkenberg,2,55,16:41:58,14:40.712,
2023,3,2023_3,de_vries,3,54,16:42:01,12:06.783,
2023,3,2023_3,ocon,3,55,16:42:03,14:39.804,
2023,3,2023_3,piastri,3,55,16:42:20,14:24.653,
2023,3,2023_3,zhou,4,55,16:42:47,14:01.565,
2023,3,2023_3,tsunoda,3,55,16:42:52,14:01.820,
2023,3,2023_3,bottas,5,55,16:55:40,1:16.634,
2023,3,2023_3,sargeant,6,55,16:55:45,1:14.200,
2023,3,2023_3,de_vries,4,55,16:55:47,1:13.234,
2023,3,2023_3,max_verstappen,3,57,17:02:10,30:56.502,
2023,3,2023_3,hamilton,3,57,17:02:11,30:59.435,
2023,3,2023_3,sainz,4,57,17:02:13,31:01.554,
2023,3,2023_3,hulkenberg,3,57,17:02:14,31:09.055,
2023,3,2023_3,tsunoda,4,57,17:02:16,31:11.209,
2023,3,2023_3,norris,3,57,17:02:17,31:04.087,
2023,3,2023_3,piastri,4,57,17:02:19,31:06.226,
2023,3,2023_3,zhou,5,57,17:02:22,31:04.998,
2023,3,2023_3,bottas,6,57,17:02:23,31:07.182,
2023,3,2023_3,perez,5,57,17:02:25,30:53.568,
2023,3,2023_3,alonso,3,57,17:02:27,30:45.073,
2023,3,2023_3,stroll,3,57,17:02:29,30:45.925,
2023,4,2023_4,gasly,1,5,15:13:22,20.235,
2023,4,2023_4,bottas,1,6,15:15:14,20.967,
2023,4,2023_4,albon,1,7,15:16:57,21.103,
2023,4,2023_4,tsunoda,1,8,15:18:43,20.497,
2023,4,2023_4,piastri,1,8,15:18:44,20.902,
2023,4,2023_4,sargeant,1,8,15:18:50,21.015,
2023,4,2023_4,hamilton,1,9,15:20:23,20.324,
2023,4,2023_4,norris,1,9,15:20:27,20.346,
2023,4,2023_4,max_verstappen,1,10,15:22:00,20.707,
2023,4,2023_4,kevin_magnussen,1,10,15:22:35,30.951,
2023,4,2023_4,perez,1,11,15:24:20,20.389,
2023,4,2023_4,leclerc,1,11,15:24:25,21.126,
2023,4,2023_4,sainz,1,11,15:24:33,21.970,
2023,4,2023_4,alonso,1,11,15:24:35,23.148,
2023,4,2023_4,stroll,1,11,15:24:42,23.161,
2023,4,2023_4,russell,1,11,15:24:42,20.459,
2023,4,2023_4,zhou,1,11,15:25:01,22.247,
2023,4,2023_4,bottas,2,12,15:27:47,22.354,
2023,4,2023_4,gasly,2,23,15:48:15,21.169,
2023,4,2023_4,bottas,3,34,16:08:14,21.012,
2023,4,2023_4,russell,2,49,16:34:10,21.389,
2023,4,2023_4,hulkenberg,1,49,16:34:47,24.748,
2023,4,2023_4,ocon,1,50,16:36:20,20.367,
2023,5,2023_5,sargeant,1,2,15:37:09,48.938,
2023,5,2023_5,norris,1,4,15:40:18,24.090,
2023,5,2023_5,piastri,1,5,15:41:49,22.205,
2023,5,2023_5,kevin_magnussen,1,14,15:55:45,22.616,
2023,5,2023_5,gasly,1,15,15:57:16,22.417,
2023,5,2023_5,bottas,1,15,15:57:23,23.158,
2023,5,2023_5,de_vries,1,15,15:57:33,23.487,
2023,5,2023_5,russell,1,17,16:00:18,22.335,
2023,5,2023_5,leclerc,1,17,16:00:25,22.068,
2023,5,2023_5,sainz,1,18,16:01:46,22.278,
2023,5,2023_5,perez,1,20,16:04:48,21.884,
2023,5,2023_5,albon,1,22,16:08:22,22.482,
2023,5,2023_5,alonso,1,24,16:11:02,22.631,
2023,5,2023_5,zhou,1,31,16:22:27,22.796,
2023,5,2023_5,hulkenberg,1,33,16:25:26,23.120,
2023,5,2023_5,tsunoda,1,36,16:30:01,22.390,
2023,5,2023_5,hamilton,1,37,16:31:29,22.150,
2023,5,2023_5,ocon,1,39,16:34:33,21.942,
2023,5,2023_5,stroll,1,42,16:39:18,22.651,
2023,5,2023_5,max_verstappen,1,45,16:42:58,22.688,
2023,6,2023_6,hulkenberg,1,1,15:04:32,32.494,
2023,6,2023_6,zhou,1,1,15:04:37,26.141,
2023,6,2023_6,perez,1,1,15:04:37,24.887,
2023,6,2023_6,albon,1,18,15:27:12,24.290,
2023,6,2023_6,sargeant,1,20,15:30:02,24.376,
2023,6,2023_6,sargeant,2,23,15:34:16,27.774,
2023,6,2023_6,hamilton,1,31,15:43:34,24.594,
2023,6,2023_6,ocon,1,32,15:44:45,25.833,
2023,6,2023_6,sainz,1,33,15:46:05,24.252,
2023,6,2023_6,perez,2,34,15:48:26,32.749,
2023,6,2023_6,leclerc,1,44,16:00:25,24.192,
2023,6,2023_6,gasly,1,47,16:04:16,23.902,
2023,6,2023_6,norris,1,50,16:08:48,24.663,
2023,6,2023_6,bottas,1,51,16:10:46,30.395,
2023,6,2023_6,stroll,1,51,16:10:52,24.656,
2023,6,2023_6,zhou,2,52,16:12:35,25.260,
2023,6,2023_6,albon,2,52,16:12:37,26.990,
2023,6,2023_6,tsunoda,1,53,16:13:18,33.706,
2023,6,2023_6,sargeant,3,52,16:13:19,25.946,
2023,6,2023_6,alonso,1,54,16:13:32,24.414,
2023,6,2023_6,de_vries,1,53,16:13:47,24.539,
2023,6,2023_6,russell,1,54,16:13:57,30.980,
2023,6,2023_6,ocon,2,54,16:14:06,24.707,
2023,6,2023_6,hamilton,2,54,16:14:09,26.685,
2023,6,2023_6,gasly,2,54,16:14:18,29.949,
2023,6,2023_6,perez,3,53,16:14:19,24.217,
2023,6,2023_6,max_verstappen,1,55,16:15:17,24.798,
2023,6,2023_6,piastri,1,54,16:15:18,25.851,
2023,6,2023_6,norris,2,54,16:15:20,33.428,
2023,6,2023_6,alonso,2,55,16:15:37,25.916,
2023,6,2023_6,hulkenberg,2,54,16:16:01,34.725,
2023,6,2023_6,leclerc,2,55,16:16:03,25.713,
2023,6,2023_6,sainz,2,55,16:16:04,29.300,
2023,6,2023_6,kevin_magnussen,1,56,16:20:26,51.052,
2023,6,2023_6,perez,4,57,16:21:27,29.337,
2023,6,2023_6,hulkenberg,3,59,16:25:02,25.672,
2023,6,2023_6,perez,5,70,16:43:16,25.466,
2023,7,2023_7,norris,1,1,15:04:44,37.736,
2023,7,2023_7,bottas,1,5,15:10:18,23.691,
2023,7,2023_7,hulkenberg,1,8,15:14:21,22.298,
2023,7,2023_7,zhou,1,9,15:15:38,23.430,
2023,7,2023_7,de_vries,1,9,15:15:44,22.522,
2023,7,2023_7,tsunoda,1,10,15:17:01,22.176,
2023,7,2023_7,kevin_magnussen,1,10,15:17:06,22.124,
2023,7,2023_7,ocon,1,13,15:21:01,22.112,
2023,7,2023_7,stroll,1,14,15:22:19,22.355,
2023,7,2023_7,sainz,1,15,15:23:33,22.321,
2023,7,2023_7,leclerc,1,16,15:25:17,21.778,
2023,7,2023_7,albon,1,16,15:25:24,23.319,
2023,7,2023_7,piastri,1,17,15:26:32,22.370,
2023,7,2023_7,sargeant,1,17,15:26:49,22.583,
2023,7,2023_7,alonso,1,19,15:29:09,22.558,
2023,7,2023_7,gasly,1,19,15:29:18,23.388,
2023,7,2023_7,norris,2,22,15:33:50,22.850,
2023,7,2023_7,hamilton,1,24,15:35:37,22.575,
2023,7,2023_7,kevin_magnussen,2,24,15:36:26,24.800,
2023,7,2023_7,russell,1,25,15:37:07,22.275,
2023,7,2023_7,max_verstappen,1,26,15:38:06,22.241,
2023,7,2023_7,hulkenberg,2,26,15:39:04,23.257,
2023,7,2023_7,perez,1,27,15:39:57,21.775,
2023,7,2023_7,stroll,2,34,15:49:34,23.371,
2023,7,2023_7,tsunoda,2,34,15:49:38,22.009,
2023,7,2023_7,ocon,2,35,15:50:57,24.110,
2023,7,2023_7,zhou,2,36,15:52:25,22.889,
2023,7,2023_7,sargeant,2,36,15:52:53,23.827,
2023,7,2023_7,albon,2,37,15:54:12,23.449,
2023,7,2023_7,de_vries,2,38,15:55:17,21.976,
2023,7,2023_7,piastri,2,39,15:56:28,22.862,
2023,7,2023_7,gasly,2,39,15:56:30,23.610,
2023,7,2023_7,bottas,2,39,15:56:58,24.097,
2023,7,2023_7,sainz,2,41,15:58:46,22.375,
2023,7,2023_7,leclerc,2,41,15:59:13,23.003,
2023,7,2023_7,kevin_magnussen,3,42,16:00:59,22.291,
2023,7,2023_7,hulkenberg,3,43,16:02:05,24.484,
2023,7,2023_7,alonso,2,44,16:03:01,22.896,
2023,7,2023_7,russell,2,45,16:03:58,22.054,
2023,7,2023_7,hamilton,2,50,16:10:22,22.731,
2023,7,2023_7,perez,2,50,16:10:42,21.537,
2023,7,2023_7,norris,3,50,16:11:39,22.062,
2023,7,2023_7,max_verstappen,2,52,16:12:44,22.357,
2023,8,2023_8,tsunoda,1,1,14:04:32,23.646,
2023,8,2023_8,gasly,1,10,14:16:36,27.515,
2023,8,2023_8,hulkenberg,1,11,14:17:50,24.880,
2023,8,2023_8,stroll,1,11,14:17:53,23.711,
2023,8,2023_8,de_vries,1,11,14:17:56,24.960,
2023,8,2023_8,max_verstappen,1,12,14:18:49,23.644,
2023,8,2023_8,hamilton,1,12,14:18:59,24.339,
2023,8,2023_8,alonso,1,12,14:19:00,24.031,
2023,8,2023_8,ocon,1,12,14:19:12,24.402,
2023,8,2023_8,piastri,1,12,14:19:16,24.828,
2023,8,2023_8,norris,1,12,14:19:24,25.862,
2023,8,2023_8,albon,1,12,14:19:25,25.064,
2023,8,2023_8,zhou,1,12,14:19:31,24.161,
2023,8,2023_8,russell,1,12,14:19:55,1:28.943,
2023,8,2023_8,stroll,2,27,14:42:23,23.839,
2023,8,2023_8,hulkenberg,2,31,14:47:37,24.200,
2023,8,2023_8,zhou,2,32,14:48:55,27.509,
2023,8,2023_8,gasly,2,33,14:50:14,24.117,
2023,8,2023_8,tsunoda,2,34,14:51:31,27.523,
2023,8,2023_8,norris,2,35,14:52:42,23.570,
2023,8,2023_8,kevin_magnussen,1,35,14:53:34,24.909,
2023,8,2023_8,ocon,2,36,14:53:56,23.698,
2023,8,2023_8,bottas,1,36,14:53:58,24.038,
2023,8,2023_8,perez,1,37,14:55:06,23.281,
2023,8,2023_8,piastri,2,37,14:55:21,23.436,
2023,8,2023_8,sainz,1,38,14:56:16,24.133,
2023,8,2023_8,leclerc,1,39,14:57:32,24.343,
2023,8,2023_8,hamilton,2,40,14:58:46,23.749,
2023,8,2023_8,alonso,2,41,14:59:58,23.928,
2023,8,2023_8,max_verstappen,2,42,15:01:10,23.910,
2023,8,2023_8,de_vries,2,50,15:13:30,23.786,
2023,8,2023_8,kevin_magnussen,2,53,15:17:18,24.515,
2023,8,2023_8,perez,2,68,15:34:57,23.218,
2023,9,2023_9,kevin_magnussen,1,1,15:04:16,26.587,
2023,9,2023_9,tsunoda,1,1,15:04:31,29.691,
2023,9,2023_9,max_verstappen,1,2,15:05:57,16.369,
2023,9,2023_9,leclerc,1,2,15:05:59,16.393,
2023,9,2023_9,sainz,1,2,15:06:01,16.380,
2023,9,2023_9,hamilton,1,2,15:06:03,16.415,
2023,9,2023_9,norris,1,2,15:06:05,18.076,
2023,9,2023_9,alonso,1,2,15:06:08,16.600,
2023,9,2023_9,hulkenberg,1,2,15:06:09,16.778,
2023,9,2023_9,stroll,1,2,15:06:11,16.646,
2023,9,2023_9,gasly,1,2,15:06:12,16.380,
2023,9,2023_9,albon,1,2,15:06:13,16.737,
2023,9,2023_9,russell,1,2,15:06:17,17.946,
2023,9,2023_9,ocon,1,2,15:06:19,18.143,
2023,9,2023_9,perez,1,2,15:06:20,17.428,
2023,9,2023_9,zhou,1,2,15:06:22,17.467,
2023,9,2023_9,piastri,1,2,15:06:23,17.324,
2023,9,2023_9,sargeant,1,2,15:06:25,17.337,
2023,9,2023_9,bottas,1,2,15:06:27,17.130,
2023,9,2023_9,de_vries,1,2,15:06:28,17.033,
2023,9,2023_9,kevin_magnussen,2,2,15:06:31,25.654,
2023,9,2023_9,tsunoda,2,2,15:06:33,16.246,
2023,9,2023_9,zhou,2,8,15:14:10,24.374,
2023,9,2023_9,hulkenberg,2,11,15:17:41,21.891,
2023,9,2023_9,de_vries,2,12,15:19:01,21.333,
2023,9,2023_9,hamilton,2,14,15:21:10,21.993,
2023,9,2023_9,norris,2,14,15:21:12,21.290,
2023,9,2023_9,gasly,2,14,15:21:20,21.814,
2023,9,2023_9,albon,2,14,15:21:22,21.562,
2023,9,2023_9,russell,2,14,15:21:23,22.262,
2023,9,2023_9,ocon,2,14,15:21:26,22.028,
2023,9,2023_9,piastri,2,14,15:21:27,22.467,
2023,9,2023_9,sargeant,2,14,15:21:32,23.194,
2023,9,2023_9,leclerc,2,15,15:22:36,23.425,
2023,9,2023_9,sainz,2,15,15:22:41,26.283,
2023,9,2023_9,alonso,2,15,15:22:48,22.371,
2023,9,2023_9,stroll,2,15,15:22:54,24.332,
2023,9,2023_9,bottas,2,21,15:30:27,31.785,
2023,9,2023_9,piastri,3,22,15:31:40,29.912,
2023,9,2023_9,tsunoda,3,23,15:32:50,27.286,
2023,9,2023_9,max_verstappen,2,24,15:33:13,21.365,
2023,9,2023_9,perez,2,25,15:34:47,21.655,
2023,9,2023_9,kevin_magnussen,3,34,15:46:08,22.250,
2023,9,2023_9,stroll,3,36,15:48:10,22.050,
2023,9,2023_9,de_vries,3,37,15:49:41,21.074,
2023,9,2023_9,zhou,3,38,15:50:48,21.910,
2023,9,2023_9,ocon,3,40,15:52:55,30.427,
2023,9,2023_9,bottas,3,40,15:53:22,21.975,
2023,9,2023_9,norris,3,41,15:53:39,22.088,
2023,9,2023_9,russell,3,41,15:53:57,21.702,
2023,9,2023_9,albon,3,41,15:54:04,27.683,
2023,9,2023_9,piastri,4,41,15:54:36,22.313,
2023,9,2023_9,hamilton,3,42,15:54:50,27.724,
2023,9,2023_9,sargeant,3,43,15:56:40,21.543,
2023,9,2023_9,tsunoda,4,43,15:56:56,21.392,
2023,9,2023_9,alonso,3,44,15:57:15,21.993,
2023,9,2023_9,gasly,3,44,15:57:30,27.804,
2023,9,2023_9,sainz,3,45,15:58:10,28.583,
2023,9,2023_9,leclerc,3,47,16:00:26,21.470,
2023,9,2023_9,max_verstappen,3,49,16:02:31,21.641,
2023,9,2023_9,perez,3,50,16:04:07,21.267,
2023,9,2023_9,stroll,4,54,16:09:28,21.837,
2023,9,2023_9,max_verstappen,4,69,16:25:43,21.328,
2023,10,2023_10,hulkenberg,1,7,15:14:17,41.972,
2023,10,2023_10,tsunoda,1,14,15:25:15,28.353,
2023,10,2023_10,leclerc,1,18,15:31:08,28.244,
2023,10,2023_10,zhou,1,24,15:40:56,29.177,
2023,10,2023_10,sainz,1,26,15:43:36,28.869,
2023,10,2023_10,de_vries,1,27,15:45:34,28.242,
2023,10,2023_10,russell,1,28,15:46:37,29.455,
2023,10,2023_10,perez,1,28,15:46:50,28.060,
2023,10,2023_10,piastri,1,29,15:48:05,28.655,
2023,10,2023_10,sargeant,1,29,15:48:37,28.847,
2023,10,2023_10,gasly,1,31,15:51:30,28.458,
2023,10,2023_10,stroll,1,31,15:51:39,28.561,
2023,10,2023_10,albon,1,32,15:53:10,29.634,
2023,10,2023_10,leclerc,2,32,15:53:11,28.805,
2023,10,2023_10,bottas,1,32,15:53:38,29.662,
2023,10,2023_10,tsunoda,2,32,15:53:48,28.603,
2023,10,2023_10,de_vries,2,32,15:53:55,28.413,
2023,10,2023_10,hulkenberg,2,32,15:54:11,30.003,
2023,10,2023_10,max_verstappen,1,33,15:54:29,29.056,
2023,10,2023_10,norris,1,33,15:54:43,28.438,
2023,10,2023_10,hamilton,1,33,15:54:58,29.169,
2023,10,2023_10,alonso,1,33,15:55:09,28.679,
2023,10,2023_10,zhou,2,33,15:56:08,28.709,
2023,10,2023_10,zhou,3,36,16:02:39,34.374,
2023,11,2023_11,albon,1,8,15:14:47,22.076,
2023,11,2023_11,stroll,1,9,15:16:10,21.910,
2023,11,2023_11,tsunoda,1,9,15:16:10,26.170,
2023,11,2023_11,bottas,1,9,15:16:11,22.114,
2023,11,2023_11,zhou,1,10,15:17:40,29.211,
2023,11,2023_11,sargeant,1,13,15:21:59,24.001,
2023,11,2023_11,kevin_magnussen,1,14,15:23:24,22.753,
2023,11,2023_11,sainz,1,15,15:24:37,21.402,
2023,11,2023_11,hamilton,1,16,15:25:56,21.974,
2023,11,2023_11,hulkenberg,1,16,15:26:11,22.922,
2023,11,2023_11,norris,1,17,15:27:16,21.541,
2023,11,2023_11,leclerc,1,17,15:27:23,28.404,
2023,11,2023_11,piastri,1,18,15:28:39,21.171,
2023,11,2023_11,ricciardo,1,18,15:29:10,21.958,
2023,11,2023_11,alonso,1,20,15:31:46,22.916,
2023,11,2023_11,max_verstappen,1,23,15:35:32,21.407,
2023,11,2023_11,perez,1,24,15:37:20,21.862,
2023,11,2023_11,russell,1,28,15:43:20,21.886,
2023,11,2023_11,ricciardo,2,29,15:45:13,22.203,
2023,11,2023_11,albon,2,31,15:47:54,21.762,
2023,11,2023_11,stroll,2,34,15:52:02,22.403,
2023,11,2023_11,sargeant,2,34,15:52:24,22.197,
2023,11,2023_11,hulkenberg,2,38,15:57:58,21.955,
2023,11,2023_11,zhou,2,38,15:58:02,22.853,
2023,11,2023_11,bottas,2,40,16:00:39,23.242,
2023,11,2023_11,kevin_magnussen,2,41,16:02:32,22.152,
2023,11,2023_11,piastri,2,42,16:02:48,22.030,
2023,11,2023_11,perez,2,42,16:02:51,20.880,
2023,11,2023_11,leclerc,2,43,16:04:31,21.452,
2023,11,2023_11,alonso,2,43,16:04:39,24.152,
2023,11,2023_11,norris,2,44,16:05:28,21.430,
2023,11,2023_11,sainz,2,44,16:05:56,22.051,
2023,11,2023_11,tsunoda,2,44,16:06:33,21.181,
2023,11,2023_11,russell,2,46,16:08:49,21.675,
2023,11,2023_11,hamilton,2,49,16:12:41,21.728,
2023,11,2023_11,max_verstappen,2,51,16:14:53,21.680,
2023,12,2023_12,norris,1,5,15:13:27,25.012,
2023,12,2023_12,kevin_magnussen,1,5,15:13:30,23.638,
2023,12,2023_12,ricciardo,1,5,15:13:31,22.843,
2023,12,2023_12,ocon,1,6,15:15:23,23.085,
2023,12,2023_12,bottas,1,6,15:15:24,23.362,
2023,12,2023_12,albon,1,7,15:17:14,25.015,
2023,12,2023_12,sainz,1,7,15:17:20,23.303,
2023,12,2023_12,zhou,1,7,15:17:21,24.449,
2023,12,2023_12,sargeant,1,8,15:19:14,23.570,
2023,12,2023_12,tsunoda,1,9,15:20:59,22.610,
2023,12,2023_12,alonso,1,10,15:22:48,23.085,
2023,12,2023_12,hamilton,1,12,15:26:27,23.090,
2023,12,2023_12,hulkenberg,1,12,15:26:56,24.571,
2023,12,2023_12,perez,1,13,15:28:09,23.684,
2023,12,2023_12,leclerc,1,13,15:28:16,23.224,
2023,12,2023_12,max_verstappen,1,14,15:30:04,22.887,
2023,12,2023_12,norris,2,17,15:36:37,23.744,
2023,12,2023_12,stroll,1,20,15:42:12,25.397,
2023,12,2023_12,russell,1,22,15:46:00,23.837,
2023,12,2023_12,ricciardo,2,22,15:46:18,23.290,
2023,12,2023_12,gasly,1,23,15:48:00,25.664,
2023,12,2023_12,albon,2,23,15:48:02,23.596,
2023,12,2023_12,tsunoda,2,24,15:49:52,22.737,
2023,12,2023_12,bottas,2,24,15:50:02,23.786,
2023,12,2023_12,hulkenberg,2,24,15:50:04,25.238,
2023,12,2023_12,sargeant,2,24,15:50:09,23.938,
2023,12,2023_12,ocon,2,25,15:51:50,23.339,
2023,12,2023_12,kevin_magnussen,2,25,15:51:55,23.572,
2023,12,2023_12,zhou,2,25,15:52:01,24.045,
2023,12,2023_12,hamilton,2,27,15:55:00,23.023,
2023,12,2023_12,leclerc,2,28,15:56:48,23.148,
2023,12,2023_12,perez,2,29,15:58:34,22.710,
2023,12,2023_12,alonso,2,29,15:59:01,23.798,
2023,12,2023_12,max_verstappen,2,30,16:00:16,23.012,
2023,12,2023_12,albon,3,33,16:07:06,23.529,
2023,12,2023_12,sargeant,3,34,16:09:09,23.109,
2023,12,2023_12,hamilton,3,42,16:23:05,23.156,
2023,13,2023_13,perez,1,1,15:04:43,22.666,
2023,13,2023_13,leclerc,1,1,15:04:46,32.686,
2023,13,2023_13,gasly,1,1,15:04:47,28.469,
2023,13,2023_13,zhou,1,1,15:04:49,23.088,
2023,13,2023_13,tsunoda,1,1,15:04:50,32.321,
2023,13,2023_13,lawson,1,1,15:04:53,42.641,
2023,13,2023_13,kevin_magnussen,1,1,15:04:55,31.341,
2023,13,2023_13,max_verstappen,1,2,15:06:25,20.379,
2023,13,2023_13,alonso,1,2,15:06:26,20.647,
2023,13,2023_13,sainz,1,2,15:06:31,20.973,
2023,13,2023_13,ocon,1,2,15:06:39,22.534,
2023,13,2023_13,norris,1,3,15:08:18,20.170,
2023,13,2023_13,hamilton,1,3,15:08:35,20.266,
2023,13,2023_13,russell,1,4,15:10:00,21.201,
2023,13,2023_13,stroll,1,4,15:10:16,20.036,
2023,13,2023_13,kevin_magnussen,2,9,15:16:59,20.137,
2023,13,2023_13,hamilton,2,9,15:17:26,19.970,
2023,13,2023_13,stroll,2,9,15:17:44,20.208,
2023,13,2023_13,zhou,2,10,15:18:09,20.231,
2023,13,2023_13,alonso,2,10,15:18:10,20.109,
2023,13,2023_13,sainz,2,10,15:18:16,19.511,
2023,13,2023_13,tsunoda,2,10,15:18:24,18.904,
2023,13,2023_13,ocon,2,10,15:18:26,19.795,
2023,13,2023_13,norris,2,10,15:18:33,20.395,
2023,13,2023_13,lawson,2,10,15:18:37,30.836,
2023,13,2023_13,russell,2,10,15:18:55,20.148,
2023,13,2023_13,max_verstappen,2,11,15:19:24,19.289,
2023,13,2023_13,gasly,2,11,15:19:34,19.518,
2023,13,2023_13,leclerc,2,11,15:19:46,27.202,
2023,13,2023_13,perez,2,12,15:20:46,19.460,
2023,13,2023_13,piastri,1,15,15:25:18,18.979,
2023,13,2023_13,bottas,1,16,15:27:09,20.187,
2023,13,2023_13,hulkenberg,1,16,15:27:10,20.438,
2023,13,2023_13,russell,3,16,15:27:30,19.607,
2023,13,2023_13,stroll,3,16,15:27:53,19.653,
2023,13,2023_13,lawson,3,17,15:29:22,19.600,
2023,13,2023_13,stroll,4,34,15:53:38,19.923,
2023,13,2023_13,kevin_magnussen,3,35,15:54:48,20.510,
2023,13,2023_13,zhou,3,37,15:57:19,20.469,
2023,13,2023_13,sainz,3,41,16:02:07,19.398,
2023,13,2023_13,norris,3,42,16:03:37,18.878,
2023,13,2023_13,ocon,3,43,16:04:50,19.024,
2023,13,2023_13,albon,1,44,16:06:01,19.667,
2023,13,2023_13,perez,3,45,16:06:58,18.789,
2023,13,2023_13,hamilton,3,45,16:07:26,19.327,
2023,13,2023_13,gasly,3,46,16:08:21,25.404,
2023,13,2023_13,piastri,2,46,16:08:46,19.120,
2023,13,2023_13,lawson,4,46,16:09:09,19.192,
2023,13,2023_13,bottas,2,47,16:10:17,20.213,
2023,13,2023_13,alonso,3,48,16:10:51,25.147,
2023,13,2023_13,hulkenberg,2,48,16:11:31,19.713,
2023,13,2023_13,max_verstappen,3,49,16:11:52,18.706,
2023,13,2023_13,bottas,3,59,16:25:45,19.735,
2023,13,2023_13,lawson,5,59,16:25:48,19.307,
2023,13,2023_13,perez,4,60,16:26:00,27.596,
2023,13,2023_13,gasly,4,60,16:26:21,20.417,
2023,13,2023_13,sainz,4,60,16:26:22,19.838,
2023,13,2023_13,hamilton,4,60,16:26:30,20.779,
2023,13,2023_13,russell,4,60,16:26:34,24.019,
2023,13,2023_13,norris,4,60,16:26:35,19.871,
2023,13,2023_13,piastri,3,60,16:26:40,22.376,
2023,13,2023_13,tsunoda,3,60,16:26:50,20.602,
2023,13,2023_13,zhou,4,60,16:26:53,21.439,
2023,13,2023_13,stroll,5,60,16:26:58,21.532,
2023,13,2023_13,hulkenberg,3,60,16:26:58,23.582,
2023,13,2023_13,kevin_magnussen,4,60,16:27:09,23.584,
2023,13,2023_13,max_verstappen,4,61,16:27:10,19.429,
2023,13,2023_13,alonso,4,61,16:27:35,20.655,
2023,13,2023_13,albon,2,61,16:27:57,21.300,
2023,13,2023_13,ocon,4,61,16:28:03,22.096,
2023,13,2023_13,max_verstappen,5,63,16:30:26,20.402,
2023,13,2023_13,perez,5,63,16:31:04,41:01.612,
2023,13,2023_13,norris,5,63,16:31:28,40:43.212,
2023,13,2023_13,russell,5,63,16:31:31,40:46.251,
2023,13,2023_13,albon,3,63,16:31:37,40:43.475,
2023,13,2023_13,piastri,4,63,16:31:49,40:34.653,
2023,13,2023_13,ocon,5,63,16:31:53,40:32.201,
2023,13,2023_13,tsunoda,4,63,16:32:13,40:14.895,
2023,13,2023_13,stroll,6,63,16:32:20,40:10.734,
2023,13,2023_13,hulkenberg,4,63,16:32:22,40:10.704,
2023,13,2023_13,bottas,4,63,16:32:29,40:05.113,
2023,13,2023_13,lawson,6,63,16:32:43,39:56.340,
2023,13,2023_13,kevin_magnussen,5,63,16:32:48,39:54.733,
2023,13,2023_13,max_verstappen,6,64,16:32:50,41:23.382,
2023,13,2023_13,alonso,5,64,16:33:22,40:55.302,
2023,13,2023_13,gasly,5,64,16:33:40,40:43.169,
2023,13,2023_13,sainz,5,64,16:33:44,40:43.147,
2023,13,2023_13,hamilton,5,64,16:33:59,40:31.108,
2023,13,2023_13,perez,6,64,17:13:46,35.592,
2023,13,2023_13,norris,6,64,17:13:49,44.272,
2023,13,2023_13,russell,6,64,17:13:59,39.845,
2023,13,2023_13,albon,4,64,17:14:02,39.234,
2023,13,2023_13,piastri,5,64,17:14:06,38.453,
2023,13,2023_13,ocon,6,64,17:14:09,37.037,
2023,13,2023_13,tsunoda,5,64,17:14:14,34.901,
2023,13,2023_13,stroll,7,64,17:14:17,33.553,
2023,13,2023_13,hulkenberg,5,64,17:14:19,32.884,
2023,13,2023_13,bottas,5,64,17:14:22,32.518,
2023,13,2023_13,lawson,7,64,17:14:27,31.306,
2023,13,2023_13,kevin_magnussen,6,64,17:14:31,30.628,
2023,14,2023_14,gasly,1,10,15:38:07,27.376,
2023,14,2023_14,zhou,1,11,15:39:33,24.396,
2023,14,2023_14,kevin_magnussen,1,12,15:41:12,24.660,
2023,14,2023_14,lawson,1,13,15:42:27,24.212,
2023,14,2023_14,hulkenberg,1,14,15:43:56,26.095,
2023,14,2023_14,sargeant,1,14,15:43:57,24.779,
2023,14,2023_14,albon,1,15,15:45:13,24.538,
2023,14,2023_14,sainz,1,19,15:50:52,25.183,
2023,14,2023_14,russell,1,19,15:50:56,24.215,
2023,14,2023_14,max_verstappen,1,20,15:52:13,24.228,
2023,14,2023_14,leclerc,1,20,15:52:19,23.931,
2023,14,2023_14,stroll,1,20,15:52:50,25.667,
2023,14,2023_14,perez,1,21,15:53:46,23.819,
2023,14,2023_14,alonso,1,21,15:54:03,24.798,
2023,14,2023_14,norris,1,22,15:55:26,23.727,
2023,14,2023_14,piastri,1,23,15:56:53,24.133,
2023,14,2023_14,ocon,1,24,15:58:45,24.249,
2023,14,2023_14,bottas,1,25,16:00:06,24.658,
2023,14,2023_14,hamilton,1,27,16:02:46,24.255,
2023,14,2023_14,gasly,2,31,16:09:08,24.686,
2023,14,2023_14,lawson,2,33,16:11:56,24.281,
2023,14,2023_14,zhou,2,33,16:11:58,25.959,
2023,14,2023_14,kevin_magnussen,2,33,16:12:15,24.765,
2023,14,2023_14,hulkenberg,2,39,16:20:52,24.328,
2023,14,2023_14,piastri,2,41,16:23:21,31.799,
2023,15,2023_15,zhou,1,2,20:07:21,30.032,
2023,15,2023_15,sargeant,1,19,20:36:42,1:03.543,
2023,15,2023_15,sainz,1,20,20:37:19,29.499,
2023,15,2023_15,leclerc,1,20,20:37:28,32.888,
2023,15,2023_15,russell,1,20,20:37:29,29.976,
2023,15,2023_15,norris,1,20,20:37:31,29.485,
2023,15,2023_15,hamilton,1,20,20:37:33,32.631,
2023,15,2023_15,alonso,1,20,20:37:39,30.670,
2023,15,2023_15,ocon,1,20,20:37:43,29.755,
2023,15,2023_15,kevin_magnussen,1,20,20:37:50,31.475,
2023,15,2023_15,hulkenberg,1,20,20:37:53,35.497,
2023,15,2023_15,gasly,1,20,20:37:54,31.802,
2023,15,2023_15,lawson,1,20,20:37:55,32.348,
2023,15,2023_15,piastri,1,20,20:37:58,29.369,
2023,15,2023_15,albon,1,20,20:37:59,30.138,
2023,15,2023_15,zhou,2,20,20:38:30,30.637,
2023,15,2023_15,perez,1,39,21:11:53,28.977,
2023,15,2023_15,max_verstappen,1,40,21:13:21,29.698,
2023,15,2023_15,bottas,1,40,21:13:47,30.487,
2023,15,2023_15,albon,2,43,21:18:51,29.787,
2023,15,2023_15,kevin_magnussen,2,43,21:19:04,33.078,
2023,15,2023_15,sargeant,2,43,21:19:17,31.018,
2023,15,2023_15,russell,2,44,21:20:21,30.039,
2023,15,2023_15,hamilton,2,44,21:20:24,33.581,
2023,15,2023_15,alonso,2,44,21:20:59,52.708,
2023,16,2023_16,albon,1,1,14:06:29,50.143,
2023,16,2023_16,zhou,1,1,14:06:34,41.041,
2023,16,2023_16,ocon,1,1,14:06:45,27.056,
2023,16,2023_16,bottas,1,1,14:06:58,55.802,
2023,16,2023_16,perez,1,2,14:08:56,32.450,
2023,16,2023_16,sargeant,1,2,14:09:11,32.715,
2023,16,2023_16,sargeant,2,5,14:16:24,43.868,
2023,16,2023_16,bottas,2,6,14:18:28,53.512,
2023,16,2023_16,hulkenberg,1,8,14:21:18,23.520,
2023,16,2023_16,tsunoda,1,9,14:22:56,22.944,
2023,16,2023_16,lawson,1,10,14:24:35,23.136,
2023,16,2023_16,zhou,2,10,14:24:44,24.091,
2023,16,2023_16,alonso,1,11,14:26:10,24.086,
2023,16,2023_16,perez,2,12,14:28:22,41.499,
2023,16,2023_16,kevin_magnussen,1,12,14:28:23,23.816,
2023,16,2023_16,piastri,1,13,14:29:24,24.455,
2023,16,2023_16,albon,2,13,14:29:58,52.165,
2023,16,2023_16,stroll,1,14,14:31:37,23.441,
2023,16,2023_16,perez,3,13,14:31:50,41:25.913,
2023,16,2023_16,max_verstappen,1,16,14:34:31,24.382,
2023,16,2023_16,hamilton,1,16,14:34:49,24.841,
2023,16,2023_16,norris,1,17,14:36:20,23.523,
2023,16,2023_16,leclerc,1,17,14:36:23,23.197,
2023,16,2023_16,sainz,1,18,14:38:04,23.075,
2023,16,2023_16,gasly,1,18,14:38:20,24.488,
2023,16,2023_16,hulkenberg,2,21,14:43:39,23.660,
2023,16,2023_16,sargeant,3,21,14:44:16,35.182,
2023,16,2023_16,russell,1,24,14:48:05,24.034,
2023,16,2023_16,alonso,2,25,14:50:07,24.294,
2023,16,2023_16,lawson,2,25,14:50:20,23.671,
2023,16,2023_16,ocon,2,28,14:55:08,23.789,
2023,16,2023_16,zhou,3,29,14:57:06,24.116,
2023,16,2023_16,tsunoda,2,30,14:58:41,23.327,
2023,16,2023_16,kevin_magnussen,2,31,15:00:39,23.858,
2023,16,2023_16,leclerc,2,34,15:04:38,22.926,
2023,16,2023_16,hamilton,2,34,15:04:43,23.631,
2023,16,2023_16,gasly,2,34,15:05:03,24.651,
2023,16,2023_16,piastri,2,35,15:06:11,23.198,
2023,16,2023_16,norris,2,36,15:07:43,23.182,
2023,16,2023_16,max_verstappen,2,37,15:09:05,23.696,
2023,16,2023_16,hulkenberg,3,37,15:10:23,23.338,
2023,16,2023_16,sainz,2,38,15:11:15,23.374,
2023,16,2023_16,perez,4,14,15:14:59,30.651,
2023,17,2023_17,russell,1,1,20:05:46,39.686,
2023,17,2023_17,bottas,1,3,20:10:22,29.977,
2023,17,2023_17,kevin_magnussen,1,3,20:10:26,28.743,
2023,17,2023_17,stroll,1,3,20:10:27,28.886,
2023,17,2023_17,lawson,1,3,20:10:28,29.330,
2023,17,2023_17,tsunoda,1,9,20:20:28,27.781,
2023,17,2023_17,ocon,1,10,20:21:53,28.961,
2023,17,2023_17,alonso,1,11,20:23:19,28.373,
2023,17,2023_17,gasly,1,11,20:23:25,28.429,
2023,17,2023_17,piastri,1,12,20:24:45,28.875,
2023,17,2023_17,leclerc,1,12,20:24:49,28.228,
2023,17,2023_17,norris,1,13,20:26:21,28.134,
2023,17,2023_17,hulkenberg,1,13,20:26:32,39.879,
2023,17,2023_17,sargeant,1,13,20:26:35,29.436,
2023,17,2023_17,russell,2,14,20:27:57,28.542,
2023,17,2023_17,max_verstappen,1,17,20:32:05,28.233,
2023,17,2023_17,perez,1,17,20:32:32,27.808,
2023,17,2023_17,albon,1,18,20:33:58,29.253,
2023,17,2023_17,zhou,1,18,20:34:06,28.984,
2023,17,2023_17,bottas,2,21,20:38:42,29.387,
2023,17,2023_17,stroll,2,21,20:38:45,28.156,
2023,17,2023_17,kevin_magnussen,2,21,20:38:52,28.948,
2023,17,2023_17,lawson,2,21,20:38:54,28.665,
2023,17,2023_17,tsunoda,2,22,20:40:25,27.596,
2023,17,2023_17,piastri,2,25,20:44:26,27.868,
2023,17,2023_17,leclerc,2,25,20:44:40,27.873,
2023,17,2023_17,ocon,2,25,20:44:42,28.969,
2023,17,2023_17,alonso,2,26,20:46:01,28.432,
2023,17,2023_17,gasly,2,26,20:46:12,30.192,
2023,17,2023_17,sargeant,2,26,20:46:27,29.373,
2023,17,2023_17,norris,2,27,20:47:29,27.611,
2023,17,2023_17,hulkenberg,2,27,20:47:58,28.274,
2023,17,2023_17,perez,2,31,20:53:34,33.246,
2023,17,2023_17,albon,2,31,20:53:43,28.747,
2023,17,2023_17,russell,3,32,20:54:52,28.314,
2023,17,2023_17,max_verstappen,2,34,20:57:24,28.103,
2023,17,2023_17,zhou,2,35,20:59:41,28.854,
2023,17,2023_17,bottas,3,39,21:05:42,28.946,
2023,17,2023_17,stroll,3,39,21:05:45,29.399,
2023,17,2023_17,kevin_magnussen,3,39,21:05:53,30.331,
2023,17,2023_17,lawson,3,39,21:06:05,28.171,
2023,17,2023_17,hulkenberg,3,39,21:06:08,28.591,
2023,17,2023_17,tsunoda,3,40,21:07:30,27.809,
2023,17,2023_17,piastri,3,43,21:10:55,27.489,
2023,17,2023_17,leclerc,3,43,21:11:17,27.513,
2023,17,2023_17,ocon,3,43,21:11:27,29.169,
2023,17,2023_17,perez,3,43,21:11:35,33.165,
2023,17,2023_17,norris,3,44,21:12:24,27.677,
2023,17,2023_17,alonso,3,44,21:12:50,28.393,
2023,17,2023_17,gasly,3,44,21:12:58,34.856,
2023,17,2023_17,albon,3,44,21:13:12,28.981,
2023,17,2023_17,russell,4,50,21:21:11,28.191,
2023,17,2023_17,max_verstappen,3,51,21:22:13,29.726,
2023,17,2023_17,zhou,3,52,21:24:48,28.815,
2023,18,2023_18,zhou,1,9,14:19:22,25.636,
2023,18,2023_18,albon,1,10,14:21:07,24.563,
2023,18,2023_18,bottas,1,10,14:21:09,24.783,
2023,18,2023_18,kevin_magnussen,1,10,14:21:11,25.067,
2023,18,2023_18,sargeant,1,11,14:22:55,24.990,
2023,18,2023_18,max_verstappen,1,16,14:31:06,23.756,
2023,18,2023_18,norris,1,17,14:32:42,24.155,
2023,18,2023_18,sainz,1,17,14:32:54,23.668,
2023,18,2023_18,perez,1,17,14:32:58,24.245,
2023,18,2023_18,tsunoda,1,17,14:33:06,24.354,
2023,18,2023_18,gasly,1,18,14:34:46,23.900,
2023,18,2023_18,alonso,1,19,14:36:41,25.055,
2023,18,2023_18,hulkenberg,1,19,14:36:48,26.573,
2023,18,2023_18,hamilton,1,20,14:37:53,24.916,
2023,18,2023_18,stroll,1,20,14:38:28,24.457,
2023,18,2023_18,russell,1,21,14:39:49,24.357,
2023,18,2023_18,ricciardo,1,22,14:41:51,24.364,
2023,18,2023_18,leclerc,1,23,14:43:10,23.963,
2023,18,2023_18,zhou,2,27,14:50:48,24.717,
2023,18,2023_18,bottas,2,28,14:52:29,25.020,
2023,18,2023_18,albon,2,29,14:54:08,24.354,
2023,18,2023_18,kevin_magnussen,2,29,14:54:24,24.745,
2023,18,2023_18,sargeant,2,32,14:59:24,25.547,
2023,18,2023_18,norris,2,34,15:01:53,23.361,
2023,18,2023_18,tsunoda,2,34,15:02:26,24.125,
2023,18,2023_18,hulkenberg,2,34,15:02:47,24.308,
2023,18,2023_18,max_verstappen,2,35,15:03:31,24.974,
2023,18,2023_18,sainz,2,35,15:03:42,23.673,
2023,18,2023_18,perez,2,37,15:07:07,23.747,
2023,18,2023_18,gasly,2,37,15:07:28,24.880,
2023,18,2023_18,hamilton,2,38,15:08:41,24.648,
2023,18,2023_18,russell,2,39,15:10:47,23.969,
2023,18,2023_18,stroll,2,40,15:12:45,23.955,
2023,18,2023_18,alonso,2,42,15:16:00,24.823,
2023,18,2023_18,ricciardo,2,47,15:25:15,26.513,
2023,18,2023_18,tsunoda,3,54,15:36:35,23.472,
2023,19,2023_19,tsunoda,1,9,14:16:34,30.121,
2023,19,2023_19,norris,1,11,14:19:23,23.408,
2023,19,2023_19,max_verstappen,1,19,14:30:10,22.427,
2023,19,2023_19,zhou,1,21,14:33:34,22.817,
2023,19,2023_19,sargeant,1,22,14:35:03,23.945,
2023,19,2023_19,hulkenberg,1,23,14:36:19,23.144,
2023,19,2023_19,kevin_magnussen,1,23,14:36:27,23.642,
2023,19,2023_19,hamilton,1,24,14:37:21,22.210,
2023,19,2023_19,piastri,1,25,14:38:53,23.734,
2023,19,2023_19,russell,1,26,14:40:18,22.311,
2023,19,2023_19,ricciardo,1,27,14:41:39,22.406,
2023,19,2023_19,gasly,1,28,14:43:24,22.627,
2023,19,2023_19,alonso,1,29,14:45:06,22.844,
2023,19,2023_19,sainz,1,30,14:45:46,22.067,
2023,19,2023_19,stroll,1,30,14:46:28,22.582,
2023,19,2023_19,leclerc,1,31,14:47:01,22.248,
2023,19,2023_19,bottas,1,31,14:47:48,23.638,
2023,19,2023_19,max_verstappen,2,33,14:50:02,22.372,
2023,19,2023_19,norris,2,33,14:50:50,22.563,
2023,19,2023_19,albon,1,33,14:50:54,23.680,
2023,19,2023_19,max_verstappen,3,34,14:52:56,20:09.136,
2023,19,2023_19,leclerc,2,34,14:52:57,20:10.512,
2023,19,2023_19,hamilton,2,34,14:52:59,20:12.908,
2023,19,2023_19,sainz,2,34,14:53:00,20:15.432,
2023,19,2023_19,ricciardo,2,34,14:53:02,20:17.136,
2023,19,2023_19,piastri,2,34,14:53:04,20:19.064,
2023,19,2023_19,russell,2,34,14:53:10,20:18.200,
2023,19,2023_19,tsunoda,2,34,14:53:13,20:18.057,
2023,19,2023_19,hulkenberg,2,34,14:53:15,20:19.826,
2023,19,2023_19,norris,3,34,14:53:17,20:26.386,
2023,19,2023_19,gasly,2,34,14:53:20,20:25.698,
2023,19,2023_19,albon,2,34,14:53:22,20:27.980,
2023,19,2023_19,zhou,2,34,14:53:24,20:29.539,
2023,19,2023_19,ocon,1,34,14:53:30,20:26.296,
2023,19,2023_19,sargeant,2,34,14:53:33,20:27.718,
2023,19,2023_19,bottas,2,34,14:53:35,20:29.349,
2023,19,2023_19,stroll,2,34,14:53:38,20:29.686,
2023,19,2023_19,alonso,2,34,14:53:42,20:29.837,
2023,20,2023_20,max_verstappen,1,1,14:05:19,18.535,
2023,20,2023_20,norris,1,1,14:05:21,19.386,
2023,20,2023_20,hamilton,1,1,14:05:24,18.521,
2023,20,2023_20,alonso,1,1,14:05:26,18.487,
2023,20,2023_20,stroll,1,1,14:05:28,18.504,
2023,20,2023_20,russell,1,1,14:05:30,20.449,
2023,20,2023_20,perez,1,1,14:05:32,20.811,
2023,20,2023_20,sainz,1,1,14:05:33,23.030,
2023,20,2023_20,ocon,1,1,14:05:35,22.209,
2023,20,2023_20,piastri,1,1,14:05:36,26:24.007,
2023,20,2023_20,tsunoda,1,1,14:05:39,20.969,
2023,20,2023_20,gasly,1,1,14:05:40,20.523,
2023,20,2023_20,bottas,1,1,14:05:41,20.732,
2023,20,2023_20,zhou,1,1,14:05:45,21.256,
2023,20,2023_20,sargeant,1,1,14:05:46,27.472,
2023,20,2023_20,ricciardo,1,1,14:05:47,26:16.725,
2023,20,2023_20,hulkenberg,1,1,14:05:49,34.261,
2023,20,2023_20,max_verstappen,2,2,14:07:42,23:22.632,
2023,20,2023_20,norris,2,2,14:07:44,23:24.611,
2023,20,2023_20,hamilton,2,2,14:07:46,23:26.375,
2023,20,2023_20,alonso,2,2,14:07:47,23:28.154,
2023,20,2023_20,stroll,2,2,14:07:50,23:29.984,
2023,20,2023_20,russell,2,2,14:07:53,23:30.984,
2023,20,2023_20,perez,2,2,14:07:55,23:31.712,
2023,20,2023_20,sainz,2,2,14:07:57,23:33.704,
2023,20,2023_20,ocon,2,2,14:07:59,23:34.725,
2023,20,2023_20,tsunoda,2,2,14:08:02,23:35.420,
2023,20,2023_20,gasly,2,2,14:08:04,23:36.706,
2023,20,2023_20,bottas,2,2,14:08:05,23:38.156,
2023,20,2023_20,zhou,2,2,14:08:09,23:39.945,
2023,20,2023_20,sargeant,2,2,14:08:10,23:41.207,
2023,20,2023_20,hulkenberg,2,2,14:08:14,23:41.069,
2023,20,2023_20,piastri,2,2,14:33:41,38.489,
2023,20,2023_20,ricciardo,2,2,14:33:47,32.770,
2023,20,2023_20,ocon,3,14,14:48:20,24.037,
2023,20,2023_20,zhou,3,15,14:49:40,23.953,
2023,20,2023_20,sargeant,3,17,14:52:18,24.367,
2023,20,2023_20,hamilton,3,18,14:53:23,23.571,
2023,20,2023_20,bottas,3,18,14:53:31,24.077,
2023,20,2023_20,russell,3,19,14:54:41,23.730,
2023,20,2023_20,perez,3,20,14:55:57,23.164,
2023,20,2023_20,hulkenberg,3,21,14:57:33,24.401,
2023,20,2023_20,stroll,3,22,14:58:34,23.558,
2023,20,2023_20,alonso,3,25,15:02:12,24.204,
2023,20,2023_20,piastri,3,24,15:02:38,23.536,
2023,20,2023_20,sainz,3,26,15:03:43,23.557,
2023,20,2023_20,gasly,3,26,15:03:46,25.295,
2023,20,2023_20,tsunoda,3,26,15:03:48,27.114,
2023,20,2023_20,max_verstappen,3,27,15:04:35,22.994,
2023,20,2023_20,norris,3,27,15:04:39,23.806,
2023,20,2023_20,ricciardo,3,26,15:05:07,23.955,
2023,20,2023_20,ocon,4,31,15:10:28,24.406,
2023,20,2023_20,sargeant,4,44,15:27:16,24.137,
2023,20,2023_20,russell,4,45,15:28:17,23.962,
2023,20,2023_20,perez,4,46,15:29:13,23.522,
2023,20,2023_20,hamilton,4,46,15:29:28,24.074,
2023,20,2023_20,gasly,4,46,15:29:32,23.583,
2023,20,2023_20,hulkenberg,4,46,15:30:00,23.841,
2023,20,2023_20,alonso,4,47,15:30:25,23.830,
2023,20,2023_20,sainz,4,51,15:35:44,23.704,
2023,20,2023_20,ocon,5,51,15:36:12,23.599,
2023,20,2023_20,stroll,4,52,15:36:55,25.294,
2023,20,2023_20,piastri,4,52,15:38:37,23.338,
2023,20,2023_20,tsunoda,4,55,15:41:00,23.453,
2023,20,2023_20,max_verstappen,4,56,15:41:21,23.397,
2023,20,2023_20,ricciardo,4,55,15:42:16,23.508,
2023,20,2023_20,norris,4,59,15:45:16,23.664,
2023,21,2023_21,perez,1,1,22:06:05,33.599,
2023,21,2023_21,alonso,1,1,22:06:26,29.304,
2023,21,2023_21,bottas,1,1,22:06:30,43.914,
2023,21,2023_21,stroll,1,3,22:10:06,22.222,
2023,21,2023_21,sainz,1,3,22:10:19,21.261,
2023,21,2023_21,tsunoda,1,10,22:25:26,20.619,
2023,21,2023_21,hulkenberg,1,12,22:28:45,22.154,
2023,21,2023_21,kevin_magnussen,1,14,22:32:02,21.611,
2023,21,2023_21,russell,1,15,22:33:29,21.257,
2023,21,2023_21,sargeant,1,15,22:33:40,21.367,
2023,21,2023_21,max_verstappen,1,16,22:35:04,26.686,
2023,21,2023_21,albon,1,16,22:35:17,21.242,
2023,21,2023_21,piastri,1,16,22:35:19,23.269,
2023,21,2023_21,gasly,1,17,22:36:53,22.262,
2023,21,2023_21,hamilton,1,17,22:37:11,25.047,
2023,21,2023_21,ricciardo,1,17,22:37:13,22.242,
2023,21,2023_21,ocon,1,20,22:41:58,21.763,
2023,21,2023_21,leclerc,1,21,22:43:18,22.559,
2023,21,2023_21,tsunoda,2,21,22:44:16,20.894,
2023,21,2023_21,bottas,2,24,22:49:10,21.575,
2023,21,2023_21,perez,2,26,22:51:52,21.568,
2023,21,2023_21,stroll,2,26,22:52:07,22.570,
2023,21,2023_21,max_verstappen,2,26,22:52:08,21.323,
2023,21,2023_21,russell,2,26,22:52:11,21.952,
2023,21,2023_21,sainz,2,26,22:52:13,22.630,
2023,21,2023_21,alonso,2,26,22:52:17,23.214,
2023,21,2023_21,zhou,1,26,22:52:26,22.155,
2023,21,2023_21,kevin_magnussen,2,26,22:52:38,21.868,
2023,21,2023_21,hulkenberg,2,26,22:52:42,25.453,
2023,21,2023_21,hamilton,2,26,22:52:49,22.508,
2023,21,2023_21,piastri,2,43,23:22:11,20.535,
2023,22,2023_22,kevin_magnussen,1,5,17:11:16,22.764,
2023,22,2023_22,ricciardo,1,7,17:14:15,21.692,
2023,22,2023_22,alonso,1,12,17:21:44,22.462,
2023,22,2023_22,piastri,1,13,17:23:13,21.697,
2023,22,2023_22,hulkenberg,1,13,17:23:25,21.861,
2023,22,2023_22,zhou,1,13,17:23:27,22.867,
2023,22,2023_22,norris,1,14,17:24:40,24.061,
2023,22,2023_22,russell,1,14,17:24:42,21.650,
2023,22,2023_22,hamilton,1,15,17:26:21,22.195,
2023,22,2023_22,ocon,1,15,17:26:22,22.160,
2023,22,2023_22,sargeant,1,15,17:26:35,22.124,
2023,22,2023_22,max_verstappen,1,16,17:27:36,21.662,
2023,22,2023_22,albon,1,16,17:28:04,22.170,
2023,22,2023_22,leclerc,1,17,17:29:09,21.919,
2023,22,2023_22,perez,1,17,17:29:21,21.446,
2023,22,2023_22,gasly,1,17,17:29:26,23.091,
2023,22,2023_22,tsunoda,1,22,17:36:54,21.486,
2023,22,2023_22,stroll,1,22,17:36:59,21.866,
2023,22,2023_22,kevin_magnussen,2,22,17:37:30,22.163,
2023,22,2023_22,sainz,1,23,17:38:36,21.229,
2023,22,2023_22,bottas,1,29,17:48:01,22.665,
2023,22,2023_22,ricciardo,2,31,17:50:51,21.740,
2023,22,2023_22,gasly,2,32,17:52:26,23.478,
2023,22,2023_22,norris,2,33,17:53:31,21.432,
2023,22,2023_22,hulkenberg,2,33,17:54:04,22.081,
2023,22,2023_22,russell,2,34,17:54:57,22.084,
2023,22,2023_22,leclerc,2,35,17:56:25,21.246,
2023,22,2023_22,hamilton,2,35,17:56:42,22.045,
2023,22,2023_22,piastri,2,36,17:58:08,21.156,
2023,22,2023_22,alonso,2,36,17:58:11,21.841,
2023,22,2023_22,zhou,2,37,18:00:12,22.345,
2023,22,2023_22,sargeant,2,41,18:06:20,21.880,
2023,22,2023_22,perez,2,42,18:06:56,21.274,
2023,22,2023_22,stroll,2,42,18:07:20,21.667,
2023,22,2023_22,max_verstappen,2,43,18:08:09,21.275,
2023,22,2023_22,albon,2,43,18:09:09,21.919,
2023,22,2023_22,sainz,2,56,18:28:24,21.564,
2024,1,2024_1,hulkenberg,1,1,18:05:33,36.604,
2024,1,2024_1,zhou,1,9,18:18:39,25.208,
2024,1,2024_1,stroll,1,9,18:18:42,24.418,
2024,1,2024_1,ocon,1,10,18:20:20,24.877,
2024,1,2024_1,sargeant,1,10,18:21:19,35.729,
2024,1,2024_1,russell,1,11,18:21:38,24.778,
2024,1,2024_1,leclerc,1,11,18:21:41,24.069,
2024,1,2024_1,kevin_magnussen,1,11,18:21:55,25.951,
2024,1,2024_1,perez,1,12,18:23:16,24.516,
2024,1,2024_1,piastri,1,12,18:23:24,25.450,
2024,1,2024_1,hamilton,1,12,18:23:26,25.087,
2024,1,2024_1,gasly,1,12,18:23:38,29.980,
2024,1,2024_1,bottas,1,12,18:23:42,26.420,
2024,1,2024_1,norris,1,13,18:25:00,24.205,
2024,1,2024_1,ricciardo,1,13,18:25:17,24.988,
2024,1,2024_1,sainz,1,14,18:26:32,24.474,
2024,1,2024_1,tsunoda,1,14,18:26:47,24.724,
2024,1,2024_1,alonso,1,15,18:28:24,24.786,
2024,1,2024_1,albon,1,15,18:28:29,24.681,
2024,1,2024_1,max_verstappen,1,17,18:31:12,25.064,
2024,1,2024_1,hulkenberg,2,20,18:37:08,24.768,
2024,1,2024_1,stroll,2,27,18:48:25,24.545,
2024,1,2024_1,zhou,2,28,18:49:59,25.094,
2024,1,2024_1,sargeant,2,28,18:51:33,25.070,
2024,1,2024_1,ocon,2,30,18:53:30,25.145,
2024,1,2024_1,bottas,2,30,18:53:32,1:14.773,
2024,1,2024_1,russell,2,31,18:54:21,24.866,
2024,1,2024_1,gasly,2,31,18:55:10,26.462,
2024,1,2024_1,kevin_magnussen,2,32,18:56:37,24.446,
2024,1,2024_1,norris,2,33,18:57:39,24.705,
2024,1,2024_1,hamilton,2,33,18:57:45,24.094,
2024,1,2024_1,leclerc,2,34,18:59:13,24.136,
2024,1,2024_1,piastri,2,34,18:59:20,24.852,
2024,1,2024_1,tsunoda,2,34,18:59:47,24.324,
2024,1,2024_1,sainz,2,35,19:00:38,23.866,
2024,1,2024_1,ricciardo,2,35,19:01:34,24.856,
2024,1,2024_1,perez,2,36,19:02:12,24.563,
2024,1,2024_1,albon,2,36,19:03:09,24.610,
2024,1,2024_1,max_verstappen,2,37,19:03:29,24.209,
2024,1,2024_1,alonso,2,41,19:10:58,25.109,
2024,1,2024_1,sargeant,3,40,19:11:22,25.346,
2024,1,2024_1,hulkenberg,3,41,19:11:29,24.387,
2024,1,2024_1,gasly,3,43,19:14:55,25.240,
2024,2,2024_2,max_verstappen,1,7,20:15:25,20.607,
2024,2,2024_2,perez,1,7,20:15:30,22.196,
2024,2,2024_2,leclerc,1,7,20:15:31,23.419,
2024,2,2024_2,piastri,1,7,20:15:36,21.427,
2024,2,2024_2,alonso,1,7,20:15:37,22.129,
2024,2,2024_2,russell,1,7,20:15:42,21.013,
2024,2,2024_2,bearman,1,7,20:15:51,22.457,
2024,2,2024_2,tsunoda,1,7,20:15:51,21.694,
2024,2,2024_2,albon,1,7,20:15:53,21.723,
2024,2,2024_2,kevin_magnussen,1,7,20:15:53,21.460,
2024,2,2024_2,ricciardo,1,7,20:15:57,1:03.364,
2024,2,2024_2,ocon,1,7,20:15:59,22.502,
2024,2,2024_2,bottas,1,7,20:16:00,22.795,
2024,2,2024_2,sargeant,1,7,20:16:01,23.645,
2024,2,2024_2,hulkenberg,1,33,20:59:21,21.035,
2024,2,2024_2,bottas,2,35,21:02:58,23.281,
2024,2,2024_2,hamilton,1,36,21:03:38,20.170,
2024,2,2024_2,norris,1,37,21:05:08,22.211,
2024,2,2024_2,zhou,1,41,21:12:03,46.381,
2024,3,2024_3,ricciardo,1,5,15:10:25,18.265,
2024,3,2024_3,albon,1,6,15:11:45,17.755,
2024,3,2024_3,zhou,1,6,15:11:49,19.032,
2024,3,2024_3,hamilton,1,7,15:13:04,17.596,
2024,3,2024_3,kevin_magnussen,1,7,15:13:08,18.301,
2024,3,2024_3,russell,1,8,15:14:23,18.046,
2024,3,2024_3,stroll,1,8,15:14:26,17.901,
2024,3,2024_3,bottas,1,8,15:14:30,46.969,
2024,3,2024_3,leclerc,1,9,15:15:42,17.409,
2024,3,2024_3,piastri,1,9,15:15:43,17.573,
2024,3,2024_3,tsunoda,1,9,15:15:50,18.523,
2024,3,2024_3,ocon,1,9,15:15:55,18.287,
2024,3,2024_3,norris,1,14,15:22:37,17.776,
2024,3,2024_3,perez,1,14,15:22:45,18.112,
2024,3,2024_3,sainz,1,16,15:25:14,17.599,
2024,3,2024_3,ocon,2,16,15:25:58,30.626,
2024,3,2024_3,alonso,1,17,15:27:06,18.160,
2024,3,2024_3,hulkenberg,1,17,15:27:28,18.320,
2024,3,2024_3,gasly,1,17,15:27:32,20.316,
2024,3,2024_3,albon,2,27,15:41:35,17.745,
2024,3,2024_3,ricciardo,2,29,15:44:29,17.751,
2024,3,2024_3,kevin_magnussen,2,33,15:49:58,18.151,
2024,3,2024_3,leclerc,2,34,15:50:35,17.308,
2024,3,2024_3,perez,2,35,15:52:18,17.222,
2024,3,2024_3,hulkenberg,2,35,15:52:40,18.145,
2024,3,2024_3,zhou,2,35,15:52:50,36.866,
2024,3,2024_3,tsunoda,2,36,15:53:59,17.535,
2024,3,2024_3,bottas,2,36,15:54:30,18.938,
2024,3,2024_3,stroll,2,37,15:55:19,17.977,
2024,3,2024_3,piastri,2,39,15:57:32,18.533,
2024,3,2024_3,norris,2,40,15:58:46,17.653,
2024,3,2024_3,sainz,2,41,15:59:57,17.740,
2024,3,2024_3,alonso,2,41,16:00:37,17.995,
2024,3,2024_3,gasly,2,41,16:01:21,17.682,
2024,3,2024_3,ocon,3,42,16:02:51,18.007,
2024,3,2024_3,russell,2,45,16:06:07,17.964,
2024,4,2024_4,max_verstappen,1,1,14:05:50,26:15.603,
2024,4,2024_4,perez,1,1,14:05:52,26:17.661,
2024,4,2024_4,norris,1,1,14:05:54,26:20.116,
2024,4,2024_4,sainz,1,1,14:05:57,26:20.097,
2024,4,2024_4,alonso,1,1,14:06:00,26:20.924,
2024,4,2024_4,piastri,1,1,14:06:03,26:20.204,
2024,4,2024_4,hamilton,1,1,14:06:12,26:20.696,
2024,4,2024_4,leclerc,1,1,14:06:13,26:23.333,
2024,4,2024_4,russell,1,1,14:06:18,26:21.238,
2024,4,2024_4,hulkenberg,1,1,14:06:21,26:20.886,
2024,4,2024_4,bottas,1,1,14:06:22,26:22.542,
2024,4,2024_4,tsunoda,1,1,14:06:25,26:24.553,
2024,4,2024_4,ocon,1,1,14:06:28,26:26.095,
2024,4,2024_4,gasly,1,1,14:06:30,26:26.793,
2024,4,2024_4,stroll,1,1,14:06:35,26:25.911,
2024,4,2024_4,kevin_magnussen,1,1,14:06:40,26:24.630,
2024,4,2024_4,sargeant,1,1,14:06:43,26:25.267,
2024,4,2024_4,zhou,1,1,14:06:50,26:22.912,
2024,4,2024_4,hulkenberg,2,5,14:40:46,23.622,
2024,4,2024_4,bottas,2,6,14:42:21,24.824,
2024,4,2024_4,tsunoda,2,7,14:43:59,23.358,
2024,4,2024_4,zhou,2,7,14:44:07,23.910,
2024,4,2024_4,norris,2,11,14:50:21,23.049,
2024,4,2024_4,zhou,3,11,14:51:01,26.653,
2024,4,2024_4,piastri,2,12,14:52:06,23.420,
2024,4,2024_4,stroll,2,12,14:52:17,23.358,
2024,4,2024_4,alonso,2,13,14:53:43,22.998,
2024,4,2024_4,perez,2,15,14:56:51,22.990,
2024,4,2024_4,sainz,2,15,14:56:55,23.136,
2024,4,2024_4,max_verstappen,2,16,14:58:23,23.177,
2024,4,2024_4,gasly,2,16,14:59:18,23.844,
2024,4,2024_4,ocon,2,19,15:04:11,23.394,
2024,4,2024_4,russell,2,22,15:08:39,23.577,
2024,4,2024_4,kevin_magnussen,2,22,15:09:03,26.198,
2024,4,2024_4,bottas,3,22,15:09:04,25.946,
2024,4,2024_4,sargeant,2,22,15:09:04,25.530,
2024,4,2024_4,tsunoda,3,22,15:09:05,23.486,
2024,4,2024_4,stroll,3,22,15:09:06,23.238,
2024,4,2024_4,hamilton,2,23,15:10:21,23.333,
2024,4,2024_4,leclerc,2,26,15:15:01,23.285,
2024,4,2024_4,norris,3,26,15:15:02,23.232,
2024,4,2024_4,piastri,3,32,15:25:00,22.848,
2024,4,2024_4,gasly,3,32,15:26:03,23.102,
2024,4,2024_4,perez,3,33,15:26:18,22.956,
2024,4,2024_4,alonso,3,33,15:26:33,23.157,
2024,4,2024_4,hulkenberg,3,33,15:27:22,23.993,
2024,4,2024_4,ocon,3,33,15:27:33,24.181,
2024,4,2024_4,max_verstappen,3,34,15:27:43,23.234,
2024,4,2024_4,stroll,4,34,15:28:58,22.911,
2024,4,2024_4,sargeant,3,34,15:29:04,24.220,
2024,4,2024_4,sainz,3,36,15:31:14,23.591,
2024,4,2024_4,russell,3,37,15:33:07,22.991,
2024,4,2024_4,hamilton,3,39,15:36:25,23.956,
2024,4,2024_4,sargeant,4,41,15:41:24,23.287,
2024,5,2024_5,hulkenberg,1,8,15:17:30,23.004,
2024,5,2024_5,tsunoda,1,8,15:17:35,23.160,
2024,5,2024_5,zhou,1,8,15:17:39,23.362,
2024,5,2024_5,stroll,1,9,15:19:10,23.823,
2024,5,2024_5,bottas,1,9,15:19:12,22.949,
2024,5,2024_5,ocon,1,9,15:19:14,23.156,
2024,5,2024_5,albon,1,9,15:19:15,23.273,
2024,5,2024_5,hamilton,1,9,15:19:19,22.518,
2024,5,2024_5,alonso,1,11,15:22:28,23.049,
2024,5,2024_5,russell,1,11,15:22:32,22.415,
2024,5,2024_5,gasly,1,11,15:22:43,39.712,
2024,5,2024_5,sargeant,1,12,15:24:34,23.229,
2024,5,2024_5,max_verstappen,1,13,15:25:33,22.456,
2024,5,2024_5,perez,1,13,15:25:43,22.027,
2024,5,2024_5,ricciardo,1,14,15:27:53,22.598,
2024,5,2024_5,piastri,1,16,15:31:03,22.673,
2024,5,2024_5,sainz,1,17,15:32:49,22.629,
2024,5,2024_5,kevin_magnussen,1,17,15:33:13,22.974,
2024,5,2024_5,leclerc,1,21,15:39:34,22.360,
2024,5,2024_5,stroll,2,21,15:40:07,22.911,
2024,5,2024_5,hamilton,2,21,15:40:23,22.662,
2024,5,2024_5,norris,1,22,15:41:37,22.161,
2024,5,2024_5,max_verstappen,2,23,15:43:44,22.270,
2024,5,2024_5,perez,2,23,15:44:03,22.371,
2024,5,2024_5,alonso,2,23,15:44:21,22.687,
2024,5,2024_5,russell,2,23,15:44:25,22.707,
2024,5,2024_5,hulkenberg,2,23,15:44:41,23.336,
2024,5,2024_5,ocon,2,23,15:44:48,23.208,
2024,5,2024_5,tsunoda,2,23,15:44:54,22.387,
2024,5,2024_5,albon,2,23,15:44:57,23.600,
2024,5,2024_5,zhou,2,23,15:45:02,25.610,
2024,5,2024_5,gasly,2,23,15:45:12,23.987,
2024,5,2024_5,piastri,2,24,15:46:41,22.262,
2024,5,2024_5,sargeant,2,24,15:47:14,22.684,
2024,5,2024_5,stroll,3,26,15:51:46,1:33.274,
2024,5,2024_5,kevin_magnussen,2,27,15:54:22,25.727,
2024,5,2024_5,stroll,4,35,16:10:09,34.777,
2024,5,2024_5,gasly,3,38,16:15:11,22.836,
2024,5,2024_5,zhou,3,40,16:18:35,23.252,
2024,5,2024_5,alonso,3,43,16:23:18,23.179,
2024,6,2024_6,albon,1,10,16:19:16,22.828,
2024,6,2024_6,stroll,1,11,16:20:48,23.038,
2024,6,2024_6,sargeant,1,11,16:20:52,22.611,
2024,6,2024_6,bottas,1,11,16:20:55,23.730,
2024,6,2024_6,hulkenberg,1,12,16:22:21,23.055,
2024,6,2024_6,gasly,1,12,16:22:22,22.466,
2024,6,2024_6,perez,1,17,16:29:57,21.695,
2024,6,2024_6,leclerc,1,19,16:32:56,21.825,
2024,6,2024_6,ocon,1,22,16:38:08,22.663,
2024,6,2024_6,alonso,1,22,16:38:11,22.374,
2024,6,2024_6,kevin_magnussen,1,22,16:38:18,23.265,
2024,6,2024_6,max_verstappen,1,23,16:39:17,22.187,
2024,6,2024_6,russell,1,24,16:41:18,22.800,
2024,6,2024_6,hamilton,1,26,16:44:23,22.107,
2024,6,2024_6,piastri,1,27,16:45:31,22.216,
2024,6,2024_6,sainz,1,27,16:45:33,22.805,
2024,6,2024_6,perez,2,28,16:47:40,22.396,
2024,6,2024_6,tsunoda,1,28,16:47:44,22.153,
2024,6,2024_6,zhou,1,28,16:48:01,23.017,
2024,6,2024_6,ricciardo,1,28,16:48:05,22.540,
2024,6,2024_6,hulkenberg,2,28,16:48:13,22.487,
2024,6,2024_6,stroll,2,28,16:48:15,22.631,
2024,6,2024_6,kevin_magnussen,2,28,16:48:47,29.727,
2024,6,2024_6,norris,1,29,16:49:15,22.041,
2024,6,2024_6,bottas,2,29,16:50:34,22.765,
2024,6,2024_6,kevin_magnussen,3,31,16:54:36,30.732,
2024,6,2024_6,piastri,2,40,17:08:34,30.409,
2024,6,2024_6,albon,2,53,17:29:03,22.567,
2024,7,2024_7,alonso,1,7,15:13:08,31.368,
2024,7,2024_7,albon,1,8,15:14:25,30.050,
2024,7,2024_7,gasly,1,8,15:14:26,30.081,
2024,7,2024_7,bottas,1,8,15:14:28,30.240,
2024,7,2024_7,albon,2,9,15:17:08,33.179,
2024,7,2024_7,ricciardo,1,11,15:18:29,30.068,
2024,7,2024_7,tsunoda,1,12,15:19:49,29.628,
2024,7,2024_7,hulkenberg,1,13,15:21:11,29.749,
2024,7,2024_7,russell,1,21,15:31:57,29.664,
2024,7,2024_7,norris,1,22,15:33:08,29.956,
2024,7,2024_7,piastri,1,23,15:34:37,29.770,
2024,7,2024_7,max_verstappen,1,24,15:35:46,30.416,
2024,7,2024_7,albon,3,23,15:36:52,38.413,
2024,7,2024_7,leclerc,1,25,15:37:15,30.149,
2024,7,2024_7,ocon,1,25,15:37:56,30.659,
2024,7,2024_7,sainz,1,27,15:40:03,30.508,
2024,7,2024_7,hamilton,1,27,15:40:14,29.547,
2024,7,2024_7,albon,4,28,15:44:25,31.131,
2024,7,2024_7,gasly,2,30,15:45:06,30.654,
2024,7,2024_7,sargeant,1,31,15:46:28,31.085,
2024,7,2024_7,zhou,1,33,15:49:09,30.244,
2024,7,2024_7,perez,1,37,15:54:16,29.669,
2024,7,2024_7,stroll,1,37,15:54:22,29.971,
2024,7,2024_7,kevin_magnussen,1,37,15:54:36,31.302,
2024,7,2024_7,alonso,2,40,15:59:03,30.483,
2024,7,2024_7,russell,2,52,16:14:22,29.605,
2024,7,2024_7,alonso,3,59,16:25:23,29.931,
2024,8,2024_8,leclerc,1,1,15:04:50,39:18.026,
2024,8,2024_8,piastri,1,1,15:04:52,39:17.645,
2024,8,2024_8,norris,1,1,15:04:54,39:25.538,
2024,8,2024_8,russell,1,1,15:04:56,39:29.363,
2024,8,2024_8,max_verstappen,1,1,15:04:57,39:32.670,
2024,8,2024_8,hamilton,1,1,15:05:00,39:35.369,
2024,8,2024_8,tsunoda,1,1,15:05:02,39:37.564,
2024,8,2024_8,albon,1,1,15:05:05,39:41.390,
2024,8,2024_8,gasly,1,1,15:05:07,39:41.893,
2024,8,2024_8,stroll,1,1,15:05:10,39:43.588,
2024,8,2024_8,ricciardo,1,1,15:05:13,39:45.823,
2024,8,2024_8,alonso,1,1,15:05:15,39:49.467,
2024,8,2024_8,sargeant,1,1,15:05:16,39:51.600,
2024,8,2024_8,bottas,1,1,15:05:19,39:54.053,
2024,8,2024_8,sainz,1,1,15:05:27,38:47.072,
2024,8,2024_8,zhou,1,1,15:05:31,39:46.414,
2024,8,2024_8,bottas,2,15,16:04:57,24.239,
2024,8,2024_8,stroll,2,42,16:41:05,24.132,
2024,8,2024_8,stroll,3,48,16:49:27,28.211,
2024,8,2024_8,hamilton,2,51,16:52:10,24.232,
2024,8,2024_8,max_verstappen,2,52,16:53:26,23.813,
2024,8,2024_8,sargeant,2,57,17:01:43,24.384,
2024,8,2024_8,zhou,2,70,17:19:04,24.367,
2024,9,2024_9,kevin_magnussen,1,7,14:14:25,30.472,
2024,9,2024_9,hulkenberg,1,12,14:22:33,24.233,
2024,9,2024_9,zhou,1,24,14:40:42,25.598,
2024,9,2024_9,max_verstappen,1,25,14:40:52,24.306,
2024,9,2024_9,russell,1,25,14:40:52,24.044,
2024,9,2024_9,piastri,1,25,14:40:53,23.977,
2024,9,2024_9,alonso,1,25,14:41:12,25.788,
2024,9,2024_9,hamilton,1,25,14:41:13,23.762,
2024,9,2024_9,stroll,1,25,14:41:47,24.284,
2024,9,2024_9,albon,1,25,14:41:54,24.753,
2024,9,2024_9,leclerc,1,25,14:41:58,24.031,
2024,9,2024_9,sainz,1,25,14:42:01,27.626,
2024,9,2024_9,kevin_magnussen,2,25,14:42:03,26.794,
2024,9,2024_9,gasly,1,25,14:42:06,24.911,
2024,9,2024_9,perez,1,25,14:42:09,33.762,
2024,9,2024_9,hulkenberg,2,25,14:42:21,24.668,
2024,9,2024_9,norris,1,26,14:42:44,23.423,
2024,9,2024_9,ricciardo,1,26,14:43:37,30.298,
2024,9,2024_9,leclerc,2,28,14:47:31,47.186,
2024,9,2024_9,leclerc,3,31,14:53:31,24.629,
2024,9,2024_9,gasly,2,40,15:05:55,24.408,
2024,9,2024_9,kevin_magnussen,3,41,15:07:24,24.833,
2024,9,2024_9,bottas,1,42,15:08:45,24.929,
2024,9,2024_9,hamilton,2,43,15:09:46,24.226,
2024,9,2024_9,ricciardo,2,43,15:10:10,23.860,
2024,9,2024_9,sainz,2,43,15:10:12,24.125,
2024,9,2024_9,perez,2,43,15:10:12,24.423,
2024,9,2024_9,piastri,2,44,15:11:10,23.476,
2024,9,2024_9,alonso,2,44,15:11:23,24.346,
2024,9,2024_9,tsunoda,1,44,15:11:26,25.569,
2024,9,2024_9,stroll,2,44,15:11:30,25.025,
2024,9,2024_9,ocon,1,44,15:11:32,24.495,
2024,9,2024_9,albon,2,44,15:11:34,24.804,
2024,9,2024_9,hulkenberg,3,44,15:11:43,24.751,
2024,9,2024_9,zhou,2,44,15:11:53,1:05.564,
2024,9,2024_9,max_verstappen,2,45,15:12:29,24.246,
2024,9,2024_9,russell,2,45,15:12:31,25.431,
2024,9,2024_9,norris,2,47,15:15:19,23.983,
2024,9,2024_9,zhou,3,52,15:25:02,28.375,
2024,9,2024_9,russell,3,54,15:25:19,28.157,
2024,9,2024_9,hamilton,3,54,15:25:24,28.817,
2024,9,2024_9,kevin_magnussen,4,54,15:26:25,26.845,
2024,10,2024_10,zhou,1,9,15:15:47,22.523,
2024,10,2024_10,tsunoda,1,9,15:15:48,22.064,
2024,10,2024_10,kevin_magnussen,1,10,15:17:08,23.360,
2024,10,2024_10,bottas,1,11,15:18:28,22.744,
2024,10,2024_10,hulkenberg,1,12,15:19:44,22.722,
2024,10,2024_10,ocon,1,13,15:21:03,21.834,
2024,10,2024_10,perez,1,13,15:21:05,22.181,
2024,10,2024_10,gasly,1,14,15:22:19,26.097,
2024,10,2024_10,sargeant,1,14,15:22:45,22.401,
2024,10,2024_10,russell,1,15,15:23:33,25.023,
2024,10,2024_10,sainz,1,15,15:23:36,22.194,
2024,10,2024_10,hamilton,1,16,15:24:57,21.840,
2024,10,2024_10,ricciardo,1,16,15:25:24,22.364,
2024,10,2024_10,max_verstappen,1,17,15:26:11,21.544,
2024,10,2024_10,stroll,1,17,15:26:39,21.880,
2024,10,2024_10,albon,1,18,15:28:15,23.248,
2024,10,2024_10,alonso,1,19,15:29:25,21.957,
2024,10,2024_10,piastri,1,21,15:31:54,22.224,
2024,10,2024_10,norris,1,23,15:34:21,21.618,
2024,10,2024_10,leclerc,1,24,15:35:49,22.260,
2024,10,2024_10,tsunoda,2,27,15:40:44,22.084,
2024,10,2024_10,bottas,2,28,15:41:58,22.963,
2024,10,2024_10,kevin_magnussen,2,29,15:43:22,28.967,
2024,10,2024_10,perez,2,31,15:45:43,21.464,
2024,10,2024_10,sargeant,2,34,15:50:28,22.506,
2024,10,2024_10,russell,2,36,15:52:01,22.700,
2024,10,2024_10,sainz,2,36,15:52:05,22.249,
2024,10,2024_10,ocon,2,37,15:53:54,21.921,
2024,10,2024_10,stroll,2,37,15:54:06,23.381,
2024,10,2024_10,gasly,2,38,15:55:06,21.687,
2024,10,2024_10,hulkenberg,2,38,15:55:17,22.518,
2024,10,2024_10,zhou,2,41,15:59:31,24.253,
2024,10,2024_10,ricciardo,2,42,16:01:01,22.108,
2024,10,2024_10,hamilton,2,43,16:01:21,21.603,
2024,10,2024_10,max_verstappen,2,44,16:02:29,22.340,
2024,10,2024_10,albon,2,43,16:02:33,21.892,
2024,10,2024_10,tsunoda,3,44,16:04:06,22.564,
2024,10,2024_10,alonso,2,45,16:04:54,22.571,
2024,10,2024_10,piastri,2,46,16:05:37,22.420,
2024,10,2024_10,norris,2,47,16:06:31,22.631,
2024,10,2024_10,leclerc,2,47,16:06:44,21.624,
2024,10,2024_10,perez,3,49,16:09:52,21.472,
2024,11,2024_11,leclerc,1,1,15:04:20,31.917,
2024,11,2024_11,sargeant,1,1,15:04:23,31.722,
2024,11,2024_11,kevin_magnussen,1,10,15:15:02,21.518,
2024,11,2024_11,ricciardo,1,10,15:15:04,21.502,
2024,11,2024_11,hulkenberg,1,11,15:16:12,22.355,
2024,11,2024_11,alonso,1,11,15:16:18,21.483,
2024,11,2024_11,albon,1,12,15:17:30,21.878,
2024,11,2024_11,leclerc,2,16,15:22:38,21.685,
2024,11,2024_11,ocon,1,19,15:25:51,22.291,
2024,11,2024_11,bottas,1,19,15:26:01,21.918,
2024,11,2024_11,gasly,1,20,15:27:05,21.431,
2024,11,2024_11,stroll,1,20,15:27:11,21.399,
2024,11,2024_11,sargeant,2,20,15:27:51,22.502,
2024,11,2024_11,hamilton,1,21,15:28:03,21.563,
2024,11,2024_11,perez,1,21,15:28:10,21.291,
2024,11,2024_11,tsunoda,1,21,15:28:21,21.250,
2024,11,2024_11,russell,1,22,15:29:09,21.673,
2024,11,2024_11,sainz,1,22,15:29:12,21.226,
2024,11,2024_11,max_verstappen,1,23,15:30:10,21.899,
2024,11,2024_11,norris,1,23,15:30:16,21.617,
2024,11,2024_11,piastri,1,25,15:32:49,20.978,
2024,11,2024_11,zhou,1,28,15:37:09,23.198,
2024,11,2024_11,leclerc,3,33,15:43:03,22.243,
2024,11,2024_11,alonso,2,35,15:45:19,33.947,
2024,11,2024_11,ricciardo,2,37,15:47:39,21.093,
2024,11,2024_11,kevin_magnussen,2,38,15:48:49,21.832,
2024,11,2024_11,hulkenberg,2,39,15:49:55,21.814,
2024,11,2024_11,albon,2,39,15:50:11,21.692,
2024,11,2024_11,gasly,2,42,15:53:40,22.043,
2024,11,2024_11,bottas,2,42,15:53:49,21.991,
2024,11,2024_11,ocon,2,43,15:54:52,21.231,
2024,11,2024_11,stroll,2,43,15:54:58,21.302,
2024,11,2024_11,tsunoda,2,44,15:56:07,23.444,
2024,11,2024_11,russell,2,46,15:57:41,21.229,
2024,11,2024_11,sainz,2,47,15:58:55,21.283,
2024,11,2024_11,sargeant,3,49,16:03:04,22.093,
2024,11,2024_11,max_verstappen,2,51,16:03:13,25.841,
2024,11,2024_11,norris,2,51,16:03:21,21.411,
2024,11,2024_11,piastri,2,51,16:03:40,20.775,
2024,11,2024_11,perez,2,51,16:04:03,27.500,
2024,11,2024_11,leclerc,4,51,16:04:33,20.903,
2024,11,2024_11,zhou,2,51,16:05:02,21.594,
2024,11,2024_11,hamilton,2,53,16:06:06,27.281,
2024,11,2024_11,max_verstappen,3,64,16:19:06,22.729,
2024,11,2024_11,alonso,3,68,16:25:31,22.487,
2024,12,2024_12,zhou,1,12,15:22:07,29.178,
2024,12,2024_12,leclerc,1,19,15:32:51,28.481,
2024,12,2024_12,perez,1,19,15:32:59,28.391,
2024,12,2024_12,ocon,1,19,15:33:21,28.495,
2024,12,2024_12,zhou,2,19,15:33:46,29.838,
2024,12,2024_12,ocon,2,21,15:37:02,28.276,
2024,12,2024_12,max_verstappen,1,26,15:43:41,28.365,
2024,12,2024_12,sainz,1,26,15:43:42,29.199,
2024,12,2024_12,hulkenberg,1,26,15:43:59,29.412,
2024,12,2024_12,stroll,1,26,15:44:01,29.023,
2024,12,2024_12,ricciardo,1,26,15:44:23,28.875,
2024,12,2024_12,bottas,1,26,15:44:42,30.628,
2024,12,2024_12,norris,1,27,15:45:13,28.661,
2024,12,2024_12,hamilton,1,27,15:45:17,28.929,
2024,12,2024_12,russell,1,27,15:45:20,32.045,
2024,12,2024_12,alonso,1,27,15:45:51,29.341,
2024,12,2024_12,tsunoda,1,27,15:45:52,,
2024,12,2024_12,albon,1,27,15:45:53,34.742,
2024,12,2024_12,ocon,3,26,15:45:57,29.289,
2024,12,2024_12,kevin_magnussen,1,27,15:45:59,30.308,
2024,12,2024_12,sargeant,1,27,15:46:01,32.801,
2024,12,2024_12,zhou,3,26,15:46:39,29.125,
2024,12,2024_12,piastri,1,28,15:47:12,29.541,
2024,12,2024_12,leclerc,2,27,15:47:17,29.233,
2024,12,2024_12,perez,2,28,15:49:13,32.313,
2024,12,2024_12,kevin_magnussen,2,37,16:03:41,29.884,
2024,12,2024_12,ricciardo,2,37,16:03:44,29.873,
2024,12,2024_12,bottas,2,37,16:04:05,31.527,
2024,12,2024_12,hamilton,2,38,16:04:09,30.038,
2024,12,2024_12,max_verstappen,2,38,16:04:14,29.076,
2024,12,2024_12,piastri,2,38,16:04:29,29.200,
2024,12,2024_12,leclerc,3,37,16:04:40,29.166,
2024,12,2024_12,perez,3,37,16:04:59,29.300,
2024,12,2024_12,alonso,2,38,16:05:03,29.686,
2024,12,2024_12,tsunoda,2,38,16:05:07,29.658,
2024,12,2024_12,albon,2,38,16:05:11,29.410,
2024,12,2024_12,sargeant,2,38,16:05:23,29.444,
2024,12,2024_12,norris,2,39,16:05:44,30.387,
2024,12,2024_12,zhou,4,37,16:06:00,33.083,
2024,12,2024_12,sainz,2,39,16:06:06,29.097,
2024,12,2024_12,hulkenberg,2,39,16:06:28,30.265,
2024,12,2024_12,stroll,2,39,16:06:33,29.469,
2024,12,2024_12,ocon,4,38,16:06:52,29.086,
2024,12,2024_12,perez,4,47,16:20:38,28.871,
2024,12,2024_12,sainz,3,50,16:22:59,28.706,
2024,13,2024_13,hulkenberg,1,2,15:06:01,22.287,
2024,13,2024_13,albon,1,6,15:11:43,22.091,
2024,13,2024_13,kevin_magnussen,1,6,15:11:43,21.871,
2024,13,2024_13,ocon,1,6,15:11:47,21.829,
2024,13,2024_13,alonso,1,7,15:13:05,22.542,
2024,13,2024_13,ricciardo,1,7,15:13:08,21.084,
2024,13,2024_13,zhou,1,7,15:13:15,21.993,
2024,13,2024_13,sargeant,1,8,15:14:38,21.757,
2024,13,2024_13,stroll,1,14,15:23:01,23.237,
2024,13,2024_13,hamilton,1,16,15:25:36,21.306,
2024,13,2024_13,bottas,1,16,15:25:58,22.146,
2024,13,2024_13,norris,1,17,15:26:55,21.861,
2024,13,2024_13,piastri,1,18,15:28:15,21.641,
2024,13,2024_13,max_verstappen,1,21,15:32:38,22.101,
2024,13,2024_13,sainz,1,21,15:32:46,21.655,
2024,13,2024_13,leclerc,1,23,15:35:30,21.894,
2024,13,2024_13,perez,1,28,15:43:04,21.395,
2024,13,2024_13,gasly,1,28,15:43:16,21.405,
2024,13,2024_13,ricciardo,2,28,15:43:23,21.378,
2024,13,2024_13,tsunoda,1,29,15:44:27,21.467,
2024,13,2024_13,hulkenberg,2,29,15:44:45,22.472,
2024,13,2024_13,albon,2,29,15:44:46,23.410,
2024,13,2024_13,ocon,2,30,15:46:17,21.444,
2024,13,2024_13,russell,1,33,15:50:09,21.369,
2024,13,2024_13,sargeant,2,33,15:50:34,21.398,
2024,13,2024_13,kevin_magnussen,2,34,15:51:57,22.531,
2024,13,2024_13,zhou,2,36,15:55:03,22.183,
2024,13,2024_13,alonso,2,37,15:55:57,21.800,
2024,13,2024_13,hamilton,2,40,15:59:28,21.910,
2024,13,2024_13,leclerc,2,40,15:59:29,21.723,
2024,13,2024_13,norris,2,45,16:06:18,21.249,
2024,13,2024_13,stroll,2,45,16:07:17,22.276,
2024,13,2024_13,bottas,2,45,16:07:35,21.981,
2024,13,2024_13,piastri,2,47,16:09:05,21.823,
2024,13,2024_13,sainz,2,47,16:09:23,21.439,
2024,13,2024_13,perez,2,47,16:09:46,21.056,
2024,13,2024_13,max_verstappen,2,49,16:12:02,21.344,
2024,13,2024_13,russell,2,53,16:18:05,21.328,
2024,13,2024_13,sargeant,3,63,16:33:22,21.908,
2024,13,2024_13,ocon,3,64,16:34:46,21.330,
2024,14,2024_14,hulkenberg,1,7,15:17:00,23.562,
2024,14,2024_14,albon,1,8,15:18:45,23.606,
2024,14,2024_14,ricciardo,1,8,15:18:49,22.643,
2024,14,2024_14,sargeant,1,8,15:18:55,23.338,
2024,14,2024_14,gasly,1,9,15:20:39,22.900,
2024,14,2024_14,russell,1,10,15:22:19,22.686,
2024,14,2024_14,max_verstappen,1,10,15:22:21,23.214,
2024,14,2024_14,hamilton,1,11,15:24:02,23.188,
2024,14,2024_14,perez,1,11,15:24:06,22.692,
2024,14,2024_14,piastri,1,11,15:24:08,22.623,
2024,14,2024_14,bottas,1,11,15:24:22,23.147,
2024,14,2024_14,leclerc,1,12,15:25:53,22.942,
2024,14,2024_14,ocon,1,12,15:26:11,23.366,
2024,14,2024_14,stroll,1,12,15:26:15,23.010,
2024,14,2024_14,alonso,1,13,15:27:58,23.075,
2024,14,2024_14,norris,1,15,15:31:29,22.682,
2024,14,2024_14,tsunoda,1,15,15:31:55,23.452,
2024,14,2024_14,kevin_magnussen,1,17,15:35:32,23.619,
2024,14,2024_14,sainz,1,20,15:40:33,23.080,
2024,14,2024_14,hulkenberg,2,20,15:41:12,23.268,
2024,14,2024_14,perez,2,21,15:42:34,22.648,
2024,14,2024_14,ricciardo,2,21,15:42:55,22.328,
2024,14,2024_14,albon,2,23,15:46:34,23.146,
2024,14,2024_14,sargeant,2,24,15:48:46,23.692,
2024,14,2024_14,leclerc,2,25,15:49:39,23.330,
2024,14,2024_14,hamilton,2,26,15:51:24,22.704,
2024,14,2024_14,max_verstappen,2,28,15:55:10,22.943,
2024,14,2024_14,sainz,2,28,15:55:17,23.089,
2024,14,2024_14,gasly,2,28,15:55:46,22.844,
2024,14,2024_14,norris,2,29,15:56:59,22.610,
2024,14,2024_14,piastri,2,30,15:58:38,24.125,
2024,14,2024_14,ocon,2,30,15:59:14,23.546,
2024,14,2024_14,bottas,2,35,16:08:31,22.949,
2024,14,2024_14,perez,3,42,16:20:40,22.632,
2024,15,2024_15,albon,1,12,15:18:56,21.258,
2024,15,2024_15,hulkenberg,1,14,15:21:26,21.619,
2024,15,2024_15,tsunoda,1,14,15:21:27,21.249,
2024,15,2024_15,bottas,1,15,15:22:50,21.095,
2024,15,2024_15,zhou,1,18,15:26:53,21.214,
2024,15,2024_15,sargeant,1,22,15:32:00,22.030,
2024,15,2024_15,hamilton,1,23,15:32:56,21.168,
2024,15,2024_15,leclerc,1,24,15:33:57,20.841,
2024,15,2024_15,russell,1,25,15:35:11,21.846,
2024,15,2024_15,max_verstappen,1,27,15:37:39,20.785,
2024,15,2024_15,norris,1,28,15:38:48,21.536,
2024,15,2024_15,perez,1,29,15:40:23,22.934,
2024,15,2024_15,ricciardo,1,29,15:40:51,20.942,
2024,15,2024_15,sainz,1,30,15:41:41,20.840,
2024,15,2024_15,stroll,1,30,15:42:05,21.385,
2024,15,2024_15,ocon,1,30,15:42:17,21.015,
2024,15,2024_15,alonso,1,31,15:43:19,21.348,
2024,15,2024_15,gasly,1,32,15:44:31,22.646,
2024,15,2024_15,tsunoda,2,32,15:44:50,20.880,
2024,15,2024_15,piastri,1,33,15:45:22,20.969,
2024,15,2024_15,kevin_magnussen,1,40,15:55:10,21.403,
2024,15,2024_15,bottas,2,43,15:59:12,21.273,
2024,15,2024_15,hamilton,2,48,16:04:40,21.026,
2024,15,2024_15,zhou,2,51,16:09:57,22.044,
2024,15,2024_15,russell,2,54,16:12:03,21.159,
2024,15,2024_15,albon,2,54,16:13:00,21.016,
2024,16,2024_16,hulkenberg,1,5,15:10:58,38.875,
2024,16,2024_16,gasly,1,10,15:18:08,24.335,
2024,16,2024_16,russell,1,11,15:19:22,32.696,
2024,16,2024_16,ricciardo,1,11,15:19:31,30.317,
2024,16,2024_16,alonso,1,12,15:20:54,24.866,
2024,16,2024_16,norris,1,14,15:23:26,24.169,
2024,16,2024_16,kevin_magnussen,1,14,15:23:48,25.672,
2024,16,2024_16,leclerc,1,15,15:24:52,24.551,
2024,16,2024_16,hamilton,1,15,15:24:58,24.469,
2024,16,2024_16,zhou,1,15,15:25:28,27.138,
2024,16,2024_16,piastri,1,16,15:26:13,23.793,
2024,16,2024_16,colapinto,1,16,15:26:50,25.147,
2024,16,2024_16,albon,1,17,15:28:04,24.801,
2024,16,2024_16,sainz,1,19,15:30:37,24.313,
2024,16,2024_16,stroll,1,19,15:31:07,24.980,
2024,16,2024_16,max_verstappen,1,22,15:34:56,28.198,
2024,16,2024_16,perez,1,23,15:36:25,24.728,
2024,16,2024_16,gasly,2,30,15:47:05,24.203,
2024,16,2024_16,ocon,1,31,15:48:20,24.146,
2024,16,2024_16,norris,2,32,15:48:59,24.870,
2024,16,2024_16,hulkenberg,2,32,15:50:05,36.576,
2024,16,2024_16,russell,2,33,15:50:51,26.297,
2024,16,2024_16,bottas,1,33,15:51:24,24.410,
2024,16,2024_16,perez,2,35,15:53:38,24.030,
2024,16,2024_16,alonso,2,35,15:53:55,24.501,
2024,16,2024_16,stroll,2,36,15:55:36,24.209,
2024,16,2024_16,hamilton,2,37,15:56:11,24.155,
2024,16,2024_16,piastri,2,38,15:57:15,24.670,
2024,16,2024_16,max_verstappen,2,41,16:01:54,24.150,
2024,16,2024_16,stroll,3,50,16:15:41,25.269,
2024,17,2024_17,stroll,1,1,15:06:20,21.123,
2024,17,2024_17,colapinto,1,10,15:22:39,20.596,
2024,17,2024_17,alonso,1,11,15:24:27,20.073,
2024,17,2024_17,bottas,1,11,15:25:01,20.045,
2024,17,2024_17,max_verstappen,1,12,15:26:10,21.145,
2024,17,2024_17,russell,1,12,15:26:14,19.954,
2024,17,2024_17,hamilton,1,12,15:26:34,21.289,
2024,17,2024_17,tsunoda,1,12,15:26:54,20.922,
2024,17,2024_17,perez,1,13,15:27:51,20.630,
2024,17,2024_17,bearman,1,14,15:30:09,21.276,
2024,17,2024_17,piastri,1,15,15:31:28,20.181,
2024,17,2024_17,hulkenberg,1,15,15:31:57,21.617,
2024,17,2024_17,leclerc,1,16,15:33:13,20.671,
2024,17,2024_17,sainz,1,17,15:35:11,21.483,
2024,17,2024_17,stroll,2,22,15:45:17,20.214,
2024,17,2024_17,albon,1,31,16:00:54,20.287,
2024,17,2024_17,zhou,1,34,16:07:12,20.520,
2024,17,2024_17,norris,1,37,16:11:41,19.712,
2024,17,2024_17,max_verstappen,2,49,16:33:13,20.725,
2024,17,2024_17,ricciardo,1,49,16:34:12,21.984,
2024,17,2024_17,ocon,1,49,16:34:42,20.634,
2024,17,2024_17,gasly,1,50,16:36:20,20.257,
2024,18,2024_18,ricciardo,1,10,20:20:46,30.316,
2024,18,2024_18,albon,1,11,20:22:22,29.126,
2024,18,2024_18,sainz,1,13,20:25:37,29.385,
2024,18,2024_18,hamilton,1,17,20:31:54,29.272,
2024,18,2024_18,alonso,1,25,20:45:21,29.251,
2024,18,2024_18,stroll,1,26,20:47:31,29.816,
2024,18,2024_18,russell,1,27,20:48:22,28.739,
2024,18,2024_18,perez,1,28,20:50:26,28.990,
2024,18,2024_18,kevin_magnussen,1,28,20:50:47,29.707,
2024,18,2024_18,max_verstappen,1,29,20:51:28,29.655,
2024,18,2024_18,hulkenberg,1,29,20:52:00,29.808,
2024,18,2024_18,colapinto,1,29,20:52:02,29.772,
2024,18,2024_18,ocon,1,29,20:52:22,29.601,
2024,18,2024_18,norris,1,30,20:52:44,29.091,
2024,18,2024_18,tsunoda,1,33,20:58:54,29.662,
2024,18,2024_18,bottas,1,33,20:59:22,30.423,
2024,18,2024_18,zhou,1,34,21:01:01,29.360,
2024,18,2024_18,leclerc,1,36,21:03:29,29.042,
2024,18,2024_18,gasly,1,37,21:06:04,31.509,
2024,18,2024_18,piastri,1,38,21:06:22,29.152,
2024,18,2024_18,ricciardo,2,46,21:20:58,29.066,
2024,18,2024_18,kevin_magnussen,2,49,21:26:52,31.291,
2024,18,2024_18,ricciardo,3,58,21:40:58,29.653,
2024,19,2024_19,albon,1,3,14:09:39,34.983,
2024,19,2024_19,zhou,1,13,14:28:22,24.433,
2024,19,2024_19,bottas,1,15,14:31:39,24.439,
2024,19,2024_19,kevin_magnussen,1,17,14:34:50,23.966,
2024,19,2024_19,gasly,1,18,14:36:29,28.228,
2024,19,2024_19,tsunoda,1,18,14:36:35,24.193,
2024,19,2024_19,sainz,1,21,14:41:13,23.963,
2024,19,2024_19,max_verstappen,1,25,14:47:52,24.228,
2024,19,2024_19,leclerc,1,26,14:49:20,23.817,
2024,19,2024_19,perez,1,26,14:49:57,23.580,
2024,19,2024_19,alonso,1,26,14:50:15,24.247,
2024,19,2024_19,hulkenberg,1,27,14:51:40,24.500,
2024,19,2024_19,stroll,1,27,14:52:06,26.399,
2024,19,2024_19,norris,1,31,14:57:52,23.731,
2024,19,2024_19,ocon,1,31,14:58:47,24.156,
2024,19,2024_19,piastri,1,32,14:59:38,24.107,
2024,19,2024_19,albon,2,33,15:02:17,24.391,
2024,19,2024_19,zhou,2,35,15:05:59,24.890,
2024,19,2024_19,lawson,1,36,15:06:52,23.839,
2024,19,2024_19,kevin_magnussen,2,38,15:10:18,24.087,
2024,19,2024_19,colapinto,1,39,15:11:56,23.971,
2024,19,2024_19,russell,1,40,15:13:16,29.327,
2024,19,2024_19,ocon,2,51,15:32:32,26.175,
2024,20,2024_20,perez,1,20,14:35:55,27.730,
2024,20,2024_20,max_verstappen,1,26,14:43:43,43.730,
2024,20,2024_20,stroll,1,26,14:44:17,22.592,
2024,20,2024_20,hamilton,1,28,14:46:42,22.538,
2024,20,2024_20,gasly,1,28,14:46:56,23.204,
2024,20,2024_20,hulkenberg,1,29,14:48:15,23.077,
2024,20,2024_20,norris,1,30,14:49:15,22.111,
2024,20,2024_20,kevin_magnussen,1,30,14:49:36,23.332,
2024,20,2024_20,leclerc,1,31,14:50:30,22.860,
2024,20,2024_20,russell,1,31,14:50:44,22.462,
2024,20,2024_20,sainz,1,32,14:51:43,22.249,
2024,20,2024_20,piastri,1,39,15:02:09,21.825,
2024,20,2024_20,lawson,1,39,15:02:15,22.586,
2024,20,2024_20,zhou,1,43,15:08:09,22.935,
2024,20,2024_20,perez,2,43,15:08:13,22.174,
2024,20,2024_20,colapinto,1,47,15:13:22,23.895,
2024,20,2024_20,ocon,1,48,15:14:59,23.245,
2024,20,2024_20,bottas,1,49,15:16:16,22.505,
2024,20,2024_20,lawson,2,65,15:38:15,30.299,
2024,20,2024_20,leclerc,2,69,15:42:04,22.690,
2024,20,2024_20,perez,3,68,15:42:41,21.920,
2024,21,2024_21,leclerc,1,24,13:24:06,24.573,
2024,21,2024_21,hulkenberg,1,25,13:25:44,25.369,
2024,21,2024_21,colapinto,1,26,13:27:23,25.287,
2024,21,2024_21,piastri,1,27,13:28:37,26.050,
2024,21,2024_21,alonso,1,27,13:28:41,25.107,
2024,21,2024_21,bearman,1,27,13:28:52,35.755,
2024,21,2024_21,hamilton,1,27,13:28:55,25.205,
2024,21,2024_21,sainz,1,27,13:29:01,25.920,
2024,21,2024_21,perez,1,27,13:29:04,26.692,
2024,21,2024_21,zhou,1,27,13:29:32,25.248,
2024,21,2024_21,russell,1,28,13:29:59,25.698,
2024,21,2024_21,norris,1,28,13:30:01,24.764,
2024,21,2024_21,tsunoda,1,28,13:30:16,25.431,
2024,21,2024_21,lawson,1,28,13:30:35,28.167,
2024,21,2024_21,hulkenberg,2,27,13:31:21,58.984,
2024,21,2024_21,zhou,2,28,13:31:38,27.067,
2024,21,2024_21,colapinto,2,30,13:35:02,25.239,
2024,21,2024_21,hulkenberg,3,29,13:36:17,28.590,
2024,21,2024_21,ocon,1,32,13:38:37,23:28.695,
2024,21,2024_21,max_verstappen,1,32,13:38:39,23:29.303,
2024,21,2024_21,zhou,3,31,13:38:42,21:23.154,
2024,21,2024_21,gasly,1,32,13:38:45,23:27.586,
2024,21,2024_21,norris,2,32,13:38:46,23:35.363,
2024,21,2024_21,russell,2,32,13:38:51,23:35.838,
2024,21,2024_21,tsunoda,2,32,13:38:53,23:39.030,
2024,21,2024_21,leclerc,2,32,13:38:55,23:40.260,
2024,21,2024_21,piastri,2,32,13:38:58,23:40.270,
2024,21,2024_21,alonso,2,32,13:39:00,23:42.872,
2024,21,2024_21,lawson,2,32,13:39:03,23:42.722,
2024,21,2024_21,hamilton,2,32,13:39:05,23:45.703,
2024,21,2024_21,bottas,1,32,13:39:10,23:42.094,
2024,21,2024_21,sainz,2,32,13:39:11,23:44.659,
2024,21,2024_21,perez,2,32,13:39:13,23:45.215,
2024,21,2024_21,bearman,2,32,13:39:16,23:44.737,
2024,21,2024_21,zhou,4,32,14:01:55,1:08.542,
2024,22,2024_22,alonso,1,4,22:10:35,21.407,
2024,22,2024_22,leclerc,1,9,22:18:44,21.329,
2024,22,2024_22,norris,1,9,22:18:45,21.194,
2024,22,2024_22,albon,1,9,22:18:56,22.012,
2024,22,2024_22,stroll,1,9,22:18:57,34.863,
2024,22,2024_22,sainz,1,10,22:20:21,21.048,
2024,22,2024_22,gasly,1,10,22:20:28,22.179,
2024,22,2024_22,tsunoda,1,10,22:20:29,21.168,
2024,22,2024_22,piastri,1,10,22:20:30,27.732,
2024,22,2024_22,max_verstappen,1,11,22:21:59,20.697,
2024,22,2024_22,ocon,1,11,22:22:13,15.790,
2024,22,2024_22,zhou,1,11,22:22:14,22.960,
2024,22,2024_22,lawson,1,11,22:22:17,21.049,
2024,22,2024_22,russell,1,12,22:23:29,21.072,
2024,22,2024_22,ocon,2,12,22:24:07,21.142,
2024,22,2024_22,hamilton,1,13,22:25:24,21.067,
2024,22,2024_22,hulkenberg,1,14,22:27:15,21.511,
2024,22,2024_22,colapinto,1,16,22:30:50,21.170,
2024,22,2024_22,perez,1,17,22:32:20,21.294,
2024,22,2024_22,kevin_magnussen,1,17,22:32:31,21.963,
2024,22,2024_22,bottas,1,17,22:32:34,21.623,
2024,22,2024_22,alonso,2,24,22:44:09,21.407,
2024,22,2024_22,piastri,2,25,22:45:37,21.082,
2024,22,2024_22,colapinto,2,26,22:47:34,21.221,
2024,22,2024_22,max_verstappen,2,27,22:48:30,22.254,
2024,22,2024_22,hamilton,2,27,22:48:34,21.355,
2024,22,2024_22,sainz,2,28,22:50:14,20.879,
2024,22,2024_22,stroll,2,28,22:50:55,21.588,
2024,22,2024_22,tsunoda,2,29,22:52:13,21.208,
2024,22,2024_22,norris,2,30,22:53:40,20.668,
2024,22,2024_22,leclerc,2,31,22:55:05,21.585,
2024,22,2024_22,russell,2,32,22:56:26,20.975,
2024,22,2024_22,perez,2,32,22:57:18,21.034,
2024,22,2024_22,hulkenberg,2,33,22:58:49,21.702,
2024,22,2024_22,zhou,2,34,23:00:44,21.761,
2024,22,2024_22,bottas,2,35,23:02:48,22.821,
2024,22,2024_22,lawson,2,38,23:07:28,20.642,
2024,22,2024_22,ocon,3,45,23:18:59,21.858,
2024,22,2024_22,norris,3,48,23:22:59,21.059,
2024,23,2024_23,stroll,1,1,19:05:45,29.783,
2024,23,2024_23,hulkenberg,1,1,19:06:14,32.957,
2024,23,2024_23,stroll,2,7,19:17:19,41.674,
2024,23,2024_23,russell,1,23,19:39:53,32.309,
2024,23,2024_23,bottas,1,24,19:41:56,29.034,
2024,23,2024_23,kevin_magnussen,1,27,19:46:04,28.543,
2024,23,2024_23,hulkenberg,2,31,19:52:08,28.343,
2024,23,2024_23,piastri,1,34,19:55:28,27.818,
2024,23,2024_23,sainz,1,34,19:55:52,36.143,
2024,23,2024_23,hamilton,1,34,19:56:36,37.915,
2024,23,2024_23,max_verstappen,1,35,19:56:43,28.303,
2024,23,2024_23,norris,1,35,19:56:47,28.024,
2024,23,2024_23,leclerc,1,35,19:57:03,28.460,
2024,23,2024_23,perez,1,35,19:57:29,28.088,
2024,23,2024_23,gasly,1,35,19:57:50,28.792,
2024,23,2024_23,russell,2,35,19:57:59,27.870,
2024,23,2024_23,alonso,1,35,19:58:01,28.628,
2024,23,2024_23,zhou,1,35,19:58:03,29.085,
2024,23,2024_23,tsunoda,1,35,19:58:23,29.024,
2024,23,2024_23,albon,1,35,19:58:26,29.179,
2024,23,2024_23,lawson,1,35,19:58:28,45.049,
2024,23,2024_23,max_verstappen,2,36,19:59:32,23.884,
2024,23,2024_23,hamilton,2,35,19:59:34,23.412,
2024,23,2024_23,bottas,2,35,19:59:35,28.968,
2024,23,2024_23,norris,2,36,19:59:37,25.592,
2024,23,2024_23,leclerc,2,36,19:59:40,25.675,
2024,23,2024_23,piastri,2,36,19:59:44,22.867,
2024,23,2024_23,perez,2,36,19:59:53,22.705,
2024,23,2024_23,gasly,2,36,20:00:12,22.717,
2024,23,2024_23,russell,3,36,20:00:22,22.763,
2024,23,2024_23,sainz,2,36,20:00:24,22.776,
2024,23,2024_23,alonso,2,36,20:00:27,28.592,
2024,23,2024_23,zhou,2,36,20:00:29,23.228,
2024,23,2024_23,kevin_magnussen,2,36,20:00:33,22.696,
2024,23,2024_23,tsunoda,2,36,20:00:47,22.714,
2024,23,2024_23,albon,2,36,20:00:48,22.710,
2024,23,2024_23,hulkenberg,3,36,20:00:50,23.810,
2024,23,2024_23,lawson,2,36,20:01:08,22.737,
2024,23,2024_23,max_verstappen,3,37,20:02:21,22.703,
2024,23,2024_23,hamilton,3,36,20:02:23,26.815,
2024,23,2024_23,norris,3,37,20:02:24,28.746,
2024,23,2024_23,bottas,3,36,20:02:25,28.140,
2024,23,2024_23,leclerc,3,37,20:02:26,28.983,
2024,23,2024_23,piastri,3,37,20:02:28,29.326,
2024,23,2024_23,perez,3,37,20:02:30,29.459,
2024,23,2024_23,gasly,3,37,20:02:33,30.488,
2024,23,2024_23,russell,4,37,20:02:34,34.037,
2024,23,2024_23,sainz,3,37,20:02:35,34.356,
2024,23,2024_23,zhou,3,37,20:02:37,34.818,
2024,23,2024_23,alonso,3,37,20:02:41,32.811,
2024,23,2024_23,kevin_magnussen,3,37,20:02:42,33.363,
2024,23,2024_23,tsunoda,3,37,20:02:45,35.849,
2024,23,2024_23,albon,3,37,20:02:46,36.548,
2024,23,2024_23,hulkenberg,4,37,20:02:48,37.692,
2024,23,2024_23,lawson,3,37,20:03:03,26.790,
2024,23,2024_23,tsunoda,4,40,20:09:21,29.271,
2024,23,2024_23,lawson,4,40,20:09:24,34.655,
2024,23,2024_23,norris,4,45,20:17:59,36.069,
2024,23,2024_23,hamilton,4,47,20:21:04,22.705,
2024,23,2024_23,albon,4,55,20:32:43,39.687,
2024,24,2024_24,colapinto,1,3,17:09:29,24.941,
2024,24,2024_24,piastri,1,4,17:10:26,23.582,
2024,24,2024_24,bottas,1,6,17:13:23,41.144,
2024,24,2024_24,stroll,1,11,17:20:50,23.266,
2024,24,2024_24,kevin_magnussen,1,12,17:22:19,26.363,
2024,24,2024_24,zhou,1,12,17:22:26,23.024,
2024,24,2024_24,albon,1,12,17:22:27,22.065,
2024,24,2024_24,hulkenberg,1,13,17:23:45,21.530,
2024,24,2024_24,alonso,1,13,17:23:49,23.326,
2024,24,2024_24,gasly,1,14,17:25:11,22.059,
2024,24,2024_24,leclerc,1,20,17:34:12,21.869,
2024,24,2024_24,tsunoda,1,22,17:37:40,21.869,
2024,24,2024_24,doohan,1,22,17:37:42,22.080,
2024,24,2024_24,lawson,1,23,17:39:04,23.415,
2024,24,2024_24,lawson,2,24,17:41:00,22.565,
2024,24,2024_24,sainz,1,25,17:41:22,21.280,
2024,24,2024_24,norris,1,26,17:42:49,21.276,
2024,24,2024_24,russell,1,26,17:43:11,21.656,
2024,24,2024_24,max_verstappen,1,29,17:47:46,32.652,
2024,24,2024_24,kevin_magnussen,2,29,17:48:18,21.678,
2024,24,2024_24,lawson,3,29,17:48:52,32.317,
2024,24,2024_24,kevin_magnussen,3,30,17:50:20,22.815,
2024,24,2024_24,piastri,2,32,17:52:42,32.774,
2024,24,2024_24,stroll,2,32,17:52:48,22.053,
2024,24,2024_24,hamilton,1,34,17:55:17,21.694,
2024,24,2024_24,alonso,2,37,18:00:10,22.437,
2024,24,2024_24,zhou,2,39,18:03:21,28.765,
2024,24,2024_24,kevin_magnussen,4,55,18:28:06,22.090,
2025,1,2025_1,norris,1,2,15:22:58,13.341,
2025,1,2025_1,max_verstappen,1,2,15:23:00,13.416,
2025,1,2025_1,piastri,1,2,15:23:02,13.078,
2025,1,2025_1,russell,1,2,15:23:03,13.672,
2025,1,2025_1,leclerc,1,2,15:23:06,14.182,
2025,1,2025_1,tsunoda,1,2,15:23:08,14.957,
2025,1,2025_1,albon,1,2,15:23:10,15.020,
2025,1,2025_1,hamilton,1,2,15:23:13,15.002,
2025,1,2025_1,gasly,1,2,15:23:15,15.104,
2025,1,2025_1,alonso,1,2,15:23:16,15.535,
2025,1,2025_1,stroll,1,2,15:23:19,15.505,
2025,1,2025_1,hulkenberg,1,2,15:23:21,15.130,
2025,1,2025_1,antonelli,1,2,15:23:23,14.658,
2025,1,2025_1,bortoleto,1,2,15:23:25,14.432,
2025,1,2025_1,ocon,1,2,15:23:27,14.395,
2025,1,2025_1,lawson,1,2,15:23:29,14.790,
2025,1,2025_1,bearman,1,2,15:23:30,14.605,
2025,1,2025_1,norris,2,3,15:25:40,12.910,
2025,1,2025_1,max_verstappen,2,3,15:25:42,13.740,
2025,1,2025_1,piastri,2,3,15:25:43,13.838,
2025,1,2025_1,russell,2,3,15:25:45,14.104,
2025,1,2025_1,leclerc,2,3,15:25:48,14.621,
2025,1,2025_1,tsunoda,2,3,15:25:51,15.223,
2025,1,2025_1,albon,2,3,15:25:53,16.993,
2025,1,2025_1,hamilton,2,3,15:25:56,16.191,
2025,1,2025_1,gasly,2,3,15:25:58,15.744,
2025,1,2025_1,alonso,2,3,15:25:59,16.241,
2025,1,2025_1,stroll,2,3,15:26:02,16.014,
2025,1,2025_1,hulkenberg,2,3,15:26:03,15.971,
2025,1,2025_1,antonelli,2,3,15:26:05,16.374,
2025,1,2025_1,bortoleto,2,3,15:26:07,16.363,
2025,1,2025_1,ocon,2,3,15:26:09,16.477,
2025,1,2025_1,lawson,2,3,15:26:12,16.309,
2025,1,2025_1,bearman,2,3,15:26:13,16.347,
2025,1,2025_1,norris,3,4,15:28:16,12.804,
2025,1,2025_1,max_verstappen,3,4,15:28:18,12.938,
2025,1,2025_1,piastri,3,4,15:28:20,12.816,
2025,1,2025_1,russell,3,4,15:28:22,13.696,
2025,1,2025_1,leclerc,3,4,15:28:24,14.129,
2025,1,2025_1,tsunoda,3,4,15:28:28,13.605,
2025,1,2025_1,albon,3,4,15:28:29,14.285,
2025,1,2025_1,hamilton,3,4,15:28:31,14.789,
2025,1,2025_1,gasly,3,4,15:28:34,14.710,
2025,1,2025_1,alonso,3,4,15:28:36,15.034,
2025,1,2025_1,stroll,3,4,15:28:39,14.451,
2025,1,2025_1,hulkenberg,3,4,15:28:41,14.198,
2025,1,2025_1,antonelli,3,4,15:28:43,13.975,
2025,1,2025_1,bortoleto,3,4,15:28:45,14.206,
2025,1,2025_1,ocon,3,4,15:28:48,19.649,
2025,1,2025_1,lawson,3,4,15:28:49,18.880,
2025,1,2025_1,bearman,3,4,15:28:52,22.494,
2025,1,2025_1,tsunoda,4,33,16:15:35,18.997,
2025,1,2025_1,albon,4,33,16:15:36,18.573,
2025,1,2025_1,hamilton,4,33,16:15:38,18.526,
2025,1,2025_1,gasly,4,33,16:15:40,19.589,
2025,1,2025_1,antonelli,4,33,16:15:45,18.912,
2025,1,2025_1,stroll,4,33,16:16:06,18.802,
2025,1,2025_1,hulkenberg,4,33,16:16:15,21.123,
2025,1,2025_1,bortoleto,4,33,16:16:21,24.073,
2025,1,2025_1,norris,4,34,16:16:22,18.464,
2025,1,2025_1,piastri,4,34,16:16:29,19.719,
2025,1,2025_1,lawson,4,33,16:16:32,20.067,
2025,1,2025_1,max_verstappen,4,34,16:16:46,18.700,
2025,1,2025_1,russell,4,34,16:17:08,19.125,
2025,1,2025_1,leclerc,4,34,16:17:17,18.154,
2025,1,2025_1,ocon,4,39,16:29:59,18.778,
2025,1,2025_1,bearman,4,39,16:30:04,22.441,
2025,1,2025_1,norris,5,44,16:36:55,18.031,
2025,1,2025_1,russell,5,44,16:37:02,19.378,
2025,1,2025_1,albon,5,44,16:37:03,18.952,
2025,1,2025_1,antonelli,5,44,16:37:06,21.946,
2025,1,2025_1,stroll,5,44,16:37:07,18.901,
2025,1,2025_1,hulkenberg,5,44,16:37:08,20.209,
2025,1,2025_1,bortoleto,5,44,16:37:17,26.214,
2025,1,2025_1,piastri,5,44,16:38:21,19.850,
2025,1,2025_1,bearman,5,44,16:38:32,19.370,
2025,1,2025_1,max_verstappen,5,46,16:40:05,18.721,
2025,1,2025_1,gasly,5,46,16:40:17,19.482,
2025,1,2025_1,ocon,5,46,16:41:36,19.858,
2025,1,2025_1,hamilton,5,47,16:42:26,20.802,
2025,1,2025_1,leclerc,5,47,16:42:28,24.528,
2025,1,2025_1,tsunoda,5,47,16:42:35,19.312,
2025,2,2025_2,bortoleto,1,1,15:05:40,23.385,
2025,2,2025_2,gasly,1,10,15:20:20,23.138,
2025,2,2025_2,tsunoda,1,11,15:21:55,22.519,
2025,2,2025_2,ocon,1,11,15:21:57,23.114,
2025,2,2025_2,doohan,1,11,15:22:03,22.793,
2025,2,2025_2,antonelli,1,12,15:23:33,22.675,
2025,2,2025_2,hadjar,1,12,15:23:35,22.896,
2025,2,2025_2,hamilton,1,13,15:25:02,22.388,
2025,2,2025_2,max_verstappen,1,13,15:25:08,22.454,
2025,2,2025_2,piastri,1,14,15:26:32,23.938,
2025,2,2025_2,russell,1,14,15:26:38,22.324,
2025,2,2025_2,norris,1,15,15:28:14,22.213,
2025,2,2025_2,leclerc,1,15,15:28:19,22.151,
2025,2,2025_2,sainz,1,17,15:31:57,22.721,
2025,2,2025_2,lawson,1,18,15:33:41,22.536,
2025,2,2025_2,albon,1,20,15:36:47,23.362,
2025,2,2025_2,hulkenberg,1,20,15:37:16,22.959,
2025,2,2025_2,bearman,1,26,15:46:48,22.808,
2025,2,2025_2,bortoleto,2,26,15:47:23,22.790,
2025,2,2025_2,lawson,2,30,15:53:39,22.355,
2025,2,2025_2,hadjar,2,33,15:58:23,22.234,
2025,2,2025_2,tsunoda,2,35,16:01:33,22.583,
2025,2,2025_2,stroll,1,36,16:03:08,22.995,
2025,2,2025_2,hamilton,2,37,16:04:25,22.364,
2025,2,2025_2,tsunoda,3,46,16:19:46,38.102,
2025,3,2025_3,stroll,1,9,14:18:18,23.724,
2025,3,2025_3,doohan,1,15,14:27:46,23.382,
2025,3,2025_3,russell,1,19,14:33:35,23.184,
2025,3,2025_3,piastri,1,20,14:35:03,23.037,
2025,3,2025_3,max_verstappen,1,21,14:36:32,24.397,
2025,3,2025_3,norris,1,21,14:36:33,23.222,
2025,3,2025_3,leclerc,1,21,14:36:40,23.346,
2025,3,2025_3,hulkenberg,1,22,14:38:44,23.515,
2025,3,2025_3,bearman,1,23,14:40:07,24.834,
2025,3,2025_3,tsunoda,1,23,14:40:13,24.181,
2025,3,2025_3,albon,1,24,14:41:36,23.093,
2025,3,2025_3,alonso,1,24,14:41:45,25.708,
2025,3,2025_3,gasly,1,24,14:41:48,26.041,
2025,3,2025_3,hadjar,1,25,14:43:05,23.333,
2025,3,2025_3,hamilton,1,30,14:50:48,22.937,
2025,3,2025_3,stroll,2,30,14:51:42,23.608,
2025,3,2025_3,antonelli,1,31,14:52:16,24.380,
2025,3,2025_3,bortoleto,1,31,14:52:58,23.419,
2025,3,2025_3,ocon,1,32,14:54:29,24.464,
2025,3,2025_3,lawson,1,33,14:56:01,23.662,
2025,3,2025_3,sainz,1,33,14:56:03,23.337,
2025,4,2025_4,hulkenberg,1,5,18:12:19,24.229,
2025,4,2025_4,hadjar,1,6,18:13:56,25.265,
2025,4,2025_4,ocon,1,8,18:17:10,24.876,
2025,4,2025_4,doohan,1,9,18:18:50,24.791,
2025,4,2025_4,norris,1,10,18:20:17,29.822,
2025,4,2025_4,gasly,1,10,18:20:24,25.033,
2025,4,2025_4,max_verstappen,1,10,18:20:25,26.518,
2025,4,2025_4,tsunoda,1,11,18:22:08,26.493,
2025,4,2025_4,antonelli,1,12,18:23:41,24.807,
2025,4,2025_4,stroll,1,12,18:23:59,24.611,
2025,4,2025_4,russell,1,13,18:25:13,24.044,
2025,4,2025_4,bortoleto,1,13,18:25:42,24.143,
2025,4,2025_4,piastri,1,14,18:26:48,24.498,
2025,4,2025_4,sainz,1,14,18:27:10,24.600,
2025,4,2025_4,bearman,1,14,18:27:13,24.562,
2025,4,2025_4,lawson,1,14,18:27:19,25.242,
2025,4,2025_4,albon,1,16,18:30:32,25.394,
2025,4,2025_4,alonso,1,16,18:30:38,24.826,
2025,4,2025_4,leclerc,1,17,18:31:51,24.802,
2025,4,2025_4,hamilton,1,17,18:32:01,24.340,
2025,4,2025_4,max_verstappen,2,26,18:47:10,28.067,
2025,4,2025_4,ocon,2,27,18:48:45,24.832,
2025,4,2025_4,antonelli,2,27,18:48:46,24.506,
2025,4,2025_4,hulkenberg,2,27,18:49:07,24.291,
2025,4,2025_4,gasly,2,28,18:50:18,24.958,
2025,4,2025_4,doohan,2,28,18:50:30,25.093,
2025,4,2025_4,hadjar,2,28,18:50:42,24.640,
2025,4,2025_4,piastri,2,32,18:56:38,24.900,
2025,4,2025_4,russell,2,32,18:56:48,24.100,
2025,4,2025_4,leclerc,2,32,18:56:49,24.241,
2025,4,2025_4,norris,2,32,18:56:52,24.035,
2025,4,2025_4,hamilton,2,32,18:57:05,24.350,
2025,4,2025_4,sainz,2,32,18:57:31,24.315,
2025,4,2025_4,tsunoda,2,32,18:57:32,24.771,
2025,4,2025_4,albon,2,32,18:57:37,25.990,
2025,4,2025_4,bearman,2,32,18:57:37,24.895,
2025,4,2025_4,antonelli,3,32,18:57:41,24.693,
2025,4,2025_4,alonso,2,32,18:57:44,24.846,
2025,4,2025_4,lawson,2,32,18:57:56,24.191,
2025,4,2025_4,stroll,2,32,18:57:57,24.592,
2025,4,2025_4,bortoleto,2,32,18:58:04,25.396,
2025,4,2025_4,sainz,3,44,19:19:11,37.116,
2025,5,2025_5,doohan,1,1,20:06:22,20.571,
2025,5,2025_5,ocon,1,1,20:06:23,21.512,
2025,5,2025_5,bortoleto,1,1,20:06:24,21.854,
2025,5,2025_5,bearman,1,18,20:35:43,22.095,
2025,5,2025_5,piastri,1,19,20:36:44,21.388,
2025,5,2025_5,antonelli,1,19,20:36:59,20.399,
2025,5,2025_5,alonso,1,19,20:37:16,21.891,
2025,5,2025_5,russell,1,20,20:38:24,20.329,
2025,5,2025_5,lawson,1,20,20:38:49,20.534,
2025,5,2025_5,max_verstappen,1,21,20:39:49,26.030,
2025,5,2025_5,sainz,1,21,20:40:17,24.148,
2025,5,2025_5,albon,1,22,20:41:56,22.135,
2025,5,2025_5,hamilton,1,23,20:43:22,20.144,
2025,5,2025_5,leclerc,1,29,20:52:29,20.131,
2025,5,2025_5,doohan,2,32,20:58:15,21.521,
2025,5,2025_5,hulkenberg,1,33,20:59:42,20.441,
2025,5,2025_5,norris,1,34,21:00:17,20.427,
2025,5,2025_5,hadjar,1,34,21:00:52,20.827,
2025,5,2025_5,stroll,1,39,21:09:12,20.487,
2025,6,2025_6,bortoleto,1,19,16:34:21,22.188,
2025,6,2025_6,stroll,1,20,16:35:58,22.317,
2025,6,2025_6,hadjar,1,22,16:38:57,22.115,
2025,6,2025_6,ocon,1,23,16:40:29,23.162,
2025,6,2025_6,antonelli,1,25,16:43:18,24.383,
2025,6,2025_6,sainz,1,25,16:43:24,22.415,
2025,6,2025_6,max_verstappen,1,26,16:44:48,22.501,
2025,6,2025_6,albon,1,26,16:44:52,21.906,
2025,6,2025_6,tsunoda,1,27,16:46:33,22.560,
2025,6,2025_6,hamilton,1,28,16:48:14,23.104,
2025,6,2025_6,alonso,1,28,16:48:38,23.602,
2025,6,2025_6,lawson,1,28,16:49:13,22.439,
2025,6,2025_6,piastri,1,29,16:49:28,22.106,
2025,6,2025_6,norris,1,29,16:49:39,22.044,
2025,6,2025_6,russell,1,29,16:49:59,24.257,
2025,6,2025_6,leclerc,1,29,16:50:09,22.183,
2025,6,2025_6,gasly,1,32,16:55:15,22.060,
2025,6,2025_6,hulkenberg,1,36,17:01:48,22.108,
2025,7,2025_7,ocon,1,1,15:05:04,30.506,
2025,7,2025_7,gasly,1,9,15:16:01,31.488,
2025,7,2025_7,leclerc,1,10,15:17:18,29.634,
2025,7,2025_7,lawson,1,10,15:17:24,29.695,
2025,7,2025_7,russell,1,11,15:18:39,29.784,
2025,7,2025_7,sainz,1,11,15:18:40,30.080,
2025,7,2025_7,alonso,1,12,15:20:01,30.163,
2025,7,2025_7,bortoleto,1,12,15:20:08,30.906,
2025,7,2025_7,piastri,1,13,15:21:14,30.973,
2025,7,2025_7,stroll,1,14,15:22:49,31.218,
2025,7,2025_7,colapinto,1,22,15:34:00,30.317,
2025,7,2025_7,norris,1,28,15:41:39,29.513,
2025,7,2025_7,max_verstappen,1,29,15:42:57,29.991,
2025,7,2025_7,albon,1,29,15:43:33,30.471,
2025,7,2025_7,hadjar,1,29,15:43:45,30.123,
2025,7,2025_7,antonelli,1,29,15:43:46,30.051,
2025,7,2025_7,hamilton,1,29,15:43:46,29.949,
2025,7,2025_7,leclerc,2,29,15:43:51,31.898,
2025,7,2025_7,hulkenberg,1,29,15:43:56,30.184,
2025,7,2025_7,bearman,1,29,15:43:58,31.414,
2025,7,2025_7,russell,2,29,15:43:59,30.754,
2025,7,2025_7,tsunoda,1,29,15:44:05,29.807,
2025,7,2025_7,sainz,2,29,15:44:06,30.635,
2025,7,2025_7,gasly,2,29,15:44:19,32.003,
2025,7,2025_7,lawson,2,29,15:44:23,30.291,
2025,7,2025_7,bortoleto,2,29,15:44:25,30.605,
2025,7,2025_7,piastri,2,30,15:45:35,30.609,
2025,7,2025_7,bearman,2,31,15:47:40,56.757,
2025,7,2025_7,max_verstappen,2,46,16:07:01,29.657,
2025,7,2025_7,norris,2,46,16:07:27,31.675,
2025,7,2025_7,hamilton,2,46,16:08:01,29.950,
2025,7,2025_7,hadjar,2,46,16:08:11,30.096,
2025,7,2025_7,alonso,2,46,16:08:46,30.886,
2025,7,2025_7,stroll,2,46,16:08:49,34.496,
2025,7,2025_7,colapinto,2,46,16:08:56,31.107,
2025,7,2025_7,bortoleto,3,46,16:09:00,29.917,
2025,7,2025_7,albon,2,47,16:09:46,29.786,
2025,8,2025_8,tsunoda,1,1,15:04:35,24.525,
2025,8,2025_8,gasly,1,1,15:04:37,24.376,
2025,8,2025_8,bearman,1,1,15:04:39,50.191,
2025,8,2025_8,bortoleto,1,1,15:04:58,37.243,
2025,8,2025_8,hulkenberg,1,12,15:20:40,24.065,
2025,8,2025_8,colapinto,1,13,15:22:01,24.355,
2025,8,2025_8,hadjar,1,14,15:22:54,24.311,
2025,8,2025_8,alonso,1,16,15:25:28,25.375,
2025,8,2025_8,ocon,1,16,15:25:33,25.575,
2025,8,2025_8,stroll,1,17,15:27:21,23.978,
2025,8,2025_8,bearman,2,17,15:27:23,24.580,
2025,8,2025_8,hamilton,1,18,15:28:01,23.565,
2025,8,2025_8,norris,1,19,15:29:00,24.545,
2025,8,2025_8,hadjar,2,19,15:29:37,24.031,
2025,8,2025_8,piastri,1,20,15:30:22,25.756,
2025,8,2025_8,leclerc,1,22,15:32:50,23.576,
2025,8,2025_8,bortoleto,2,26,15:39:08,24.483,
2025,8,2025_8,colapinto,2,26,15:39:09,24.497,
2025,8,2025_8,max_verstappen,1,28,15:40:29,24.114,
2025,8,2025_8,ocon,2,28,15:41:19,24.773,
2025,8,2025_8,lawson,1,31,15:45:22,24.206,
2025,8,2025_8,albon,1,32,15:46:40,23.927,
2025,8,2025_8,bortoleto,3,35,15:51:07,24.246,
2025,8,2025_8,lawson,2,40,15:57:12,24.320,
2025,8,2025_8,albon,2,40,15:57:14,24.190,
2025,8,2025_8,hulkenberg,2,44,16:02:51,24.397,
2025,8,2025_8,piastri,2,48,16:05:45,23.908,
2025,8,2025_8,leclerc,2,49,16:06:52,23.678,
2025,8,2025_8,sainz,1,48,16:07:45,24.498,
2025,8,2025_8,norris,2,50,16:08:02,23.704,
2025,8,2025_8,sainz,2,53,16:14:21,24.049,
2025,8,2025_8,russell,1,53,16:14:27,19.482,
2025,8,2025_8,hamilton,2,56,16:16:16,24.256,
2025,8,2025_8,russell,2,62,16:26:12,25.063,
2025,8,2025_8,stroll,2,64,16:29:13,25.916,
2025,8,2025_8,russell,3,68,16:33:57,24.025,
2025,8,2025_8,antonelli,1,69,16:35:35,24.457,
2025,8,2025_8,antonelli,2,71,16:38:26,24.837,
2025,8,2025_8,tsunoda,2,73,16:40:41,24.086,
2025,8,2025_8,max_verstappen,2,77,16:42:22,23.950,
2025,9,2025_9,albon,1,6,15:11:42,30.823,
2025,9,2025_9,bearman,1,8,15:14:27,22.009,
2025,9,2025_9,tsunoda,1,8,15:14:32,21.868,
2025,9,2025_9,hulkenberg,1,9,15:15:44,22.233,
2025,9,2025_9,sainz,1,9,15:15:53,30.547,
2025,9,2025_9,gasly,1,10,15:17:04,22.224,
2025,9,2025_9,max_verstappen,1,13,15:20:54,21.869,
2025,9,2025_9,colapinto,1,14,15:22:49,22.491,
2025,9,2025_9,alonso,1,15,15:24:11,22.782,
2025,9,2025_9,hamilton,1,16,15:25:09,21.957,
2025,9,2025_9,leclerc,1,17,15:26:25,21.863,
2025,9,2025_9,lawson,1,18,15:28:12,22.039,
2025,9,2025_9,hadjar,1,19,15:29:26,21.769,
2025,9,2025_9,bortoleto,1,19,15:29:42,22.041,
2025,9,2025_9,russell,1,20,15:30:38,21.739,
2025,9,2025_9,ocon,1,20,15:31:09,22.554,
2025,9,2025_9,norris,1,21,15:31:41,22.454,
2025,9,2025_9,antonelli,1,21,15:32:05,22.234,
2025,9,2025_9,piastri,1,22,15:32:57,21.858,
2025,9,2025_9,tsunoda,2,24,15:36:42,22.056,
2025,9,2025_9,albon,2,26,15:39:35,37.674,
2025,9,2025_9,max_verstappen,2,29,15:42:36,21.933,
2025,9,2025_9,gasly,2,31,15:46:11,22.006,
2025,9,2025_9,sainz,2,34,15:50:30,22.346,
2025,9,2025_9,bearman,2,35,15:51:44,22.270,
2025,9,2025_9,leclerc,2,40,15:57:36,21.893,
2025,9,2025_9,colapinto,2,39,15:57:43,22.119,
2025,9,2025_9,russell,2,41,15:59:07,21.752,
2025,9,2025_9,alonso,2,42,16:01:17,22.242,
2025,9,2025_9,ocon,2,43,16:02:48,22.468,
2025,9,2025_9,lawson,2,44,16:03:53,22.127,
2025,9,2025_9,tsunoda,3,44,16:04:10,21.822,
2025,9,2025_9,hulkenberg,2,45,16:05:07,21.849,
2025,9,2025_9,hamilton,2,46,16:05:51,24.416,
2025,9,2025_9,max_verstappen,3,47,16:06:47,21.802,
2025,9,2025_9,norris,2,48,16:08:03,21.863,
2025,9,2025_9,hadjar,2,48,16:08:57,22.019,
2025,9,2025_9,piastri,2,49,16:09:17,21.838,
2025,9,2025_9,antonelli,2,49,16:10:08,23.457,
2025,9,2025_9,bortoleto,2,49,16:10:54,22.953,
2025,9,2025_9,piastri,3,55,16:17:39,22.748,
2025,9,2025_9,norris,3,55,16:17:44,23.562,
2025,9,2025_9,max_verstappen,4,55,16:17:48,22.197,
2025,9,2025_9,alonso,3,54,16:17:56,22.216,
2025,9,2025_9,bearman,3,54,16:18:00,22.765,
2025,9,2025_9,tsunoda,4,54,16:18:04,22.283,
2025,9,2025_9,leclerc,3,55,16:18:11,22.383,
2025,9,2025_9,russell,3,55,16:18:15,23.167,
2025,9,2025_9,hamilton,3,55,16:18:27,22.830,
2025,9,2025_9,colapinto,3,54,16:18:38,21.874,
2025,9,2025_9,hadjar,3,55,16:19:13,21.841,
2025,9,2025_9,gasly,3,55,16:19:42,22.818,
2025,9,2025_9,sainz,3,55,16:20:10,21.984,
2025,9,2025_9,hulkenberg,3,56,16:21:05,21.904,
2025,10,2025_10,max_verstappen,1,12,14:18:22,23.604,
2025,10,2025_10,russell,1,13,14:19:36,23.231,
2025,10,2025_10,hadjar,1,13,14:20:03,24.130,
2025,10,2025_10,antonelli,1,14,14:20:58,23.320,
2025,10,2025_10,colapinto,1,14,14:21:17,24.735,
2025,10,2025_10,hamilton,1,15,14:22:21,23.604,
2025,10,2025_10,alonso,1,15,14:22:29,24.021,
2025,10,2025_10,piastri,1,16,14:23:33,23.245,
2025,10,2025_10,bearman,1,18,14:26:36,23.562,
2025,10,2025_10,hulkenberg,1,19,14:27:44,23.476,
2025,10,2025_10,albon,1,23,14:33:09,23.898,
2025,10,2025_10,stroll,1,24,14:34:26,23.742,
2025,10,2025_10,leclerc,1,28,14:38:55,23.360,
2025,10,2025_10,norris,1,29,14:40:08,23.223,
2025,10,2025_10,max_verstappen,2,37,14:50:20,23.121,
2025,10,2025_10,antonelli,2,38,14:51:36,23.416,
2025,10,2025_10,lawson,1,38,14:52:35,23.280,
2025,10,2025_10,russell,2,42,14:56:32,24.262,
2025,10,2025_10,piastri,2,45,15:00:27,23.174,
2025,10,2025_10,hamilton,2,45,15:00:52,23.338,
2025,10,2025_10,norris,2,47,15:03:01,23.471,
2025,10,2025_10,bortoleto,1,49,15:06:43,23.715,
2025,10,2025_10,alonso,2,50,15:07:35,23.409,
2025,10,2025_10,stroll,2,51,15:09:20,34.742,
2025,10,2025_10,leclerc,2,53,15:10:38,23.859,
2025,10,2025_10,gasly,1,53,15:11:54,23.987,
2025,10,2025_10,tsunoda,1,56,15:15:31,25.178,
2025,10,2025_10,ocon,1,57,15:16:38,24.452,
2025,10,2025_10,sainz,1,57,15:16:43,23.269,
2025,10,2025_10,alonso,3,66,15:28:14,18.200,
2025,10,2025_10,hulkenberg,2,66,15:28:18,18.298,
2025,10,2025_10,russell,3,67,15:28:22,18.265,
2025,10,2025_10,max_verstappen,3,67,15:28:24,18.294,
2025,10,2025_10,antonelli,3,67,15:28:28,18.275,
2025,10,2025_10,piastri,3,67,15:28:29,26.385,
2025,10,2025_10,ocon,2,66,15:28:35,18.244,
2025,10,2025_10,sainz,2,66,15:28:36,18.288,
2025,10,2025_10,bearman,2,66,15:28:48,27.985,
2025,10,2025_10,leclerc,3,67,15:28:55,18.331,
2025,10,2025_10,tsunoda,2,66,15:29:00,18.251,
2025,10,2025_10,colapinto,2,66,15:29:03,18.190,
2025,10,2025_10,bortoleto,2,66,15:29:03,18.230,
2025,10,2025_10,gasly,2,66,15:29:07,18.211,
2025,10,2025_10,hadjar,2,66,15:29:08,23.693,
2025,10,2025_10,stroll,3,66,15:29:10,23.772,
2025,10,2025_10,hamilton,3,67,15:29:27,18.240,
2025,10,2025_10,alonso,4,67,15:30:08,18.199,
2025,10,2025_10,hulkenberg,3,67,15:30:11,18.299,
2025,10,2025_10,russell,4,68,15:30:28,19.449,
2025,10,2025_10,max_verstappen,4,68,15:30:29,19.204,
2025,10,2025_10,antonelli,4,68,15:30:30,18.991,
2025,10,2025_10,ocon,3,67,15:30:33,18.240,
2025,10,2025_10,sainz,3,67,15:30:34,18.195,
2025,10,2025_10,piastri,4,68,15:30:35,18.250,
2025,10,2025_10,leclerc,4,68,15:30:50,18.265,
2025,10,2025_10,bearman,3,67,15:30:54,18.255,
2025,10,2025_10,tsunoda,3,67,15:30:57,18.260,
2025,10,2025_10,colapinto,3,67,15:30:59,18.193,
2025,10,2025_10,bortoleto,3,67,15:31:01,18.249,
2025,10,2025_10,gasly,3,67,15:31:02,18.217,
2025,10,2025_10,hadjar,3,67,15:31:09,18.284,
2025,10,2025_10,stroll,4,67,15:31:12,18.237,
2025,10,2025_10,hamilton,4,68,15:31:17,18.246,
2025,10,2025_10,alonso,5,68,15:31:47,18.226,
2025,10,2025_10,hulkenberg,4,68,15:31:50,18.306,
2025,10,2025_10,russell,5,69,15:32:32,18.288,
2025,10,2025_10,max_verstappen,5,69,15:32:33,18.309,
2025,10,2025_10,antonelli,5,69,15:32:35,18.284,
2025,10,2025_10,ocon,4,68,15:32:36,18.245,
2025,10,2025_10,sainz,4,68,15:32:37,18.196,
2025,10,2025_10,piastri,5,69,15:32:39,18.276,
2025,10,2025_10,leclerc,5,69,15:32:40,18.284,
2025,10,2025_10,bearman,4,68,15:32:41,18.257,
2025,10,2025_10,tsunoda,4,68,15:32:44,18.240,
2025,10,2025_10,colapinto,4,68,15:32:45,18.195,
2025,10,2025_10,bortoleto,4,68,15:32:47,18.243,
2025,10,2025_10,gasly,4,68,15:32:49,18.212,
2025,10,2025_10,hadjar,4,68,15:32:52,18.273,
2025,10,2025_10,stroll,5,68,15:32:54,18.225,
2025,10,2025_10,hamilton,5,69,15:32:55,18.244,
2025,10,2025_10,alonso,6,69,15:33:24,18.228,
2025,10,2025_10,hulkenberg,5,69,15:33:27,18.306,
2025,11,2025_11,hadjar,1,2,15:21:36,21.297,
2025,11,2025_11,bearman,1,11,15:32:52,21.910,
2025,11,2025_11,gasly,1,12,15:34:03,21.959,
2025,11,2025_11,hulkenberg,1,12,15:34:08,21.236,
2025,11,2025_11,albon,1,13,15:35:11,21.210,
2025,11,2025_11,colapinto,1,13,15:35:19,23.038,
2025,11,2025_11,russell,1,18,15:41:08,21.344,
2025,11,2025_11,tsunoda,1,18,15:41:20,21.492,
2025,11,2025_11,ocon,1,19,15:42:29,23.188,
2025,11,2025_11,norris,1,20,15:43:12,22.131,
2025,11,2025_11,bortoleto,1,21,15:44:46,21.676,
2025,11,2025_11,piastri,1,24,15:47:58,22.599,
2025,11,2025_11,leclerc,1,25,15:49:16,21.308,
2025,11,2025_11,hamilton,1,26,15:50:30,21.287,
2025,11,2025_11,stroll,1,26,15:51:04,22.907,
2025,11,2025_11,hadjar,2,28,15:53:23,21.680,
2025,11,2025_11,tsunoda,2,30,15:55:58,,
2025,11,2025_11,lawson,1,32,15:57:59,21.434,
2025,11,2025_11,alonso,1,33,15:59:13,21.865,
2025,11,2025_11,gasly,2,38,16:05:25,22.105,
2025,11,2025_11,bearman,2,39,16:06:33,21.771,
2025,11,2025_11,colapinto,2,39,16:06:47,21.087,
2025,11,2025_11,hulkenberg,2,42,16:09:58,21.045,
2025,11,2025_11,russell,2,45,16:13:22,21.854,
2025,11,2025_11,leclerc,2,49,16:17:34,21.536,
2025,11,2025_11,bortoleto,2,49,16:18:10,21.286,
2025,11,2025_11,hamilton,2,50,16:18:54,21.158,
2025,11,2025_11,ocon,2,50,16:19:27,22.284,
2025,11,2025_11,norris,2,52,16:20:48,21.427,
2025,11,2025_11,piastri,2,53,16:22:01,21.033,
2025,11,2025_11,stroll,2,53,16:23:25,21.763,
2025,11,2025_11,tsunoda,3,60,16:31:51,32.643,
2025,12,2025_12,antonelli,1,2,15:07:48,28.721,
2025,12,2025_12,stroll,1,6,15:16:03,29.125,
2025,12,2025_12,hulkenberg,1,9,15:21:40,29.736,
2025,12,2025_12,antonelli,2,9,15:21:54,28.707,
2025,12,2025_12,stroll,2,10,15:23:24,28.853,
2025,12,2025_12,russell,1,10,15:23:30,28.647,
2025,12,2025_12,leclerc,1,10,15:23:36,29.089,
2025,12,2025_12,hadjar,1,10,15:23:42,28.523,
2025,12,2025_12,bearman,1,10,15:23:44,29.201,
2025,12,2025_12,piastri,1,11,15:24:55,29.491,
2025,12,2025_12,norris,1,11,15:25:02,30.630,
2025,12,2025_12,max_verstappen,1,11,15:25:04,28.182,
2025,12,2025_12,hamilton,1,11,15:25:12,28.917,
2025,12,2025_12,gasly,1,11,15:25:14,28.912,
2025,12,2025_12,alonso,1,11,15:25:15,28.707,
2025,12,2025_12,sainz,1,11,15:25:16,29.554,
2025,12,2025_12,tsunoda,1,11,15:25:24,28.544,
2025,12,2025_12,albon,1,12,15:27:11,29.251,
2025,12,2025_12,ocon,1,18,15:41:45,29.562,
2025,12,2025_12,antonelli,3,20,15:47:05,29.728,
2025,12,2025_12,alonso,2,37,16:17:34,28.534,
2025,12,2025_12,russell,2,38,16:19:16,28.205,
2025,12,2025_12,hamilton,2,41,16:24:05,29.127,
2025,12,2025_12,stroll,3,41,16:24:17,28.553,
2025,12,2025_12,max_verstappen,2,41,16:24:21,29.689,
2025,12,2025_12,gasly,2,41,16:24:23,28.469,
2025,12,2025_12,sainz,2,41,16:24:32,28.655,
2025,12,2025_12,bearman,2,41,16:24:34,29.090,
2025,12,2025_12,tsunoda,2,41,16:24:58,40.145,
2025,12,2025_12,hulkenberg,2,42,16:25:42,29.952,
2025,12,2025_12,leclerc,2,42,16:26:10,28.840,
2025,12,2025_12,albon,2,42,16:26:14,29.292,
2025,12,2025_12,ocon,2,42,16:26:16,28.646,
2025,12,2025_12,piastri,2,43,16:26:46,40.280,
2025,12,2025_12,norris,2,44,16:28:28,28.214,
2025,13,2025_13,hamilton,1,11,16:46:27,23.284,
2025,13,2025_13,gasly,1,11,16:46:30,26.825,
2025,13,2025_13,hulkenberg,1,11,16:46:31,23.599,
2025,13,2025_13,alonso,1,11,16:46:34,23.404,
2025,13,2025_13,piastri,1,12,16:47:59,23.844,
2025,13,2025_13,leclerc,1,12,16:48:09,23.806,
2025,13,2025_13,max_verstappen,1,12,16:48:10,25.913,
2025,13,2025_13,russell,1,12,16:48:14,23.635,
2025,13,2025_13,albon,1,12,16:48:15,24.029,
2025,13,2025_13,lawson,1,12,16:48:22,23.269,
2025,13,2025_13,bortoleto,1,12,16:48:24,23.274,
2025,13,2025_13,bearman,1,12,16:48:25,24.130,
2025,13,2025_13,colapinto,1,12,16:48:34,23.665,
2025,13,2025_13,sainz,1,12,16:48:35,27.528,
2025,13,2025_13,antonelli,1,12,16:48:37,23.609,
2025,13,2025_13,stroll,1,12,16:48:37,23.787,
2025,13,2025_13,norris,1,13,16:49:58,24.376,
2025,13,2025_13,tsunoda,1,13,16:50:22,23.330,
2025,13,2025_13,hadjar,1,13,16:50:24,23.580,
2025,13,2025_13,ocon,1,13,16:50:34,23.802,
2025,13,2025_13,hadjar,2,20,17:03:41,23.376,
2025,13,2025_13,sainz,2,26,17:14:31,23.770,
2025,13,2025_13,colapinto,2,28,17:18:07,23.449,
2025,13,2025_13,alonso,2,29,17:19:46,23.692,
2025,13,2025_13,antonelli,2,30,17:21:33,23.059,
2025,13,2025_13,hulkenberg,2,32,17:25:01,23.890,
2025,14,2025_14,hulkenberg,1,5,15:10:20,21.594,
2025,14,2025_14,colapinto,1,13,15:21:30,30.248,
2025,14,2025_14,ocon,1,14,15:22:52,22.444,
2025,14,2025_14,albon,1,14,15:22:52,21.345,
2025,14,2025_14,sainz,1,15,15:24:13,21.670,
2025,14,2025_14,max_verstappen,1,17,15:26:53,21.433,
2025,14,2025_14,piastri,1,18,15:27:53,21.145,
2025,14,2025_14,leclerc,1,19,15:29:12,21.130,
2025,14,2025_14,russell,1,19,15:29:19,21.703,
2025,14,2025_14,tsunoda,1,20,15:31:19,21.295,
2025,14,2025_14,antonelli,1,21,15:32:35,22.328,
2025,14,2025_14,bearman,1,30,15:45:09,21.754,
2025,14,2025_14,norris,1,31,15:45:46,20.940,
2025,14,2025_14,gasly,1,32,15:48:01,21.699,
2025,14,2025_14,hadjar,1,33,15:49:21,21.096,
2025,14,2025_14,colapinto,2,35,15:52:16,26.280,
2025,14,2025_14,stroll,1,36,15:53:16,21.464,
2025,14,2025_14,tsunoda,2,37,15:55:04,21.541,
2025,14,2025_14,albon,2,38,15:56:23,22.726,
2025,14,2025_14,alonso,1,39,15:57:13,22.204,
2025,14,2025_14,leclerc,2,40,15:58:00,21.136,
2025,14,2025_14,bortoleto,1,40,15:58:41,21.773,
2025,14,2025_14,lawson,1,40,15:58:47,22.136,
2025,14,2025_14,hulkenberg,2,41,16:00:27,28.777,
2025,14,2025_14,hamilton,1,42,16:01:45,21.150,
2025,14,2025_14,russell,2,43,16:02:16,21.450,
2025,14,2025_14,piastri,2,45,16:04:49,20.940,
2025,14,2025_14,max_verstappen,2,48,16:09:43,21.258,
2025,14,2025_14,sainz,2,51,16:14:18,21.423,
2025,15,2025_15,stroll,1,8,15:13:50,17.561,
2025,15,2025_15,alonso,1,18,15:26:36,17.417,
2025,15,2025_15,tsunoda,1,19,15:27:52,18.348,
2025,15,2025_15,colapinto,1,19,15:27:56,17.986,
2025,15,2025_15,hulkenberg,1,19,15:27:57,17.602,
2025,15,2025_15,leclerc,1,22,15:31:24,17.081,
2025,15,2025_15,bortoleto,1,22,15:31:53,17.908,
2025,15,2025_15,piastri,1,23,15:32:24,17.375,
2025,15,2025_15,norris,1,23,15:32:30,20.042,
2025,15,2025_15,max_verstappen,1,23,15:32:49,18.740,
2025,15,2025_15,hadjar,1,23,15:32:52,17.414,
2025,15,2025_15,russell,1,23,15:32:56,18.832,
2025,15,2025_15,lawson,1,23,15:33:08,17.549,
2025,15,2025_15,sainz,1,23,15:33:09,17.670,
2025,15,2025_15,albon,1,23,15:33:16,19.692,
2025,15,2025_15,antonelli,1,23,15:33:20,17.476,
2025,15,2025_15,gasly,1,23,15:33:26,19.223,
2025,15,2025_15,sainz,2,27,15:40:40,29.443,
2025,15,2025_15,lawson,2,27,15:40:41,22.209,
2025,15,2025_15,alonso,2,40,15:56:55,17.949,
2025,15,2025_15,antonelli,2,51,16:10:23,17.365,
2025,15,2025_15,leclerc,2,52,16:11:36,17.042,
2025,15,2025_15,sainz,3,51,16:11:56,30.340,
2025,15,2025_15,stroll,2,52,16:12:10,17.598,
2025,15,2025_15,ocon,1,52,16:12:12,18.270,
2025,15,2025_15,piastri,2,53,16:12:38,18.589,
2025,15,2025_15,norris,2,53,16:12:42,22.608,
2025,15,2025_15,max_verstappen,2,53,16:12:55,18.261,
2025,15,2025_15,hadjar,2,53,16:12:59,18.535,
2025,15,2025_15,russell,2,53,16:13:18,17.344,
2025,15,2025_15,albon,2,53,16:13:22,17.840,
2025,15,2025_15,antonelli,3,53,16:13:37,21.360,
2025,15,2025_15,lawson,3,52,16:13:38,18.552,
2025,15,2025_15,bearman,1,53,16:13:53,18.622,
2025,15,2025_15,tsunoda,2,53,16:13:54,18.147,
2025,15,2025_15,colapinto,2,53,16:14:04,17.586,
2025,15,2025_15,hulkenberg,2,53,16:14:05,17.944,
2025,15,2025_15,bortoleto,2,60,16:24:57,17.491,
2025,15,2025_15,colapinto,3,65,16:31:30,18.077,
2025,15,2025_15,sainz,4,65,16:31:49,18.043,
2025,16,2025_16,lawson,1,9,15:16:28,24.156,
2025,16,2025_16,bearman,1,18,15:29:07,25.372,
2025,16,2025_16,tsunoda,1,19,15:30:30,24.372,
2025,16,2025_16,bortoleto,1,20,15:31:51,26.143,
2025,16,2025_16,alonso,1,20,15:31:51,25.160,
2025,16,2025_16,russell,1,27,15:41:27,25.021,
2025,16,2025_16,antonelli,1,28,15:43:02,24.916,
2025,16,2025_16,sainz,1,30,15:45:54,24.605,
2025,16,2025_16,hadjar,1,32,15:48:45,24.326,
2025,16,2025_16,leclerc,1,33,15:49:40,24.235,
2025,16,2025_16,colapinto,1,33,15:50:20,24.971,
2025,16,2025_16,max_verstappen,1,37,15:54:52,24.545,
2025,16,2025_16,hamilton,1,38,15:56:43,23.971,
2025,16,2025_16,albon,1,41,16:01:01,24.717,
2025,16,2025_16,piastri,1,45,16:06:02,23.602,
2025,16,2025_16,norris,1,46,16:07:22,27.498,
2025,16,2025_16,stroll,1,49,16:12:23,38.418,
2025,16,2025_16,gasly,1,49,16:12:32,25.012,
2025,16,2025_16,ocon,1,51,16:15:06,30.754,
2025,17,2025_17,ocon,1,1,15:06:25,20.691,
2025,17,2025_17,albon,1,1,15:06:28,20.758,
2025,17,2025_17,ocon,2,2,15:09:12,20.759,
2025,17,2025_17,albon,2,15,15:34:40,20.489,
2025,17,2025_17,colapinto,1,16,15:36:25,21.088,
2025,17,2025_17,antonelli,1,18,15:39:36,20.669,
2025,17,2025_17,leclerc,1,19,15:41:27,20.542,
2025,17,2025_17,lawson,1,20,15:43:09,20.283,
2025,17,2025_17,alonso,1,21,15:45:13,25.768,
2025,17,2025_17,bortoleto,1,26,15:54:05,20.845,
2025,17,2025_17,sainz,1,27,15:55:25,20.508,
2025,17,2025_17,bearman,1,28,15:57:54,21.194,
2025,17,2025_17,hadjar,1,29,15:59:19,20.294,
2025,17,2025_17,gasly,1,35,16:10:30,21.500,
2025,17,2025_17,hamilton,1,36,16:11:29,20.062,
2025,17,2025_17,hulkenberg,1,36,16:12:10,19.970,
2025,17,2025_17,norris,1,37,16:13:07,21.975,
2025,17,2025_17,stroll,1,37,16:13:54,21.820,
2025,17,2025_17,tsunoda,1,38,16:14:50,20.323,
2025,17,2025_17,russell,1,39,16:16:26,19.809,
2025,17,2025_17,max_verstappen,1,40,16:17:58,20.221,
2025,18,2025_18,bortoleto,1,13,20:25:18,32.856,
2025,18,2025_18,tsunoda,1,13,20:25:21,24.610,
2025,18,2025_18,colapinto,1,14,20:26:53,24.040,
2025,18,2025_18,max_verstappen,1,19,20:34:32,24.008,
2025,18,2025_18,hadjar,1,20,20:36:38,23.827,
2025,18,2025_18,leclerc,1,21,20:37:58,23.630,
2025,18,2025_18,bearman,1,23,20:41:33,23.979,
2025,18,2025_18,hamilton,1,24,20:42:55,24.794,
2025,18,2025_18,gasly,1,24,20:43:30,25.583,
2025,18,2025_18,russell,1,25,20:44:06,23.966,
2025,18,2025_18,antonelli,1,25,20:44:27,23.806,
2025,18,2025_18,hulkenberg,1,25,20:44:54,24.193,
2025,18,2025_18,norris,1,26,20:45:51,23.314,
2025,18,2025_18,piastri,1,27,20:47:33,26.637,
2025,18,2025_18,alonso,1,27,20:48:02,30.749,
2025,18,2025_18,ocon,1,30,20:53:14,25.078,
2025,18,2025_18,stroll,1,38,21:06:26,24.012,
2025,18,2025_18,albon,1,42,21:13:06,25.732,
2025,18,2025_18,hulkenberg,2,44,21:16:50,31.894,
2025,18,2025_18,hamilton,2,46,21:18:37,23.344,
2025,18,2025_18,lawson,1,48,21:22:53,24.027,
2025,18,2025_18,sainz,1,50,21:26:10,24.075,
2025,18,2025_18,gasly,2,51,21:28:14,25.188,
2025,19,2025_19,albon,1,7,14:16:15,23.763,
2025,19,2025_19,bortoleto,1,14,14:28:26,25.567,
2025,19,2025_19,leclerc,1,22,14:41:28,23.718,
2025,19,2025_19,ocon,1,24,14:45:28,25.060,
2025,19,2025_19,gasly,1,27,14:50:26,26.631,
2025,19,2025_19,stroll,1,28,14:52:04,24.192,
2025,19,2025_19,hadjar,1,28,14:52:17,23.831,
2025,19,2025_19,tsunoda,1,29,14:53:25,24.539,
2025,19,2025_19,piastri,1,30,14:54:56,23.452,
2025,19,2025_19,bearman,1,30,14:55:07,24.110,
2025,19,2025_19,alonso,1,30,14:55:19,24.054,
2025,19,2025_19,lawson,1,30,14:55:22,23.681,
2025,19,2025_19,hamilton,1,31,14:56:32,23.937,
2025,19,2025_19,antonelli,1,31,14:57:10,23.949,
2025,19,2025_19,norris,1,32,14:58:04,24.580,
2025,19,2025_19,colapinto,1,32,14:58:59,24.045,
2025,19,2025_19,max_verstappen,1,33,14:59:34,23.987,
2025,19,2025_19,russell,1,33,15:00:00,23.555,
2025,19,2025_19,hulkenberg,1,33,15:00:10,23.753,
2025,19,2025_19,albon,2,36,15:05:34,24.582,
2025,19,2025_19,bortoleto,2,36,15:05:47,24.007,
2025,20,2025_20,lawson,1,2,14:06:17,34.212,
2025,20,2025_20,sainz,1,17,14:27:14,22.502,
2025,20,2025_20,alonso,1,20,14:31:29,26.816,
2025,20,2025_20,antonelli,1,22,14:33:56,22.476,
2025,20,2025_20,hamilton,1,23,14:35:15,33.308,
2025,20,2025_20,bearman,1,24,14:36:39,22.647,
2025,20,2025_20,piastri,1,24,14:36:46,23.211,
2025,20,2025_20,russell,1,25,14:38:08,22.347,
2025,20,2025_20,stroll,1,26,14:39:51,22.071,
2025,20,2025_20,ocon,1,27,14:41:07,23.203,
2025,20,2025_20,leclerc,1,31,14:46:14,22.215,
2025,20,2025_20,gasly,1,33,14:50:02,22.834,
2025,20,2025_20,norris,1,34,14:50:05,22.567,
2025,20,2025_20,hadjar,1,34,14:51:00,22.196,
2025,20,2025_20,tsunoda,1,36,14:53:42,31.630,
2025,20,2025_20,max_verstappen,1,37,14:54:47,22.762,
2025,20,2025_20,bortoleto,1,37,14:55:13,22.410,
2025,20,2025_20,albon,1,41,15:00:56,22.040,
2025,20,2025_20,stroll,2,43,15:03:36,23.713,
2025,20,2025_20,sainz,2,46,15:07:34,30.546,
2025,20,2025_20,antonelli,2,47,15:08:41,24.523,
2025,20,2025_20,piastri,2,47,15:08:42,22.159,
2025,20,2025_20,hamilton,2,47,15:08:45,23.342,
2025,20,2025_20,bearman,2,48,15:09:59,22.174,
2025,20,2025_20,russell,2,48,15:10:01,22.470,
2025,20,2025_20,colapinto,1,48,15:11:05,22.789,
2025,20,2025_20,sainz,3,56,15:21:35,17.969,
2025,21,2025_21,tsunoda,1,2,14:06:36,22.974,
2025,21,2025_21,hamilton,1,2,14:06:43,40.076,
2025,21,2025_21,max_verstappen,1,7,14:15:08,23.197,
2025,21,2025_21,ocon,1,8,14:16:48,24.204,
2025,21,2025_21,hamilton,2,14,14:24:23,23.426,
2025,21,2025_21,bearman,1,17,14:28:03,23.748,
2025,21,2025_21,sainz,1,17,14:28:07,26.064,
2025,21,2025_21,hadjar,1,18,14:29:18,23.708,
2025,21,2025_21,gasly,1,18,14:29:21,23.673,
2025,21,2025_21,lawson,1,19,14:30:36,22.899,
2025,21,2025_21,antonelli,1,21,14:32:56,23.356,
2025,21,2025_21,tsunoda,2,24,14:37:02,34.185,
2025,21,2025_21,alonso,1,28,14:42:06,23.942,
2025,21,2025_21,colapinto,1,29,14:43:24,23.710,
2025,21,2025_21,stroll,1,29,14:43:24,23.760,
2025,21,2025_21,norris,1,30,14:44:02,23.490,
2025,21,2025_21,hamilton,3,32,14:47:24,30.752,
2025,21,2025_21,russell,1,34,14:49:18,23.358,
2025,21,2025_21,max_verstappen,2,34,14:49:25,23.058,
2025,21,2025_21,albon,1,35,14:50:54,23.061,
2025,21,2025_21,hulkenberg,1,36,14:52:06,23.086,
2025,21,2025_21,hadjar,2,37,14:53:26,23.460,
2025,21,2025_21,piastri,1,38,14:54:12,34.644,
2025,21,2025_21,sainz,2,38,14:54:46,23.234,
2025,21,2025_21,gasly,2,39,14:55:57,23.648,
2025,21,2025_21,bearman,2,42,14:59:34,24.654,
2025,21,2025_21,colapinto,2,43,15:01:14,26.124,
2025,21,2025_21,alonso,2,46,15:04:57,23.563,
2025,21,2025_21,antonelli,2,47,15:05:36,23.401,
2025,21,2025_21,ocon,2,47,15:06:07,24.177,
2025,21,2025_21,tsunoda,3,47,15:06:20,33.841,
2025,21,2025_21,russell,2,48,15:06:54,23.128,
2025,21,2025_21,norris,2,50,15:09:11,23.238,
2025,21,2025_21,piastri,2,51,15:10:43,23.113,
2025,21,2025_21,max_verstappen,3,54,15:14:21,23.311,
2025,21,2025_21,stroll,2,54,15:14:59,22.968,
2025,21,2025_21,albon,2,55,15:16:08,23.112,
2025,22,2025_22,tsunoda,1,1,20:06:03,21.383,
2025,22,2025_22,bortoleto,1,1,20:06:15,33.230,
2025,22,2025_22,antonelli,1,2,20:07:58,21.968,
2025,22,2025_22,lawson,1,2,20:08:08,32.736,
2025,22,2025_22,gasly,1,2,20:08:09,23.903,
2025,22,2025_22,albon,1,13,20:26:29,23.361,
2025,22,2025_22,albon,2,14,20:28:31,30.065,
2025,22,2025_22,alonso,1,16,20:31:38,21.068,
2025,22,2025_22,russell,1,17,20:32:52,20.929,
2025,22,2025_22,bearman,1,17,20:33:15,21.491,
2025,22,2025_22,hadjar,1,20,20:38:00,21.324,
2025,22,2025_22,piastri,1,21,20:39:32,21.371,
2025,22,2025_22,norris,1,22,20:40:53,21.049,
2025,22,2025_22,sainz,1,22,20:41:08,21.164,
2025,22,2025_22,leclerc,1,24,20:44:22,21.351,
2025,22,2025_22,max_verstappen,1,25,20:45:37,21.708,
2025,22,2025_22,colapinto,1,25,20:46:33,22.842,
2025,22,2025_22,ocon,1,27,20:49:26,22.389,
2025,22,2025_22,tsunoda,2,27,20:49:47,20.680,
2025,22,2025_22,lawson,2,28,20:51:28,21.287,
2025,22,2025_22,hamilton,1,29,20:52:31,21.638,
2025,22,2025_22,hulkenberg,1,30,20:54:06,22.333,
2025,22,2025_22,albon,3,34,21:01:22,29.308,
2025,23,2025_23,max_verstappen,1,7,19:13:50,29.970,
2025,23,2025_23,antonelli,1,7,19:13:55,32.002,
2025,23,2025_23,sainz,1,7,19:13:58,28.560,
2025,23,2025_23,alonso,1,7,19:14:00,28.288,
2025,23,2025_23,russell,1,7,19:14:01,33.241,
2025,23,2025_23,hadjar,1,7,19:14:03,28.815,
2025,23,2025_23,leclerc,1,7,19:14:07,30.395,
2025,23,2025_23,bearman,1,7,19:14:09,28.837,
2025,23,2025_23,lawson,1,7,19:14:11,28.993,
2025,23,2025_23,hamilton,1,7,19:14:11,32.166,
2025,23,2025_23,tsunoda,1,7,19:14:13,29.188,
2025,23,2025_23,albon,1,7,19:14:14,28.890,
2025,23,2025_23,bortoleto,1,7,19:14:16,28.471,
2025,23,2025_23,stroll,1,7,19:14:17,28.124,
2025,23,2025_23,colapinto,1,7,19:14:17,29.538,
2025,23,2025_23,gasly,1,7,19:14:40,31.343,
2025,23,2025_23,ocon,1,8,19:16:16,34.006,
2025,23,2025_23,ocon,2,9,19:18:56,34.540,
2025,23,2025_23,piastri,1,24,19:40:58,29.047,
2025,23,2025_23,stroll,2,24,19:41:37,28.064,
2025,23,2025_23,norris,1,25,19:42:27,27.938,
2025,23,2025_23,max_verstappen,2,32,19:52:29,28.168,
2025,23,2025_23,sainz,2,32,19:52:47,28.181,
2025,23,2025_23,antonelli,2,32,19:52:51,28.544,
2025,23,2025_23,alonso,2,32,19:52:57,28.935,
2025,23,2025_23,hadjar,2,32,19:53:01,27.931,
2025,23,2025_23,russell,2,32,19:53:03,29.077,
2025,23,2025_23,leclerc,2,32,19:53:06,28.999,
2025,23,2025_23,bearman,2,32,19:53:08,45.232,
2025,23,2025_23,lawson,2,32,19:53:09,28.078,
2025,23,2025_23,tsunoda,2,32,19:53:11,28.330,
2025,23,2025_23,albon,2,32,19:53:12,29.457,
2025,23,2025_23,hamilton,2,32,19:53:13,28.541,
2025,23,2025_23,bortoleto,2,32,19:53:16,28.234,
2025,23,2025_23,colapinto,2,32,19:53:17,28.942,
2025,23,2025_23,gasly,2,32,19:53:23,30.559,
2025,23,2025_23,ocon,3,34,19:56:13,30.469,
2025,23,2025_23,bearman,3,40,20:05:15,37.513,
2025,23,2025_23,piastri,2,42,20:06:54,27.853,
2025,23,2025_23,norris,2,44,20:09:51,28.243,
2025,23,2025_23,stroll,3,49,20:17:51,35.671,
2025,24,2025_24,hulkenberg,1,7,17:14:13,21.619,
2025,24,2025_24,hamilton,1,8,17:15:40,21.601,
2025,24,2025_24,albon,1,8,17:15:41,21.551,
2025,24,2025_24,gasly,1,13,17:23:21,22.585,
2025,24,2025_24,russell,1,14,17:24:34,21.979,
2025,24,2025_24,hadjar,1,14,17:24:41,21.932,
2025,24,2025_24,bearman,1,14,17:24:45,22.263,
2025,24,2025_24,bortoleto,1,15,17:26:07,22.121,
2025,24,2025_24,colapinto,1,15,17:26:25,21.953,
2025,24,2025_24,norris,1,16,17:27:28,21.323,
2025,24,2025_24,leclerc,1,16,17:27:30,21.692,
2025,24,2025_24,alonso,1,16,17:27:35,23.267,
2025,24,2025_24,sainz,1,18,17:30:51,21.799,
2025,24,2025_24,ocon,1,19,17:32:16,22.254,
2025,24,2025_24,lawson,1,21,17:35:27,28.369,
2025,24,2025_24,max_verstappen,1,23,17:37:49,21.703,
2025,24,2025_24,hamilton,2,31,17:50:26,21.417,
2025,24,2025_24,tsunoda,1,32,17:51:52,27.041,
2025,24,2025_24,antonelli,1,32,17:52:04,22.155,
2025,24,2025_24,albon,2,33,17:53:36,21.495,
2025,24,2025_24,leclerc,2,39,18:01:53,20.902,
2025,24,2025_24,norris,2,40,18:03:15,21.407,
2025,24,2025_24,gasly,2,40,18:04:14,22.234,
2025,24,2025_24,colapinto,2,40,18:04:20,22.955,
2025,24,2025_24,piastri,1,41,18:04:39,21.565,
2025,24,2025_24,stroll,1,42,18:06:56,21.535,
2025,24,2025_24,hulkenberg,2,42,18:07:04,21.468,
