season,round,race_id,lap_number,driver_id,position,lap_time
2023,1,2023_1,1,max_verstappen,1,1:39.019
2023,1,2023_1,1,leclerc,2,1:40.230
2023,1,2023_1,1,perez,3,1:41.063
2023,1,2023_1,1,sainz,4,1:41.659
2023,1,2023_1,1,hamilton,5,1:42.288
2023,1,2023_1,1,russell,6,1:42.662
2023,1,2023_1,1,alonso,7,1:43.608
2023,1,2023_1,1,bottas,8,1:44.154
2023,1,2023_1,1,stroll,9,1:44.670
2023,1,2023_1,1,norris,10,1:45.364
2023,1,2023_1,1,ocon,11,1:45.967
2023,1,2023_1,1,albon,12,1:46.453
2023,1,2023_1,1,sargeant,13,1:46.855
2023,1,2023_1,1,hulkenberg,14,1:47.339
2023,1,2023_1,1,tsunoda,15,1:47.791
2023,1,2023_1,1,piastri,16,1:48.214
2023,1,2023_1,1,zhou,17,1:48.467
2023,1,2023_1,1,kevin_magnussen,18,1:49.330
2023,1,2023_1,1,gasly,19,1:49.649
2023,1,2023_1,1,de_vries,20,1:49.959
2023,1,2023_1,2,max_verstappen,1,1:37.974
2023,1,2023_1,2,leclerc,2,1:38.750
2023,1,2023_1,2,perez,3,1:38.862
2023,1,2023_1,2,sainz,4,1:38.933
2023,1,2023_1,2,hamilton,5,1:39.166
2023,1,2023_1,2,russell,6,1:39.590
2023,1,2023_1,2,alonso,7,1:39.792
2023,1,2023_1,2,bottas,8,1:39.956
2023,1,2023_1,2,stroll,9,1:39.892
2023,1,2023_1,2,norris,10,1:40.433
2023,1,2023_1,2,ocon,11,1:40.408
2023,1,2023_1,2,albon,12,1:40.430
2023,1,2023_1,2,sargeant,13,1:40.467
2023,1,2023_1,2,hulkenberg,14,1:40.720
2023,1,2023_1,2,tsunoda,15,1:40.837
2023,1,2023_1,2,piastri,16,1:40.830
2023,1,2023_1,2,zhou,17,1:41.091
2023,1,2023_1,2,gasly,18,1:40.438
2023,1,2023_1,2,kevin_magnussen,19,1:41.521
2023,1,2023_1,2,de_vries,20,1:41.289
2023,1,2023_1,3,max_verstappen,1,1:38.006
2023,1,2023_1,3,leclerc,2,1:38.658
2023,1,2023_1,3,perez,3,1:38.830
2023,1,2023_1,3,sainz,4,1:39.042
2023,1,2023_1,3,hamilton,5,1:39.220
2023,1,2023_1,3,russell,6,1:39.093
2023,1,2023_1,3,alonso,7,1:39.100
2023,1,2023_1,3,bottas,8,1:39.397
2023,1,2023_1,3,stroll,9,1:39.625
2023,1,2023_1,3,norris,10,1:39.777
2023,1,2023_1,3,ocon,11,1:39.948
2023,1,2023_1,3,albon,12,1:40.143
2023,1,2023_1,3,sargeant,13,1:40.349
2023,1,2023_1,3,hulkenberg,14,1:40.484
2023,1,2023_1,3,tsunoda,15,1:40.243
2023,1,2023_1,3,piastri,16,1:40.691
2023,1,2023_1,3,zhou,17,1:40.596
2023,1,2023_1,3,gasly,18,1:40.643
2023,1,2023_1,3,de_vries,19,1:40.914
2023,1,2023_1,3,kevin_magnussen,20,1:41.978
2023,1,2023_1,4,max_verstappen,1,1:37.976
2023,1,2023_1,4,leclerc,2,1:38.825
2023,1,2023_1,4,perez,3,1:38.758
2023,1,2023_1,4,sainz,4,1:38.985
2023,1,2023_1,4,hamilton,5,1:39.198
2023,1,2023_1,4,russell,6,1:39.261
2023,1,2023_1,4,alonso,7,1:39.548
2023,1,2023_1,4,bottas,8,1:39.823
2023,1,2023_1,4,stroll,9,1:39.745
2023,1,2023_1,4,ocon,10,1:39.543
2023,1,2023_1,4,albon,11,1:39.761
2023,1,2023_1,4,norris,12,1:42.267
2023,1,2023_1,4,sargeant,13,1:40.644
2023,1,2023_1,4,tsunoda,14,1:39.950
2023,1,2023_1,4,hulkenberg,15,1:41.004
2023,1,2023_1,4,piastri,16,1:40.718
2023,1,2023_1,4,zhou,17,1:40.853
2023,1,2023_1,4,gasly,18,1:40.894
2023,1,2023_1,4,de_vries,19,1:40.373
2023,1,2023_1,4,kevin_magnussen,20,1:40.773
2023,1,2023_1,5,max_verstappen,1,1:38.035
2023,1,2023_1,5,leclerc,2,1:38.664
2023,1,2023_1,5,perez,3,1:38.404
2023,1,2023_1,5,sainz,4,1:39.128
2023,1,2023_1,5,hamilton,5,1:39.335
2023,1,2023_1,5,russell,6,1:39.549
2023,1,2023_1,5,alonso,7,1:39.662
2023,1,2023_1,5,stroll,8,1:39.144
2023,1,2023_1,5,bottas,9,1:41.033
2023,1,2023_1,5,ocon,10,1:40.281
2023,1,2023_1,5,albon,11,1:40.606
2023,1,2023_1,5,norris,12,1:40.664
2023,1,2023_1,5,sargeant,13,1:40.902
2023,1,2023_1,5,tsunoda,14,1:41.131
2023,1,2023_1,5,hulkenberg,15,1:41.002
2023,1,2023_1,5,piastri,16,1:40.862
2023,1,2023_1,5,zhou,17,1:40.814
2023,1,2023_1,5,gasly,18,1:40.818
2023,1,2023_1,5,de_vries,19,1:40.630
2023,1,2023_1,5,kevin_magnussen,20,1:41.340
2023,2,2023_2,1,alonso,1,1:36.851
2023,2,2023_2,1,perez,2,1:37.257
2023,2,2023_2,1,russell,3,1:38.652
2023,2,2023_2,1,stroll,4,1:39.093
2023,2,2023_2,1,sainz,5,1:39.413
2023,2,2023_2,1,ocon,6,1:40.245
2023,2,2023_2,1,hamilton,7,1:41.038
2023,2,2023_2,1,gasly,8,1:42.172
2023,2,2023_2,1,leclerc,9,1:43.306
2023,2,2023_2,1,zhou,10,1:44.564
2023,2,2023_2,1,kevin_magnussen,11,1:44.694
2023,2,2023_2,1,hulkenberg,12,1:44.753
2023,2,2023_2,1,max_verstappen,13,1:45.222
2023,2,2023_2,1,tsunoda,14,1:45.589
2023,2,2023_2,1,bottas,15,1:45.612
2023,2,2023_2,1,albon,16,1:45.985
2023,2,2023_2,1,norris,17,1:46.323
2023,2,2023_2,1,de_vries,18,1:46.740
2023,2,2023_2,1,piastri,19,1:47.254
2023,2,2023_2,1,sargeant,20,1:47.264
2023,2,2023_2,2,alonso,1,1:35.567
2023,2,2023_2,2,perez,2,1:35.906
2023,2,2023_2,2,russell,3,1:36.114
2023,2,2023_2,2,stroll,4,1:36.324
2023,2,2023_2,2,sainz,5,1:36.583
2023,2,2023_2,2,ocon,6,1:37.006
2023,2,2023_2,2,hamilton,7,1:37.188
2023,2,2023_2,2,gasly,8,1:37.056
2023,2,2023_2,2,leclerc,9,1:36.907
2023,2,2023_2,2,zhou,10,1:36.615
2023,2,2023_2,2,kevin_magnussen,11,1:37.219
2023,2,2023_2,2,hulkenberg,12,1:37.670
2023,2,2023_2,2,max_verstappen,13,1:37.680
2023,2,2023_2,2,tsunoda,14,1:38.171
2023,2,2023_2,2,bottas,15,1:38.763
2023,2,2023_2,2,albon,16,1:38.916
2023,2,2023_2,2,sargeant,17,1:39.426
2023,2,2023_2,2,de_vries,18,1:40.748
2023,2,2023_2,2,norris,19,1:43.070
2023,2,2023_2,2,piastri,20,2:04.805
2023,2,2023_2,3,alonso,1,1:35.140
2023,2,2023_2,3,perez,2,1:34.829
2023,2,2023_2,3,russell,3,1:35.300
2023,2,2023_2,3,stroll,4,1:35.239
2023,2,2023_2,3,sainz,5,1:35.354
2023,2,2023_2,3,ocon,6,1:36.066
2023,2,2023_2,3,hamilton,7,1:36.628
2023,2,2023_2,3,gasly,8,1:36.044
2023,2,2023_2,3,leclerc,9,1:35.825
2023,2,2023_2,3,zhou,10,1:36.260
2023,2,2023_2,3,kevin_magnussen,11,1:36.796
2023,2,2023_2,3,hulkenberg,12,1:36.538
2023,2,2023_2,3,max_verstappen,13,1:36.526
2023,2,2023_2,3,tsunoda,14,1:37.150
2023,2,2023_2,3,bottas,15,1:36.956
2023,2,2023_2,3,albon,16,1:37.065
2023,2,2023_2,3,sargeant,17,1:36.997
2023,2,2023_2,3,de_vries,18,1:36.945
2023,2,2023_2,3,piastri,19,1:35.634
2023,2,2023_2,3,norris,20,2:03.534
2023,2,2023_2,4,perez,1,1:35.651
2023,2,2023_2,4,alonso,2,1:36.664
2023,2,2023_2,4,russell,3,1:35.596
2023,2,2023_2,4,stroll,4,1:35.560
2023,2,2023_2,4,sainz,5,1:35.428
2023,2,2023_2,4,ocon,6,1:35.729
2023,2,2023_2,4,hamilton,7,1:36.263
2023,2,2023_2,4,gasly,8,1:36.291
2023,2,2023_2,4,leclerc,9,1:35.871
2023,2,2023_2,4,zhou,10,1:36.359
2023,2,2023_2,4,kevin_magnussen,11,1:37.098
2023,2,2023_2,4,max_verstappen,12,1:36.503
2023,2,2023_2,4,hulkenberg,13,1:37.593
2023,2,2023_2,4,tsunoda,14,1:37.006
2023,2,2023_2,4,bottas,15,1:37.211
2023,2,2023_2,4,albon,16,1:36.913
2023,2,2023_2,4,sargeant,17,1:36.844
2023,2,2023_2,4,de_vries,18,1:36.847
2023,2,2023_2,4,piastri,19,1:35.512
2023,2,2023_2,4,norris,20,1:36.627
2023,2,2023_2,5,perez,1,1:34.873
2023,2,2023_2,5,alonso,2,1:34.920
2023,2,2023_2,5,russell,3,1:35.423
2023,2,2023_2,5,stroll,4,1:35.471
2023,2,2023_2,5,sainz,5,1:35.433
2023,2,2023_2,5,ocon,6,1:35.849
2023,2,2023_2,5,hamilton,7,1:35.867
2023,2,2023_2,5,gasly,8,1:35.973
2023,2,2023_2,5,leclerc,9,1:36.275
2023,2,2023_2,5,zhou,10,1:36.314
2023,2,2023_2,5,max_verstappen,11,1:35.359
2023,2,2023_2,5,kevin_magnussen,12,1:37.298
2023,2,2023_2,5,hulkenberg,13,1:36.753
2023,2,2023_2,5,tsunoda,14,1:36.705
2023,2,2023_2,5,bottas,15,1:36.597
2023,2,2023_2,5,albon,16,1:37.108
2023,2,2023_2,5,sargeant,17,1:36.881
2023,2,2023_2,5,de_vries,18,1:36.992
2023,2,2023_2,5,piastri,19,1:35.662
2023,2,2023_2,5,norris,20,1:35.929
2023,3,2023_3,1,russell,1,1:37.854
2023,3,2023_3,1,hamilton,2,1:40.229
2023,3,2023_3,1,max_verstappen,3,1:41.571
2023,3,2023_3,1,sainz,4,1:43.866
2023,3,2023_3,1,alonso,5,1:45.543
2023,3,2023_3,1,albon,6,1:46.373
2023,3,2023_3,1,stroll,7,1:48.052
2023,3,2023_3,1,gasly,8,1:50.293
2023,3,2023_3,1,hulkenberg,9,1:51.408
2023,3,2023_3,1,tsunoda,10,1:53.776
2023,3,2023_3,1,norris,11,1:56.566
2023,3,2023_3,1,kevin_magnussen,12,1:58.026
2023,3,2023_3,1,piastri,13,1:58.915
2023,3,2023_3,1,de_vries,14,1:59.887
2023,3,2023_3,1,ocon,15,2:02.304
2023,3,2023_3,1,zhou,16,2:09.967
2023,3,2023_3,1,sargeant,17,2:11.454
2023,3,2023_3,1,perez,18,2:12.096
2023,3,2023_3,1,bottas,19,2:17.156
2023,3,2023_3,2,russell,1,2:13.298
2023,3,2023_3,2,hamilton,2,2:12.287
2023,3,2023_3,2,max_verstappen,3,2:12.105
2023,3,2023_3,2,sainz,4,2:11.411
2023,3,2023_3,2,alonso,5,2:10.728
2023,3,2023_3,2,albon,6,2:10.798
2023,3,2023_3,2,stroll,7,2:11.142
2023,3,2023_3,2,gasly,8,2:11.323
2023,3,2023_3,2,hulkenberg,9,2:11.316
2023,3,2023_3,2,tsunoda,10,2:10.201
2023,3,2023_3,2,norris,11,2:07.813
2023,3,2023_3,2,kevin_magnussen,12,2:07.597
2023,3,2023_3,2,piastri,13,2:07.150
2023,3,2023_3,2,de_vries,14,2:07.500
2023,3,2023_3,2,ocon,15,2:06.286
2023,3,2023_3,2,zhou,16,1:59.863
2023,3,2023_3,2,bottas,17,1:54.147
2023,3,2023_3,2,perez,18,2:11.789
2023,3,2023_3,2,sargeant,19,2:13.100
2023,3,2023_3,3,russell,1,2:12.017
2023,3,2023_3,3,hamilton,2,2:11.362
2023,3,2023_3,3,max_verstappen,3,2:10.657
2023,3,2023_3,3,sainz,4,2:09.958
2023,3,2023_3,3,alonso,5,2:09.502
2023,3,2023_3,3,albon,6,2:09.355
2023,3,2023_3,3,stroll,7,2:07.757
2023,3,2023_3,3,gasly,8,2:05.832
2023,3,2023_3,3,hulkenberg,9,2:05.204
2023,3,2023_3,3,tsunoda,10,2:04.796
2023,3,2023_3,3,norris,11,2:04.797
2023,3,2023_3,3,kevin_magnussen,12,2:04.025
2023,3,2023_3,3,piastri,13,2:04.169
2023,3,2023_3,3,de_vries,14,2:03.952
2023,3,2023_3,3,ocon,15,2:03.289
2023,3,2023_3,3,zhou,16,2:03.710
2023,3,2023_3,3,bottas,17,2:02.845
2023,3,2023_3,3,perez,18,1:50.649
2023,3,2023_3,3,sargeant,19,1:50.807
2023,3,2023_3,4,russell,1,1:23.134
2023,3,2023_3,4,hamilton,2,1:23.295
2023,3,2023_3,4,max_verstappen,3,1:23.391
2023,3,2023_3,4,sainz,4,1:23.889
2023,3,2023_3,4,alonso,5,1:24.293
2023,3,2023_3,4,albon,6,1:24.327
2023,3,2023_3,4,stroll,7,1:24.385
2023,3,2023_3,4,gasly,8,1:24.671
2023,3,2023_3,4,hulkenberg,9,1:24.833
2023,3,2023_3,4,tsunoda,10,1:25.299
2023,3,2023_3,4,norris,11,1:25.444
2023,3,2023_3,4,kevin_magnussen,12,1:25.406
2023,3,2023_3,4,piastri,13,1:25.428
2023,3,2023_3,4,de_vries,14,1:25.259
2023,3,2023_3,4,ocon,15,1:25.603
2023,3,2023_3,4,zhou,16,1:25.204
2023,3,2023_3,4,perez,17,1:25.108
2023,3,2023_3,4,bottas,18,1:26.356
2023,3,2023_3,4,sargeant,19,1:25.804
2023,3,2023_3,5,russell,1,1:23.134
2023,3,2023_3,5,hamilton,2,1:23.170
2023,3,2023_3,5,max_verstappen,3,1:23.104
2023,3,2023_3,5,sainz,4,1:23.217
2023,3,2023_3,5,alonso,5,1:23.290
2023,3,2023_3,5,albon,6,1:23.639
2023,3,2023_3,5,stroll,7,1:23.937
2023,3,2023_3,5,gasly,8,1:24.290
2023,3,2023_3,5,hulkenberg,9,1:24.295
2023,3,2023_3,5,tsunoda,10,1:24.620
2023,3,2023_3,5,norris,11,1:24.732
2023,3,2023_3,5,kevin_magnussen,12,1:25.054
2023,3,2023_3,5,piastri,13,1:24.996
2023,3,2023_3,5,de_vries,14,1:25.025
2023,3,2023_3,5,ocon,15,1:24.974
2023,3,2023_3,5,zhou,16,1:24.847
2023,3,2023_3,5,perez,17,1:24.501
2023,3,2023_3,5,bottas,18,1:24.849
2023,3,2023_3,5,sargeant,19,1:25.136
2023,3,2023_3,6,russell,1,1:23.159
2023,3,2023_3,6,hamilton,2,1:22.890
2023,3,2023_3,6,max_verstappen,3,1:22.843
2023,3,2023_3,6,sainz,4,1:22.809
2023,3,2023_3,6,alonso,5,1:22.603
2023,4,2023_4,1,leclerc,1,1:50.109
2023,4,2023_4,1,max_verstappen,2,1:50.456
2023,4,2023_4,1,perez,3,1:51.373
2023,4,2023_4,1,sainz,4,1:52.645
2023,4,2023_4,1,hamilton,5,1:53.406
2023,4,2023_4,1,alonso,6,1:54.002
2023,4,2023_4,1,stroll,7,1:54.568
2023,4,2023_4,1,norris,8,1:55.413
2023,4,2023_4,1,russell,9,1:56.394
2023,4,2023_4,1,tsunoda,10,1:57.170
2023,4,2023_4,1,piastri,11,1:57.516
2023,4,2023_4,1,albon,12,1:58.185
2023,4,2023_4,1,kevin_magnussen,13,1:58.715
2023,4,2023_4,1,sargeant,14,1:58.980
2023,4,2023_4,1,gasly,15,1:59.785
2023,4,2023_4,1,zhou,16,2:00.491
2023,4,2023_4,1,de_vries,17,2:01.057
2023,4,2023_4,1,bottas,18,2:02.059
2023,4,2023_4,1,ocon,19,2:02.501
2023,4,2023_4,1,hulkenberg,20,2:02.623
2023,4,2023_4,2,leclerc,1,1:47.656
2023,4,2023_4,2,max_verstappen,2,1:47.707
2023,4,2023_4,2,perez,3,1:47.717
2023,4,2023_4,2,sainz,4,1:47.774
2023,4,2023_4,2,hamilton,5,1:48.165
2023,4,2023_4,2,alonso,6,1:48.064
2023,4,2023_4,2,stroll,7,1:48.409
2023,4,2023_4,2,norris,8,1:48.739
2023,4,2023_4,2,russell,9,1:48.818
2023,4,2023_4,2,tsunoda,10,1:49.181
2023,4,2023_4,2,piastri,11,1:49.527
2023,4,2023_4,2,albon,12,1:49.728
2023,4,2023_4,2,kevin_magnussen,13,1:50.168
2023,4,2023_4,2,sargeant,14,1:50.147
2023,4,2023_4,2,gasly,15,1:49.990
2023,4,2023_4,2,zhou,16,1:50.144
2023,4,2023_4,2,de_vries,17,1:50.431
2023,4,2023_4,2,bottas,18,1:50.064
2023,4,2023_4,2,ocon,19,1:50.023
2023,4,2023_4,2,hulkenberg,20,1:50.227
2023,4,2023_4,3,max_verstappen,1,1:47.677
2023,4,2023_4,3,leclerc,2,1:48.151
2023,4,2023_4,3,perez,3,1:47.657
2023,4,2023_4,3,sainz,4,1:47.928
2023,4,2023_4,3,hamilton,5,1:47.602
2023,4,2023_4,3,alonso,6,1:47.782
2023,4,2023_4,3,stroll,7,1:47.753
2023,4,2023_4,3,norris,8,1:48.094
2023,4,2023_4,3,russell,9,1:47.908
2023,4,2023_4,3,tsunoda,10,1:48.529
2023,4,2023_4,3,piastri,11,1:48.452
2023,4,2023_4,3,albon,12,1:48.815
2023,4,2023_4,3,kevin_magnussen,13,1:48.629
2023,4,2023_4,3,sargeant,14,1:49.098
2023,4,2023_4,3,gasly,15,1:49.075
2023,4,2023_4,3,zhou,16,1:49.313
2023,4,2023_4,3,de_vries,17,1:49.365
2023,4,2023_4,3,bottas,18,1:49.439
2023,4,2023_4,3,ocon,19,1:49.485
2023,4,2023_4,3,hulkenberg,20,1:50.097
2023,4,2023_4,4,max_verstappen,1,1:47.108
2023,4,2023_4,4,leclerc,2,1:47.966
2023,4,2023_4,4,perez,3,1:47.404
2023,4,2023_4,4,sainz,4,1:47.898
2023,4,2023_4,4,hamilton,5,1:47.760
2023,4,2023_4,4,alonso,6,1:47.912
2023,4,2023_4,4,stroll,7,1:47.914
2023,4,2023_4,4,norris,8,1:48.096
2023,4,2023_4,4,russell,9,1:48.252
2023,4,2023_4,4,tsunoda,10,1:48.477
2023,4,2023_4,4,piastri,11,1:49.002
2023,4,2023_4,4,albon,12,1:49.004
2023,4,2023_4,4,kevin_magnussen,13,1:48.915
2023,4,2023_4,4,sargeant,14,1:48.850
2023,4,2023_4,4,gasly,15,1:48.873
2023,4,2023_4,4,zhou,16,1:49.096
2023,4,2023_4,4,de_vries,17,1:48.781
2023,4,2023_4,4,bottas,18,1:48.992
2023,4,2023_4,4,ocon,19,1:49.023
2023,4,2023_4,4,hulkenberg,20,1:48.731
2023,4,2023_4,5,max_verstappen,1,1:47.476
2023,4,2023_4,5,leclerc,2,1:47.757
2023,4,2023_4,5,perez,3,1:47.615
2023,4,2023_4,5,sainz,4,1:47.877
2023,4,2023_4,5,hamilton,5,1:47.791
2023,4,2023_4,5,alonso,6,1:47.899
2023,4,2023_4,5,stroll,7,1:47.689
2023,4,2023_4,5,norris,8,1:48.080
2023,4,2023_4,5,russell,9,1:48.443
2023,4,2023_4,5,tsunoda,10,1:48.599
2023,4,2023_4,5,piastri,11,1:48.298
2023,4,2023_4,5,albon,12,1:48.689
2023,4,2023_4,5,kevin_magnussen,13,1:49.028
2023,4,2023_4,5,sargeant,14,1:48.875
2023,4,2023_4,5,zhou,15,1:49.152
2023,4,2023_4,5,de_vries,16,1:48.948
2023,4,2023_4,5,bottas,17,1:49.019
2023,4,2023_4,5,ocon,18,1:49.005
2023,4,2023_4,5,gasly,19,1:53.152
2023,4,2023_4,5,hulkenberg,20,1:49.331
2023,5,2023_5,1,perez,1,1:36.191
2023,5,2023_5,1,alonso,2,1:37.248
2023,5,2023_5,1,sainz,3,1:38.078
2023,5,2023_5,1,gasly,4,1:38.764
2023,5,2023_5,1,russell,5,1:39.467
2023,5,2023_5,1,leclerc,6,1:40.402
2023,5,2023_5,1,kevin_magnussen,7,1:40.860
2023,5,2023_5,1,bottas,8,1:41.314
2023,5,2023_5,1,max_verstappen,9,1:41.724
2023,5,2023_5,1,ocon,10,1:42.184
2023,5,2023_5,1,hulkenberg,11,1:42.723
2023,5,2023_5,1,albon,12,1:43.346
2023,5,2023_5,1,hamilton,13,1:44.363
2023,5,2023_5,1,piastri,14,1:44.758
2023,5,2023_5,1,tsunoda,15,1:45.736
2023,5,2023_5,1,zhou,16,1:45.906
2023,5,2023_5,1,stroll,17,1:46.289
2023,5,2023_5,1,sargeant,18,1:46.841
2023,5,2023_5,1,norris,19,1:47.753
2023,5,2023_5,1,de_vries,20,1:48.179
2023,5,2023_5,2,perez,1,1:33.963
2023,5,2023_5,2,alonso,2,1:34.175
2023,5,2023_5,2,sainz,3,1:34.215
2023,5,2023_5,2,gasly,4,1:34.166
2023,5,2023_5,2,russell,5,1:34.155
2023,5,2023_5,2,leclerc,6,1:34.620
2023,5,2023_5,2,kevin_magnussen,7,1:34.557
2023,5,2023_5,2,max_verstappen,8,1:34.260
2023,5,2023_5,2,bottas,9,1:35.623
2023,5,2023_5,2,ocon,10,1:35.207
2023,5,2023_5,2,hulkenberg,11,1:35.313
2023,5,2023_5,2,albon,12,1:35.177
2023,5,2023_5,2,hamilton,13,1:34.915
2023,5,2023_5,2,piastri,14,1:35.574
2023,5,2023_5,2,tsunoda,15,1:35.313
2023,5,2023_5,2,zhou,16,1:35.597
2023,5,2023_5,2,stroll,17,1:35.750
2023,5,2023_5,2,norris,18,1:35.682
2023,5,2023_5,2,de_vries,19,1:35.729
2023,5,2023_5,2,sargeant,20,1:41.093
2023,5,2023_5,3,perez,1,1:33.516
2023,5,2023_5,3,alonso,2,1:33.258
2023,5,2023_5,3,sainz,3,1:33.482
2023,5,2023_5,3,gasly,4,1:33.530
2023,5,2023_5,3,russell,5,1:33.695
2023,5,2023_5,3,leclerc,6,1:34.906
2023,5,2023_5,3,kevin_magnussen,7,1:34.580
2023,5,2023_5,3,max_verstappen,8,1:34.127
2023,5,2023_5,3,bottas,9,1:33.933
2023,5,2023_5,3,ocon,10,1:33.948
2023,5,2023_5,3,hulkenberg,11,1:33.858
2023,5,2023_5,3,albon,12,1:34.158
2023,5,2023_5,3,hamilton,13,1:34.057
2023,5,2023_5,3,piastri,14,1:33.952
2023,5,2023_5,3,tsunoda,15,1:34.278
2023,5,2023_5,3,zhou,16,1:34.369
2023,5,2023_5,3,stroll,17,1:34.327
2023,5,2023_5,3,norris,18,1:33.869
2023,5,2023_5,3,de_vries,19,1:34.670
2023,5,2023_5,3,sargeant,20,2:15.625
2023,5,2023_5,4,perez,1,1:33.079
2023,5,2023_5,4,alonso,2,1:33.472
2023,5,2023_5,4,sainz,3,1:33.567
2023,5,2023_5,4,gasly,4,1:33.531
2023,5,2023_5,4,russell,5,1:33.640
2023,5,2023_5,4,max_verstappen,6,1:32.935
2023,5,2023_5,4,kevin_magnussen,7,1:34.079
2023,5,2023_5,4,leclerc,8,1:34.830
2023,5,2023_5,4,bottas,9,1:34.493
2023,5,2023_5,4,ocon,10,1:34.344
2023,5,2023_5,4,hulkenberg,11,1:34.463
2023,5,2023_5,4,albon,12,1:34.269
2023,5,2023_5,4,hamilton,13,1:34.115
2023,5,2023_5,4,piastri,14,1:33.959
2023,5,2023_5,4,tsunoda,15,1:33.804
2023,5,2023_5,4,zhou,16,1:33.834
2023,5,2023_5,4,stroll,17,1:33.947
2023,5,2023_5,4,de_vries,18,1:34.126
2023,5,2023_5,4,norris,19,1:38.826
2023,5,2023_5,4,sargeant,20,1:33.587
2023,5,2023_5,5,perez,1,1:33.258
2023,5,2023_5,5,alonso,2,1:33.756
2023,5,2023_5,5,sainz,3,1:33.249
2023,5,2023_5,5,gasly,4,1:33.372
2023,5,2023_5,5,russell,5,1:33.748
2023,5,2023_5,5,max_verstappen,6,1:32.875
2023,5,2023_5,5,kevin_magnussen,7,1:33.281
2023,5,2023_5,5,leclerc,8,1:33.426
2023,5,2023_5,5,ocon,9,1:33.355
2023,5,2023_5,5,bottas,10,1:34.177
2023,5,2023_5,5,hulkenberg,11,1:33.708
2023,5,2023_5,5,albon,12,1:33.842
2023,5,2023_5,5,hamilton,13,1:33.803
2023,5,2023_5,5,tsunoda,14,1:33.698
2023,5,2023_5,5,zhou,15,1:33.613
2023,5,2023_5,5,stroll,16,1:33.637
2023,5,2023_5,5,de_vries,17,1:34.314
2023,5,2023_5,5,piastri,18,1:38.967
2023,5,2023_5,5,norris,19,1:50.478
2023,5,2023_5,5,sargeant,20,1:33.933
2023,6,2023_6,1,max_verstappen,1,1:24.238
2023,6,2023_6,1,alonso,2,1:25.527
2023,6,2023_6,1,ocon,3,1:26.639
2023,6,2023_6,1,sainz,4,1:27.390
2023,6,2023_6,1,hamilton,5,1:28.585
2023,6,2023_6,1,leclerc,6,1:29.108
2023,6,2023_6,1,gasly,7,1:29.701
2023,6,2023_6,1,russell,8,1:30.387
2023,6,2023_6,1,tsunoda,9,1:31.317
2023,6,2023_6,1,norris,10,1:32.034
2023,6,2023_6,1,piastri,11,1:33.070
2023,6,2023_6,1,de_vries,12,1:33.449
2023,6,2023_6,1,albon,13,1:34.616
2023,6,2023_6,1,bottas,14,1:36.914
2023,6,2023_6,1,sargeant,15,1:37.689
2023,6,2023_6,1,kevin_magnussen,16,1:38.425
2023,6,2023_6,1,stroll,17,1:39.562
2023,6,2023_6,1,perez,18,1:58.190
2023,6,2023_6,1,zhou,19,1:58.785
2023,6,2023_6,1,hulkenberg,20,2:00.092
2023,6,2023_6,2,max_verstappen,1,1:19.367
2023,6,2023_6,2,alonso,2,1:19.646
2023,6,2023_6,2,ocon,3,1:20.301
2023,6,2023_6,2,sainz,4,1:20.593
2023,6,2023_6,2,hamilton,5,1:20.527
2023,6,2023_6,2,leclerc,6,1:20.549
2023,6,2023_6,2,gasly,7,1:20.636
2023,6,2023_6,2,russell,8,1:21.155
2023,6,2023_6,2,tsunoda,9,1:21.288
2023,6,2023_6,2,norris,10,1:21.610
2023,6,2023_6,2,piastri,11,1:21.804
2023,6,2023_6,2,de_vries,12,1:21.764
2023,6,2023_6,2,albon,13,1:20.977
2023,6,2023_6,2,bottas,14,1:20.021
2023,6,2023_6,2,sargeant,15,1:19.658
2023,6,2023_6,2,kevin_magnussen,16,1:20.175
2023,6,2023_6,2,stroll,17,1:19.989
2023,6,2023_6,2,perez,18,1:19.704
2023,6,2023_6,2,zhou,19,1:20.757
2023,6,2023_6,2,hulkenberg,20,1:20.434
2023,6,2023_6,3,max_verstappen,1,1:19.074
2023,6,2023_6,3,alonso,2,1:19.113
2023,6,2023_6,3,ocon,3,1:19.704
2023,6,2023_6,3,sainz,4,1:19.958
2023,6,2023_6,3,hamilton,5,1:20.105
2023,6,2023_6,3,leclerc,6,1:20.021
2023,6,2023_6,3,gasly,7,1:20.282
2023,6,2023_6,3,russell,8,1:20.291
2023,6,2023_6,3,tsunoda,9,1:20.281
2023,6,2023_6,3,norris,10,1:20.396
2023,6,2023_6,3,piastri,11,1:20.532
2023,6,2023_6,3,de_vries,12,1:20.580
2023,6,2023_6,3,albon,13,1:20.703
2023,6,2023_6,3,bottas,14,1:20.142
2023,6,2023_6,3,sargeant,15,1:20.219
2023,6,2023_6,3,kevin_magnussen,16,1:19.929
2023,6,2023_6,3,stroll,17,1:19.928
2023,6,2023_6,3,perez,18,1:16.387
2023,6,2023_6,3,zhou,19,1:17.003
2023,6,2023_6,3,hulkenberg,20,1:17.221
2023,6,2023_6,4,max_verstappen,1,1:18.129
2023,6,2023_6,4,alonso,2,1:18.776
2023,6,2023_6,4,ocon,3,1:19.314
2023,6,2023_6,4,sainz,4,1:19.482
2023,6,2023_6,4,hamilton,5,1:19.356
2023,6,2023_6,4,leclerc,6,1:19.468
2023,6,2023_6,4,gasly,7,1:19.577
2023,6,2023_6,4,russell,8,1:20.030
2023,6,2023_6,4,tsunoda,9,1:20.032
2023,6,2023_6,4,norris,10,1:20.209
2023,6,2023_6,4,piastri,11,1:20.408
2023,6,2023_6,4,de_vries,12,1:20.376
2023,6,2023_6,4,albon,13,1:20.276
2023,6,2023_6,4,bottas,14,1:20.341
2023,6,2023_6,4,sargeant,15,1:20.246
2023,6,2023_6,4,kevin_magnussen,16,1:20.407
2023,6,2023_6,4,stroll,17,1:19.998
2023,6,2023_6,4,perez,18,1:16.535
2023,6,2023_6,4,zhou,19,1:16.946
2023,6,2023_6,4,hulkenberg,20,1:17.148
2023,6,2023_6,5,max_verstappen,1,1:18.019
2023,6,2023_6,5,alonso,2,1:17.939
2023,6,2023_6,5,ocon,3,1:19.041
2023,6,2023_6,5,sainz,4,1:18.723
2023,6,2023_6,5,hamilton,5,1:18.736
2023,6,2023_6,5,leclerc,6,1:18.837
2023,6,2023_6,5,gasly,7,1:18.893
2023,6,2023_6,5,russell,8,1:18.840
2023,6,2023_6,5,tsunoda,9,1:19.296
2023,6,2023_6,5,norris,10,1:19.502
2023,6,2023_6,5,piastri,11,1:19.707
2023,6,2023_6,5,de_vries,12,1:19.790
2023,6,2023_6,5,albon,13,1:19.967
2023,6,2023_6,5,bottas,14,1:20.022
2023,6,2023_6,5,sargeant,15,1:20.214
2023,6,2023_6,5,kevin_magnussen,16,1:20.224
2023,6,2023_6,5,stroll,17,1:20.438
2023,6,2023_6,5,perez,18,1:16.269
2023,6,2023_6,5,zhou,19,1:16.926
2023,6,2023_6,5,hulkenberg,20,1:17.045
2023,7,2023_7,1,max_verstappen,1,1:23.935
2023,7,2023_7,1,sainz,2,1:25.014
2023,7,2023_7,1,stroll,3,1:25.739
2023,7,2023_7,1,hamilton,4,1:26.376
2023,7,2023_7,1,ocon,5,1:27.129
2023,7,2023_7,1,alonso,6,1:28.039
2023,7,2023_7,1,russell,7,1:28.534
2023,7,2023_7,1,hulkenberg,8,1:29.133
2023,7,2023_7,1,zhou,9,1:29.482
2023,7,2023_7,1,piastri,10,1:30.075
2023,7,2023_7,1,perez,11,1:30.355
2023,7,2023_7,1,tsunoda,12,1:30.844
2023,7,2023_7,1,kevin_magnussen,13,1:31.193
2023,7,2023_7,1,norris,14,1:31.428
2023,7,2023_7,1,gasly,15,1:31.543
2023,7,2023_7,1,de_vries,16,1:31.797
2023,7,2023_7,1,albon,17,1:32.275
2023,7,2023_7,1,bottas,18,1:32.660
2023,7,2023_7,1,sargeant,19,1:34.301
2023,7,2023_7,1,leclerc,20,1:35.790
2023,7,2023_7,2,max_verstappen,1,1:20.402
2023,7,2023_7,2,sainz,2,1:20.852
2023,7,2023_7,2,stroll,3,1:20.967
2023,7,2023_7,2,hamilton,4,1:21.678
2023,7,2023_7,2,ocon,5,1:22.000
2023,7,2023_7,2,alonso,6,1:21.792
2023,7,2023_7,2,russell,7,1:21.934
2023,7,2023_7,2,hulkenberg,8,1:21.912
2023,7,2023_7,2,zhou,9,1:21.832
2023,7,2023_7,2,perez,10,1:21.724
2023,7,2023_7,2,piastri,11,1:22.916
2023,7,2023_7,2,tsunoda,12,1:22.459
2023,7,2023_7,2,kevin_magnussen,13,1:22.725
2023,7,2023_7,2,gasly,14,1:22.874
2023,7,2023_7,2,de_vries,15,1:23.068
2023,7,2023_7,2,albon,16,1:23.056
2023,7,2023_7,2,bottas,17,1:23.122
2023,7,2023_7,2,sargeant,18,1:22.426
2023,7,2023_7,2,leclerc,19,1:22.029
2023,7,2023_7,2,norris,20,1:56.000
2023,7,2023_7,3,max_verstappen,1,1:20.499
2023,7,2023_7,3,sainz,2,1:20.571
2023,7,2023_7,3,stroll,3,1:20.868
2023,7,2023_7,3,hamilton,4,1:20.839
2023,7,2023_7,3,ocon,5,1:21.445
2023,7,2023_7,3,alonso,6,1:21.574
2023,7,2023_7,3,russell,7,1:21.637
2023,7,2023_7,3,hulkenberg,8,1:21.892
2023,7,2023_7,3,zhou,9,1:21.997
2023,7,2023_7,3,perez,10,1:21.953
2023,7,2023_7,3,tsunoda,11,1:21.587
2023,7,2023_7,3,piastri,12,1:22.404
2023,7,2023_7,3,kevin_magnussen,13,1:21.836
2023,7,2023_7,3,gasly,14,1:21.972
2023,7,2023_7,3,de_vries,15,1:22.007
2023,7,2023_7,3,albon,16,1:22.115
2023,7,2023_7,3,bottas,17,1:22.033
2023,7,2023_7,3,sargeant,18,1:22.124
2023,7,2023_7,3,leclerc,19,1:21.469
2023,7,2023_7,3,norris,20,1:20.072
2023,7,2023_7,4,max_verstappen,1,1:20.346
2023,7,2023_7,4,sainz,2,1:20.815
2023,7,2023_7,4,stroll,3,1:20.996
2023,7,2023_7,4,hamilton,4,1:20.962
2023,7,2023_7,4,ocon,5,1:20.939
2023,7,2023_7,4,alonso,6,1:20.717
2023,7,2023_7,4,russell,7,1:21.087
2023,7,2023_7,4,hulkenberg,8,1:21.363
2023,7,2023_7,4,zhou,9,1:21.232
2023,7,2023_7,4,perez,10,1:20.936
2023,7,2023_7,4,tsunoda,11,1:21.030
2023,7,2023_7,4,piastri,12,1:21.271
2023,7,2023_7,4,kevin_magnussen,13,1:22.097
2023,7,2023_7,4,gasly,14,1:21.884
2023,7,2023_7,4,de_vries,15,1:21.717
2023,7,2023_7,4,albon,16,1:21.840
2023,7,2023_7,4,bottas,17,1:22.240
2023,7,2023_7,4,leclerc,18,1:21.854
2023,7,2023_7,4,sargeant,19,1:23.489
2023,7,2023_7,4,norris,20,1:20.051
2023,7,2023_7,5,max_verstappen,1,1:20.283
2023,7,2023_7,5,sainz,2,1:20.935
2023,7,2023_7,5,stroll,3,1:20.854
2023,7,2023_7,5,hamilton,4,1:20.755
2023,7,2023_7,5,ocon,5,1:20.792
2023,7,2023_7,5,alonso,6,1:21.289
2023,7,2023_7,5,russell,7,1:20.975
2023,7,2023_7,5,zhou,8,1:20.397
2023,7,2023_7,5,hulkenberg,9,1:21.972
2023,7,2023_7,5,perez,10,1:21.824
2023,7,2023_7,5,tsunoda,11,1:21.647
2023,7,2023_7,5,piastri,12,1:21.546
2023,7,2023_7,5,kevin_magnussen,13,1:21.294
2023,7,2023_7,5,gasly,14,1:21.453
2023,7,2023_7,5,de_vries,15,1:21.600
2023,7,2023_7,5,albon,16,1:21.845
2023,7,2023_7,5,leclerc,17,1:21.631
2023,7,2023_7,5,sargeant,18,1:22.011
2023,7,2023_7,5,bottas,19,1:25.549
2023,7,2023_7,5,norris,20,1:20.241
2023,8,2023_8,1,max_verstappen,1,1:23.080
2023,8,2023_8,1,hamilton,2,1:23.978
2023,8,2023_8,1,alonso,3,1:24.892
2023,8,2023_8,1,russell,4,1:25.376
2023,8,2023_8,1,ocon,5,1:26.367
2023,8,2023_8,1,hulkenberg,6,1:27.105
2023,8,2023_8,1,piastri,7,1:27.463
2023,8,2023_8,1,norris,8,1:28.099
2023,8,2023_8,1,leclerc,9,1:28.596
2023,8,2023_8,1,albon,10,1:29.175
2023,8,2023_8,1,sainz,11,1:30.282
2023,8,2023_8,1,perez,12,1:30.734
2023,8,2023_8,1,gasly,13,1:31.271
2023,8,2023_8,1,stroll,14,1:31.721
2023,8,2023_8,1,kevin_magnussen,15,1:32.026
2023,8,2023_8,1,bottas,16,1:32.120
2023,8,2023_8,1,de_vries,17,1:32.516
2023,8,2023_8,1,sargeant,18,1:33.033
2023,8,2023_8,1,zhou,19,1:33.913
2023,8,2023_8,1,tsunoda,20,1:49.276
2023,8,2023_8,2,max_verstappen,1,1:18.075
2023,8,2023_8,2,hamilton,2,1:18.397
2023,8,2023_8,2,alonso,3,1:18.599
2023,8,2023_8,2,russell,4,1:18.882
2023,8,2023_8,2,ocon,5,1:19.331
2023,8,2023_8,2,hulkenberg,6,1:19.510
2023,8,2023_8,2,piastri,7,1:19.753
2023,8,2023_8,2,norris,8,1:19.916
2023,8,2023_8,2,leclerc,9,1:19.777
2023,8,2023_8,2,albon,10,1:19.630
2023,8,2023_8,2,sainz,11,1:18.944
2023,8,2023_8,2,perez,12,1:19.273
2023,8,2023_8,2,gasly,13,1:19.340
2023,8,2023_8,2,stroll,14,1:19.609
2023,8,2023_8,2,kevin_magnussen,15,1:20.354
2023,8,2023_8,2,bottas,16,1:20.588
2023,8,2023_8,2,de_vries,17,1:20.694
2023,8,2023_8,2,sargeant,18,1:20.814
2023,8,2023_8,2,zhou,19,1:20.515
2023,8,2023_8,2,tsunoda,20,1:22.407
2023,8,2023_8,3,max_verstappen,1,1:17.767
2023,8,2023_8,3,hamilton,2,1:17.732
2023,8,2023_8,3,alonso,3,1:17.438
2023,8,2023_8,3,russell,4,1:17.996
2023,8,2023_8,3,ocon,5,1:18.462
2023,8,2023_8,3,hulkenberg,6,1:18.703
2023,8,2023_8,3,piastri,7,1:18.489
2023,8,2023_8,3,norris,8,1:18.491
2023,8,2023_8,3,leclerc,9,1:18.528
2023,8,2023_8,3,albon,10,1:18.618
2023,8,2023_8,3,sainz,11,1:18.860
2023,8,2023_8,3,perez,12,1:18.510
2023,8,2023_8,3,gasly,13,1:18.700
2023,8,2023_8,3,stroll,14,1:18.385
2023,8,2023_8,3,kevin_magnussen,15,1:18.742
2023,8,2023_8,3,bottas,16,1:18.791
2023,8,2023_8,3,de_vries,17,1:18.857
2023,8,2023_8,3,sargeant,18,1:19.105
2023,8,2023_8,3,zhou,19,1:18.964
2023,8,2023_8,3,tsunoda,20,1:18.117
2023,8,2023_8,4,max_verstappen,1,1:17.203
2023,8,2023_8,4,hamilton,2,1:17.558
2023,8,2023_8,4,alonso,3,1:17.326
2023,8,2023_8,4,russell,4,1:17.594
2023,8,2023_8,4,ocon,5,1:18.494
2023,8,2023_8,4,hulkenberg,6,1:18.696
2023,8,2023_8,4,piastri,7,1:18.940
2023,8,2023_8,4,norris,8,1:18.782
2023,8,2023_8,4,leclerc,9,1:18.648
2023,8,2023_8,4,albon,10,1:18.780
2023,8,2023_8,4,sainz,11,1:18.579
2023,8,2023_8,4,perez,12,1:18.656
2023,8,2023_8,4,gasly,13,1:18.514
2023,8,2023_8,4,stroll,14,1:18.693
2023,8,2023_8,4,kevin_magnussen,15,1:18.198
2023,8,2023_8,4,bottas,16,1:18.629
2023,8,2023_8,4,de_vries,17,1:19.152
2023,8,2023_8,4,sargeant,18,1:18.437
2023,8,2023_8,4,zhou,19,1:18.749
2023,8,2023_8,4,tsunoda,20,1:18.038
2023,8,2023_8,5,max_verstappen,1,1:17.371
2023,8,2023_8,5,hamilton,2,1:17.686
2023,8,2023_8,5,alonso,3,1:17.594
2023,8,2023_8,5,russell,4,1:17.640
2023,8,2023_8,5,ocon,5,1:18.419
2023,8,2023_8,5,hulkenberg,6,1:18.471
2023,8,2023_8,5,piastri,7,1:18.182
2023,8,2023_8,5,norris,8,1:18.330
2023,8,2023_8,5,leclerc,9,1:18.708
2023,8,2023_8,5,albon,10,1:18.422
2023,8,2023_8,5,sainz,11,1:18.539
2023,8,2023_8,5,perez,12,1:18.450
2023,8,2023_8,5,gasly,13,1:18.963
2023,8,2023_8,5,stroll,14,1:18.829
2023,8,2023_8,5,kevin_magnussen,15,1:18.466
2023,8,2023_8,5,bottas,16,1:19.448
2023,8,2023_8,5,de_vries,17,1:19.341
2023,8,2023_8,5,sargeant,18,1:19.517
2023,8,2023_8,5,zhou,19,1:19.443
2023,8,2023_8,5,tsunoda,20,1:18.051
2023,9,2023_9,1,max_verstappen,1,1:17.639
2023,9,2023_9,1,leclerc,2,1:19.336
2023,9,2023_9,1,sainz,3,1:21.661
2023,9,2023_9,1,hamilton,4,1:24.134
2023,9,2023_9,1,norris,5,1:26.307
2023,9,2023_9,1,alonso,6,1:28.176
2023,9,2023_9,1,hulkenberg,7,1:29.694
2023,9,2023_9,1,kevin_magnussen,8,1:31.308
2023,9,2023_9,1,stroll,9,1:31.378
2023,9,2023_9,1,gasly,10,1:32.369
2023,9,2023_9,1,albon,11,1:33.050
2023,9,2023_9,1,russell,12,1:34.410
2023,9,2023_9,1,ocon,13,1:35.116
2023,9,2023_9,1,perez,14,1:37.175
2023,9,2023_9,1,zhou,15,1:38.364
2023,9,2023_9,1,piastri,16,1:39.826
2023,9,2023_9,1,sargeant,17,1:40.584
2023,9,2023_9,1,bottas,18,1:42.022
2023,9,2023_9,1,de_vries,19,1:43.684
2023,9,2023_9,1,tsunoda,20,1:46.390
2023,9,2023_9,2,max_verstappen,1,1:55.479
2023,9,2023_9,2,leclerc,2,1:55.468
2023,9,2023_9,2,sainz,3,1:54.713
2023,9,2023_9,2,hamilton,4,1:55.179
2023,9,2023_9,2,norris,5,1:54.938
2023,9,2023_9,2,alonso,6,1:55.765
2023,9,2023_9,2,hulkenberg,7,1:55.606
2023,9,2023_9,2,stroll,8,1:55.392
2023,9,2023_9,2,gasly,9,1:55.719
2023,9,2023_9,2,albon,10,1:56.502
2023,9,2023_9,2,russell,11,1:59.477
2023,9,2023_9,2,ocon,12,1:59.895
2023,9,2023_9,2,perez,13,1:59.546
2023,9,2023_9,2,zhou,14,1:59.743
2023,9,2023_9,2,piastri,15,1:59.278
2023,9,2023_9,2,sargeant,16,1:59.986
2023,9,2023_9,2,bottas,17,2:00.550
2023,9,2023_9,2,de_vries,18,2:00.121
2023,9,2023_9,2,kevin_magnussen,19,2:15.420
2023,9,2023_9,2,tsunoda,20,2:02.360
2023,9,2023_9,3,max_verstappen,1,2:04.721
2023,9,2023_9,3,leclerc,2,2:03.609
2023,9,2023_9,3,sainz,3,2:02.583
2023,9,2023_9,3,hamilton,4,2:00.135
2023,9,2023_9,3,norris,5,1:58.477
2023,9,2023_9,3,alonso,6,1:56.216
2023,9,2023_9,3,hulkenberg,7,1:55.282
2023,9,2023_9,3,stroll,8,1:54.143
2023,9,2023_9,3,gasly,9,1:53.084
2023,9,2023_9,3,albon,10,1:51.850
2023,9,2023_9,3,russell,11,1:48.025
2023,9,2023_9,3,ocon,12,1:47.299
2023,9,2023_9,3,perez,13,1:46.027
2023,9,2023_9,3,zhou,14,1:45.016
2023,9,2023_9,3,piastri,15,1:44.523
2023,9,2023_9,3,sargeant,16,1:43.374
2023,9,2023_9,3,bottas,17,1:41.708
2023,9,2023_9,3,de_vries,18,1:40.986
2023,9,2023_9,3,tsunoda,19,1:36.315
2023,9,2023_9,3,kevin_magnussen,20,1:38.407
2023,9,2023_9,4,max_verstappen,1,1:09.691
2023,9,2023_9,4,leclerc,2,1:10.392
2023,9,2023_9,4,sainz,3,1:10.439
2023,9,2023_9,4,hamilton,4,1:10.981
2023,9,2023_9,4,norris,5,1:11.429
2023,9,2023_9,4,alonso,6,1:11.892
2023,9,2023_9,4,hulkenberg,7,1:12.061
2023,9,2023_9,4,stroll,8,1:12.083
2023,9,2023_9,4,gasly,9,1:12.253
2023,9,2023_9,4,albon,10,1:12.291
2023,9,2023_9,4,russell,11,1:12.300
2023,9,2023_9,4,ocon,12,1:12.399
2023,9,2023_9,4,perez,13,1:12.376
2023,9,2023_9,4,zhou,14,1:12.413
2023,9,2023_9,4,piastri,15,1:12.376
2023,9,2023_9,4,sargeant,16,1:12.470
2023,9,2023_9,4,tsunoda,17,1:12.184
2023,9,2023_9,4,bottas,18,1:13.266
2023,9,2023_9,4,de_vries,19,1:13.236
2023,9,2023_9,4,kevin_magnussen,20,1:13.795
2023,9,2023_9,5,max_verstappen,1,1:10.026
2023,9,2023_9,5,leclerc,2,1:10.416
2023,9,2023_9,5,sainz,3,1:10.409
2023,9,2023_9,5,hamilton,4,1:10.706
2023,9,2023_9,5,norris,5,1:10.913
2023,9,2023_9,5,alonso,6,1:11.059
2023,9,2023_9,5,hulkenberg,7,1:11.616
2023,9,2023_9,5,stroll,8,1:11.685
2023,9,2023_9,5,gasly,9,1:11.836
2023,9,2023_9,5,albon,10,1:12.147
2023,9,2023_9,5,russell,11,1:12.099
2023,9,2023_9,5,perez,12,1:11.557
2023,9,2023_9,5,ocon,13,1:12.637
2023,9,2023_9,5,zhou,14,1:12.247
2023,9,2023_9,5,piastri,15,1:12.609
2023,9,2023_9,5,sargeant,16,1:12.730
2023,9,2023_9,5,tsunoda,17,1:12.518
2023,9,2023_9,5,bottas,18,1:12.673
2023,9,2023_9,5,de_vries,19,1:12.701
2023,9,2023_9,5,kevin_magnussen,20,1:12.397
2023,10,2023_10,1,norris,1,1:36.551
2023,10,2023_10,1,max_verstappen,2,1:37.167
2023,10,2023_10,1,piastri,3,1:37.773
2023,10,2023_10,1,leclerc,4,1:38.300
2023,10,2023_10,1,russell,5,1:38.651
2023,10,2023_10,1,sainz,6,1:39.284
2023,10,2023_10,1,alonso,7,1:40.026
2023,10,2023_10,1,hamilton,8,1:40.664
2023,10,2023_10,1,gasly,9,1:41.014
2023,10,2023_10,1,albon,10,1:41.364
2023,10,2023_10,1,stroll,11,1:42.049
2023,10,2023_10,1,ocon,12,1:42.516
2023,10,2023_10,1,tsunoda,13,1:43.165
2023,10,2023_10,1,hulkenberg,14,1:43.503
2023,10,2023_10,1,sargeant,15,1:43.792
2023,10,2023_10,1,perez,16,1:44.033
2023,10,2023_10,1,de_vries,17,1:44.444
2023,10,2023_10,1,bottas,18,1:44.975
2023,10,2023_10,1,zhou,19,1:45.239
2023,10,2023_10,1,kevin_magnussen,20,1:45.771
2023,10,2023_10,2,norris,1,1:33.046
2023,10,2023_10,2,max_verstappen,2,1:33.433
2023,10,2023_10,2,piastri,3,1:33.845
2023,10,2023_10,2,leclerc,4,1:33.994
2023,10,2023_10,2,russell,5,1:34.115
2023,10,2023_10,2,sainz,6,1:34.177
2023,10,2023_10,2,alonso,7,1:34.419
2023,10,2023_10,2,hamilton,8,1:34.361
2023,10,2023_10,2,gasly,9,1:34.706
2023,10,2023_10,2,albon,10,1:35.004
2023,10,2023_10,2,stroll,11,1:35.093
2023,10,2023_10,2,ocon,12,1:35.230
2023,10,2023_10,2,tsunoda,13,1:35.252
2023,10,2023_10,2,hulkenberg,14,1:35.277
2023,10,2023_10,2,perez,15,1:35.482
2023,10,2023_10,2,sargeant,16,1:36.266
2023,10,2023_10,2,de_vries,17,1:36.208
2023,10,2023_10,2,zhou,18,1:35.912
2023,10,2023_10,2,bottas,19,1:36.741
2023,10,2023_10,2,kevin_magnussen,20,1:36.337
2023,10,2023_10,3,norris,1,1:33.180
2023,10,2023_10,3,max_verstappen,2,1:32.730
2023,10,2023_10,3,piastri,3,1:32.499
2023,10,2023_10,3,leclerc,4,1:32.934
2023,10,2023_10,3,russell,5,1:33.096
2023,10,2023_10,3,sainz,6,1:33.456
2023,10,2023_10,3,alonso,7,1:33.424
2023,10,2023_10,3,hamilton,8,1:33.662
2023,10,2023_10,3,gasly,9,1:33.605
2023,10,2023_10,3,albon,10,1:33.809
2023,10,2023_10,3,stroll,11,1:34.021
2023,10,2023_10,3,ocon,12,1:34.113
2023,10,2023_10,3,tsunoda,13,1:34.229
2023,10,2023_10,3,hulkenberg,14,1:34.530
2023,10,2023_10,3,perez,15,1:34.380
2023,10,2023_10,3,sargeant,16,1:34.577
2023,10,2023_10,3,de_vries,17,1:34.746
2023,10,2023_10,3,zhou,18,1:34.679
2023,10,2023_10,3,bottas,19,1:34.865
2023,10,2023_10,3,kevin_magnussen,20,1:35.169
2023,10,2023_10,4,norris,1,1:32.772
2023,10,2023_10,4,max_verstappen,2,1:32.780
2023,10,2023_10,4,piastri,3,1:32.581
2023,10,2023_10,4,leclerc,4,1:32.961
2023,10,2023_10,4,russell,5,1:33.084
2023,10,2023_10,4,sainz,6,1:32.975
2023,10,2023_10,4,alonso,7,1:33.156
2023,10,2023_10,4,hamilton,8,1:33.086
2023,10,2023_10,4,gasly,9,1:33.349
2023,10,2023_10,4,albon,10,1:33.866
2023,10,2023_10,4,stroll,11,1:33.799
2023,10,2023_10,4,ocon,12,1:33.941
2023,10,2023_10,4,tsunoda,13,1:34.362
2023,10,2023_10,4,hulkenberg,14,1:34.354
2023,10,2023_10,4,perez,15,1:34.339
2023,10,2023_10,4,sargeant,16,1:34.332
2023,10,2023_10,4,de_vries,17,1:34.199
2023,10,2023_10,4,zhou,18,1:34.408
2023,10,2023_10,4,bottas,19,1:34.611
2023,10,2023_10,4,kevin_magnussen,20,1:34.731
2023,10,2023_10,5,max_verstappen,1,1:32.582
2023,10,2023_10,5,norris,2,1:33.914
2023,10,2023_10,5,piastri,3,1:33.461
2023,10,2023_10,5,leclerc,4,1:34.409
2023,10,2023_10,5,russell,5,1:34.211
2023,10,2023_10,5,sainz,6,1:33.666
2023,10,2023_10,5,alonso,7,1:34.157
2023,10,2023_10,5,hamilton,8,1:33.718
2023,10,2023_10,5,gasly,9,1:33.863
2023,10,2023_10,5,albon,10,1:33.860
2023,10,2023_10,5,stroll,11,1:33.856
2023,10,2023_10,5,ocon,12,1:33.946
2023,10,2023_10,5,tsunoda,13,1:34.457
2023,10,2023_10,5,perez,14,1:34.073
2023,10,2023_10,5,hulkenberg,15,1:35.588
2023,10,2023_10,5,sargeant,16,1:34.842
2023,10,2023_10,5,de_vries,17,1:34.761
2023,10,2023_10,5,zhou,18,1:34.736
2023,10,2023_10,5,bottas,19,1:34.804
2023,10,2023_10,5,kevin_magnussen,20,1:34.598
2023,11,2023_11,1,max_verstappen,1,1:27.912
2023,11,2023_11,1,piastri,2,1:28.684
2023,11,2023_11,1,norris,3,1:29.901
2023,11,2023_11,1,hamilton,4,1:30.539
2023,11,2023_11,1,leclerc,5,1:31.328
2023,11,2023_11,1,sainz,6,1:31.784
2023,11,2023_11,1,alonso,7,1:32.571
2023,11,2023_11,1,perez,8,1:33.068
2023,11,2023_11,1,hulkenberg,9,1:33.589
2023,11,2023_11,1,stroll,10,1:34.105
2023,11,2023_11,1,tsunoda,11,1:34.830
2023,11,2023_11,1,bottas,12,1:35.238
2023,11,2023_11,1,kevin_magnussen,13,1:35.783
2023,11,2023_11,1,russell,14,1:36.022
2023,11,2023_11,1,albon,15,1:36.553
2023,11,2023_11,1,zhou,16,1:36.733
2023,11,2023_11,1,sargeant,17,1:37.428
2023,11,2023_11,1,ricciardo,18,1:38.117
2023,11,2023_11,1,ocon,19,1:46.965
2023,11,2023_11,1,gasly,20,2:04.981
2023,11,2023_11,2,max_verstappen,1,1:25.157
2023,11,2023_11,2,piastri,2,1:25.617
2023,11,2023_11,2,norris,3,1:25.820
2023,11,2023_11,2,hamilton,4,1:26.052
2023,11,2023_11,2,leclerc,5,1:26.336
2023,11,2023_11,2,sainz,6,1:26.230
2023,11,2023_11,2,alonso,7,1:26.881
2023,11,2023_11,2,perez,8,1:26.770
2023,11,2023_11,2,hulkenberg,9,1:26.902
2023,11,2023_11,2,stroll,10,1:27.002
2023,11,2023_11,2,tsunoda,11,1:27.017
2023,11,2023_11,2,bottas,12,1:27.091
2023,11,2023_11,2,russell,13,1:26.772
2023,11,2023_11,2,kevin_magnussen,14,1:27.771
2023,11,2023_11,2,albon,15,1:27.530
2023,11,2023_11,2,zhou,16,1:27.932
2023,11,2023_11,2,sargeant,17,1:27.874
2023,11,2023_11,2,ricciardo,18,1:27.898
2023,11,2023_11,2,ocon,19,1:41.181
2023,11,2023_11,3,max_verstappen,1,1:25.070
2023,11,2023_11,3,piastri,2,1:25.115
2023,11,2023_11,3,norris,3,1:25.205
2023,11,2023_11,3,hamilton,4,1:25.427
2023,11,2023_11,3,leclerc,5,1:25.649
2023,11,2023_11,3,sainz,6,1:26.062
2023,11,2023_11,3,alonso,7,1:25.912
2023,11,2023_11,3,perez,8,1:26.270
2023,11,2023_11,3,hulkenberg,9,1:26.309
2023,11,2023_11,3,stroll,10,1:26.258
2023,11,2023_11,3,tsunoda,11,1:26.373
2023,11,2023_11,3,bottas,12,1:26.525
2023,11,2023_11,3,russell,13,1:26.837
2023,11,2023_11,3,kevin_magnussen,14,1:26.757
2023,11,2023_11,3,albon,15,1:26.796
2023,11,2023_11,3,zhou,16,1:26.774
2023,11,2023_11,3,sargeant,17,1:26.826
2023,11,2023_11,3,ricciardo,18,1:26.878
2023,11,2023_11,4,max_verstappen,1,1:24.542
2023,11,2023_11,4,piastri,2,1:24.885
2023,11,2023_11,4,norris,3,1:24.794
2023,11,2023_11,4,hamilton,4,1:24.559
2023,11,2023_11,4,leclerc,5,1:25.239
2023,11,2023_11,4,sainz,6,1:25.316
2023,11,2023_11,4,alonso,7,1:25.902
2023,11,2023_11,4,perez,8,1:25.702
2023,11,2023_11,4,hulkenberg,9,1:25.889
2023,11,2023_11,4,stroll,10,1:25.921
2023,11,2023_11,4,tsunoda,11,1:25.806
2023,11,2023_11,4,bottas,12,1:25.966
2023,11,2023_11,4,russell,13,1:25.938
2023,11,2023_11,4,kevin_magnussen,14,1:26.099
2023,11,2023_11,4,albon,15,1:26.238
2023,11,2023_11,4,zhou,16,1:26.413
2023,11,2023_11,4,sargeant,17,1:26.514
2023,11,2023_11,4,ricciardo,18,1:26.633
2023,11,2023_11,5,max_verstappen,1,1:24.843
2023,11,2023_11,5,piastri,2,1:24.927
2023,11,2023_11,5,norris,3,1:24.893
2023,11,2023_11,5,hamilton,4,1:25.312
2023,11,2023_11,5,leclerc,5,1:25.212
2023,11,2023_11,5,sainz,6,1:25.339
2023,11,2023_11,5,alonso,7,1:25.949
2023,11,2023_11,5,perez,8,1:25.832
2023,11,2023_11,5,hulkenberg,9,1:25.822
2023,11,2023_11,5,stroll,10,1:25.922
2023,11,2023_11,5,tsunoda,11,1:25.986
2023,11,2023_11,5,bottas,12,1:25.991
2023,11,2023_11,5,russell,13,1:26.101
2023,11,2023_11,5,kevin_magnussen,14,1:26.066
2023,11,2023_11,5,albon,15,1:26.354
2023,11,2023_11,5,zhou,16,1:26.337
2023,11,2023_11,5,sargeant,17,1:26.413
2023,11,2023_11,5,ricciardo,18,1:26.236
2023,11,2023_11,6,max_verstappen,1,1:24.596
2023,11,2023_11,6,piastri,2,1:24.841
2023,11,2023_11,6,norris,3,1:24.826
2023,11,2023_11,6,hamilton,4,1:25.167
2023,11,2023_11,6,leclerc,5,1:25.092
2023,11,2023_11,6,sainz,6,1:25.416
2023,11,2023_11,6,alonso,7,1:25.504
2023,12,2023_12,1,perez,1,1:53.295
2023,12,2023_12,1,leclerc,2,1:54.584
2023,12,2023_12,1,hamilton,3,1:55.210
2023,12,2023_12,1,max_verstappen,4,1:55.659
2023,12,2023_12,1,sainz,5,1:57.901
2023,12,2023_12,1,alonso,6,1:58.270
2023,12,2023_12,1,norris,7,1:58.832
2023,12,2023_12,1,tsunoda,8,1:59.555
2023,12,2023_12,1,stroll,9,2:00.096
2023,12,2023_12,1,albon,10,2:00.359
2023,12,2023_12,1,russell,11,2:00.809
2023,12,2023_12,1,bottas,12,2:01.163
2023,12,2023_12,1,ocon,13,2:01.887
2023,12,2023_12,1,zhou,14,2:01.921
2023,12,2023_12,1,sargeant,15,2:02.372
2023,12,2023_12,1,gasly,16,2:02.849
2023,12,2023_12,1,hulkenberg,17,2:03.270
2023,12,2023_12,1,kevin_magnussen,18,2:03.830
2023,12,2023_12,1,ricciardo,19,2:04.175
2023,12,2023_12,2,perez,1,1:52.166
2023,12,2023_12,2,leclerc,2,1:52.839
2023,12,2023_12,2,hamilton,3,1:53.020
2023,12,2023_12,2,max_verstappen,4,1:53.103
2023,12,2023_12,2,sainz,5,1:54.247
2023,12,2023_12,2,alonso,6,1:54.343
2023,12,2023_12,2,norris,7,1:54.921
2023,12,2023_12,2,tsunoda,8,1:54.710
2023,12,2023_12,2,albon,9,1:54.821
2023,12,2023_12,2,stroll,10,1:55.619
2023,12,2023_12,2,russell,11,1:55.207
2023,12,2023_12,2,bottas,12,1:55.608
2023,12,2023_12,2,ocon,13,1:55.421
2023,12,2023_12,2,zhou,14,1:55.929
2023,12,2023_12,2,sargeant,15,1:55.985
2023,12,2023_12,2,gasly,16,1:56.015
2023,12,2023_12,2,hulkenberg,17,1:55.743
2023,12,2023_12,2,kevin_magnussen,18,1:55.592
2023,12,2023_12,2,ricciardo,19,1:56.010
2023,12,2023_12,3,perez,1,1:52.153
2023,12,2023_12,3,leclerc,2,1:52.292
2023,12,2023_12,3,hamilton,3,1:52.454
2023,12,2023_12,3,max_verstappen,4,1:52.277
2023,12,2023_12,3,sainz,5,1:54.718
2023,12,2023_12,3,alonso,6,1:54.585
2023,12,2023_12,3,tsunoda,7,1:53.774
2023,12,2023_12,3,norris,8,1:54.717
2023,12,2023_12,3,albon,9,1:53.907
2023,12,2023_12,3,stroll,10,1:53.977
2023,12,2023_12,3,russell,11,1:54.150
2023,12,2023_12,3,ocon,12,1:53.760
2023,12,2023_12,3,bottas,13,1:54.834
2023,12,2023_12,3,sargeant,14,1:54.142
2023,12,2023_12,3,zhou,15,1:55.198
2023,12,2023_12,3,gasly,16,1:54.814
2023,12,2023_12,3,hulkenberg,17,1:55.176
2023,12,2023_12,3,kevin_magnussen,18,1:55.403
2023,12,2023_12,3,ricciardo,19,1:55.204
2023,12,2023_12,4,perez,1,1:52.336
2023,12,2023_12,4,leclerc,2,1:52.479
2023,12,2023_12,4,hamilton,3,1:52.506
2023,12,2023_12,4,max_verstappen,4,1:52.789
2023,12,2023_12,4,alonso,5,1:53.395
2023,12,2023_12,4,sainz,6,1:56.245
2023,12,2023_12,4,tsunoda,7,1:55.437
2023,12,2023_12,4,albon,8,1:55.004
2023,12,2023_12,4,stroll,9,1:55.058
2023,12,2023_12,4,norris,10,1:56.661
2023,12,2023_12,4,russell,11,1:55.162
2023,12,2023_12,4,ocon,12,1:54.967
2023,12,2023_12,4,sargeant,13,1:54.152
2023,12,2023_12,4,bottas,14,1:55.571
2023,12,2023_12,4,zhou,15,1:54.639
2023,12,2023_12,4,gasly,16,1:54.371
2023,12,2023_12,4,hulkenberg,17,1:54.581
2023,12,2023_12,4,kevin_magnussen,18,1:54.635
2023,12,2023_12,4,ricciardo,19,1:54.815
2023,12,2023_12,5,perez,1,1:52.572
2023,12,2023_12,5,leclerc,2,1:52.575
2023,12,2023_12,5,hamilton,3,1:52.717
2023,12,2023_12,5,max_verstappen,4,1:52.602
2023,12,2023_12,5,alonso,5,1:53.596
2023,12,2023_12,5,tsunoda,6,1:53.829
2023,12,2023_12,5,albon,7,1:55.653
2023,12,2023_12,5,sainz,8,1:56.974
2023,12,2023_12,5,stroll,9,1:55.795
2023,12,2023_12,5,russell,10,1:55.531
2023,12,2023_12,5,ocon,11,1:55.853
2023,12,2023_12,5,sargeant,12,1:55.729
2023,12,2023_12,5,bottas,13,1:55.599
2023,12,2023_12,5,gasly,14,1:55.415
2023,12,2023_12,5,zhou,15,1:56.110
2023,12,2023_12,5,hulkenberg,16,1:55.530
2023,12,2023_12,5,norris,17,2:00.430
2023,12,2023_12,5,kevin_magnussen,18,1:59.429
2023,12,2023_12,5,ricciardo,19,1:59.336
2023,12,2023_12,6,perez,1,1:52.466
2023,12,2023_12,6,leclerc,2,1:52.684
2023,12,2023_12,6,max_verstappen,3,1:52.130
2023,12,2023_12,6,hamilton,4,1:53.813
2023,12,2023_12,6,alonso,5,1:53.643
2023,13,2023_13,1,max_verstappen,1,1:31.585
2023,13,2023_13,1,norris,2,1:32.227
2023,13,2023_13,1,alonso,3,1:32.766
2023,13,2023_13,1,russell,4,1:33.241
2023,13,2023_13,1,albon,5,1:34.276
2023,13,2023_13,1,sainz,6,1:34.694
2023,13,2023_13,1,piastri,7,1:35.554
2023,13,2023_13,1,stroll,8,1:37.074
2023,13,2023_13,1,bottas,9,1:37.804
2023,13,2023_13,1,hulkenberg,10,1:38.096
2023,13,2023_13,1,hamilton,11,1:38.801
2023,13,2023_13,1,ocon,12,1:39.075
2023,13,2023_13,1,perez,13,1:39.743
2023,13,2023_13,1,sargeant,14,1:39.822
2023,13,2023_13,1,leclerc,15,1:42.801
2023,13,2023_13,1,gasly,16,1:43.893
2023,13,2023_13,1,zhou,17,1:45.469
2023,13,2023_13,1,tsunoda,18,1:46.869
2023,13,2023_13,1,lawson,19,1:50.452
2023,13,2023_13,1,kevin_magnussen,20,1:51.944
2023,13,2023_13,2,norris,1,1:47.848
2023,13,2023_13,2,russell,2,1:47.161
2023,13,2023_13,2,max_verstappen,3,1:49.972
2023,13,2023_13,2,albon,4,1:48.180
2023,13,2023_13,2,alonso,5,1:50.145
2023,13,2023_13,2,piastri,6,1:49.109
2023,13,2023_13,2,stroll,7,1:50.241
2023,13,2023_13,2,sainz,8,1:53.117
2023,13,2023_13,2,bottas,9,1:50.912
2023,13,2023_13,2,hulkenberg,10,1:51.204
2023,13,2023_13,2,perez,11,1:49.613
2023,13,2023_13,2,hamilton,12,1:54.350
2023,13,2023_13,2,sargeant,13,1:53.444
2023,13,2023_13,2,ocon,14,1:56.975
2023,13,2023_13,2,zhou,15,1:52.606
2023,13,2023_13,2,gasly,16,1:54.457
2023,13,2023_13,2,leclerc,17,1:58.969
2023,13,2023_13,2,tsunoda,18,1:58.845
2023,13,2023_13,2,kevin_magnussen,19,1:58.312
2023,13,2023_13,2,lawson,20,2:09.963
2023,13,2023_13,3,perez,1,1:27.522
2023,13,2023_13,3,russell,2,1:46.910
2023,13,2023_13,3,zhou,3,1:29.926
2023,13,2023_13,3,gasly,4,1:31.466
2023,13,2023_13,3,max_verstappen,5,1:48.658
2023,13,2023_13,3,leclerc,6,1:30.281
2023,13,2023_13,3,alonso,7,1:49.357
2023,13,2023_13,3,albon,8,1:50.236
2023,13,2023_13,3,piastri,9,1:49.476
2023,13,2023_13,3,norris,10,1:55.144
2023,13,2023_13,3,tsunoda,11,1:29.747
2023,13,2023_13,3,sainz,12,1:48.225
2023,13,2023_13,3,kevin_magnussen,13,1:28.198
2023,13,2023_13,3,stroll,14,1:52.030
2023,13,2023_13,3,bottas,15,1:52.324
2023,13,2023_13,3,hulkenberg,16,1:52.192
2023,13,2023_13,3,ocon,17,1:50.095
2023,13,2023_13,3,lawson,18,1:26.818
2023,13,2023_13,3,sargeant,19,1:56.188
2023,13,2023_13,3,hamilton,20,1:59.015
2023,13,2023_13,4,perez,1,1:24.342
2023,13,2023_13,4,zhou,2,1:25.286
2023,13,2023_13,4,gasly,3,1:25.008
2023,13,2023_13,4,max_verstappen,4,1:25.251
2023,13,2023_13,4,leclerc,5,1:25.852
2023,13,2023_13,4,alonso,6,1:26.225
2023,13,2023_13,4,sainz,7,1:25.734
2023,13,2023_13,4,tsunoda,8,1:29.073
2023,13,2023_13,4,kevin_magnussen,9,1:27.297
2023,13,2023_13,4,ocon,10,1:26.929
2023,13,2023_13,4,lawson,11,1:28.443
2023,13,2023_13,4,russell,12,1:49.781
2023,13,2023_13,4,albon,13,1:48.341
2023,13,2023_13,4,piastri,14,1:47.669
2023,13,2023_13,4,norris,15,1:47.537
2023,13,2023_13,4,bottas,16,1:48.246
2023,13,2023_13,4,hulkenberg,17,1:48.453
2023,13,2023_13,4,stroll,18,1:54.041
2023,13,2023_13,4,hamilton,19,1:43.298
2023,13,2023_13,4,sargeant,20,1:48.687
2023,13,2023_13,5,perez,1,1:24.100
2023,13,2023_13,5,zhou,2,1:23.977
2023,13,2023_13,5,gasly,3,1:23.834
2023,13,2023_13,5,max_verstappen,4,1:23.461
2023,13,2023_13,5,leclerc,5,1:24.975
2023,13,2023_13,5,alonso,6,1:24.932
2023,13,2023_13,5,sainz,7,1:23.956
2023,13,2023_13,5,tsunoda,8,1:24.820
2023,13,2023_13,5,kevin_magnussen,9,1:24.267
2023,13,2023_13,5,ocon,10,1:23.380
2023,13,2023_13,5,lawson,11,1:25.079
2023,13,2023_13,5,norris,12,1:23.686
2023,13,2023_13,5,hamilton,13,1:26.048
2023,13,2023_13,5,albon,14,1:41.277
2023,13,2023_13,5,piastri,15,1:40.899
2023,13,2023_13,5,russell,16,1:47.148
2023,13,2023_13,5,bottas,17,1:38.860
2023,13,2023_13,5,hulkenberg,18,1:39.606
2023,13,2023_13,5,stroll,19,1:43.905
2023,13,2023_13,5,sargeant,20,1:43.016
2023,14,2023_14,1,sainz,1,1:27.117
2023,14,2023_14,1,max_verstappen,2,1:27.905
2023,14,2023_14,1,leclerc,3,1:28.755
2023,14,2023_14,1,russell,4,1:29.339
2023,14,2023_14,1,perez,5,1:29.806
2023,14,2023_14,1,piastri,6,1:30.315
2023,14,2023_14,1,albon,7,1:30.785
2023,14,2023_14,1,norris,8,1:31.513
2023,14,2023_14,1,hamilton,9,1:32.011
2023,14,2023_14,1,hulkenberg,10,1:32.720
2023,14,2023_14,1,alonso,11,1:33.340
2023,14,2023_14,1,lawson,12,1:33.893
2023,14,2023_14,1,sargeant,13,1:34.407
2023,14,2023_14,1,bottas,14,1:34.811
2023,14,2023_14,1,zhou,15,1:35.194
2023,14,2023_14,1,ocon,16,1:35.655
2023,14,2023_14,1,gasly,17,1:35.974
2023,14,2023_14,1,kevin_magnussen,18,1:36.466
2023,14,2023_14,1,stroll,19,1:36.787
2023,14,2023_14,2,sainz,1,1:26.006
2023,14,2023_14,2,max_verstappen,2,1:26.163
2023,14,2023_14,2,leclerc,3,1:26.312
2023,14,2023_14,2,russell,4,1:26.686
2023,14,2023_14,2,perez,5,1:26.881
2023,14,2023_14,2,albon,6,1:27.067
2023,14,2023_14,2,piastri,7,1:28.053
2023,14,2023_14,2,norris,8,1:27.575
2023,14,2023_14,2,hamilton,9,1:27.837
2023,14,2023_14,2,hulkenberg,10,1:27.920
2023,14,2023_14,2,alonso,11,1:28.012
2023,14,2023_14,2,lawson,12,1:28.018
2023,14,2023_14,2,sargeant,13,1:28.080
2023,14,2023_14,2,bottas,14,1:28.032
2023,14,2023_14,2,zhou,15,1:28.167
2023,14,2023_14,2,ocon,16,1:28.667
2023,14,2023_14,2,gasly,17,1:28.696
2023,14,2023_14,2,kevin_magnussen,18,1:28.923
2023,14,2023_14,2,stroll,19,1:28.953
2023,14,2023_14,3,sainz,1,1:25.976
2023,14,2023_14,3,max_verstappen,2,1:25.702
2023,14,2023_14,3,leclerc,3,1:25.719
2023,14,2023_14,3,russell,4,1:26.176
2023,14,2023_14,3,perez,5,1:26.143
2023,14,2023_14,3,albon,6,1:26.578
2023,14,2023_14,3,piastri,7,1:26.982
2023,14,2023_14,3,norris,8,1:27.105
2023,14,2023_14,3,hamilton,9,1:27.289
2023,14,2023_14,3,hulkenberg,10,1:27.360
2023,14,2023_14,3,alonso,11,1:27.546
2023,14,2023_14,3,lawson,12,1:27.657
2023,14,2023_14,3,sargeant,13,1:27.647
2023,14,2023_14,3,bottas,14,1:27.950
2023,14,2023_14,3,zhou,15,1:27.871
2023,14,2023_14,3,ocon,16,1:27.822
2023,14,2023_14,3,gasly,17,1:27.916
2023,14,2023_14,3,kevin_magnussen,18,1:28.538
2023,14,2023_14,3,stroll,19,1:28.614
2023,14,2023_14,4,sainz,1,1:26.067
2023,14,2023_14,4,max_verstappen,2,1:26.050
2023,14,2023_14,4,leclerc,3,1:26.025
2023,14,2023_14,4,russell,4,1:26.178
2023,14,2023_14,4,perez,5,1:26.019
2023,14,2023_14,4,albon,6,1:26.684
2023,14,2023_14,4,piastri,7,1:27.004
2023,14,2023_14,4,norris,8,1:27.069
2023,14,2023_14,4,hamilton,9,1:27.233
2023,14,2023_14,4,hulkenberg,10,1:27.200
2023,14,2023_14,4,alonso,11,1:27.221
2023,14,2023_14,4,lawson,12,1:27.130
2023,14,2023_14,4,sargeant,13,1:27.389
2023,14,2023_14,4,bottas,14,1:27.119
2023,14,2023_14,4,zhou,15,1:27.615
2023,14,2023_14,4,ocon,16,1:27.582
2023,14,2023_14,4,gasly,17,1:27.472
2023,14,2023_14,4,stroll,18,1:27.725
2023,14,2023_14,4,kevin_magnussen,19,1:29.252
2023,14,2023_14,5,sainz,1,1:26.423
2023,14,2023_14,5,max_verstappen,2,1:26.176
2023,14,2023_14,5,leclerc,3,1:26.266
2023,14,2023_14,5,russell,4,1:26.249
2023,14,2023_14,5,perez,5,1:26.354
2023,14,2023_14,5,albon,6,1:26.868
2023,14,2023_14,5,piastri,7,1:26.909
2023,14,2023_14,5,norris,8,1:27.142
2023,14,2023_14,5,hamilton,9,1:27.015
2023,14,2023_14,5,hulkenberg,10,1:27.035
2023,14,2023_14,5,alonso,11,1:27.033
2023,14,2023_14,5,lawson,12,1:27.205
2023,14,2023_14,5,sargeant,13,1:27.170
2023,14,2023_14,5,bottas,14,1:27.575
2023,14,2023_14,5,zhou,15,1:27.535
2023,14,2023_14,5,ocon,16,1:27.385
2023,14,2023_14,5,gasly,17,1:27.694
2023,14,2023_14,5,stroll,18,1:27.574
2023,14,2023_14,5,kevin_magnussen,19,1:28.276
2023,14,2023_14,6,sainz,1,1:26.615
2023,14,2023_14,6,max_verstappen,2,1:26.837
2023,14,2023_14,6,leclerc,3,1:26.483
2023,14,2023_14,6,russell,4,1:26.515
2023,14,2023_14,6,perez,5,1:26.465
2023,15,2023_15,1,sainz,1,1:43.309
2023,15,2023_15,1,leclerc,2,1:44.544
2023,15,2023_15,1,hamilton,3,1:45.023
2023,15,2023_15,1,russell,4,1:45.772
2023,15,2023_15,1,norris,5,1:46.415
2023,15,2023_15,1,alonso,6,1:47.377
2023,15,2023_15,1,ocon,7,1:47.795
2023,15,2023_15,1,kevin_magnussen,8,1:48.345
2023,15,2023_15,1,hulkenberg,9,1:49.191
2023,15,2023_15,1,max_verstappen,10,1:49.827
2023,15,2023_15,1,gasly,11,1:50.115
2023,15,2023_15,1,lawson,12,1:50.934
2023,15,2023_15,1,perez,13,1:51.589
2023,15,2023_15,1,piastri,14,1:51.927
2023,15,2023_15,1,albon,15,1:53.077
2023,15,2023_15,1,sargeant,16,1:54.060
2023,15,2023_15,1,bottas,17,1:54.714
2023,15,2023_15,1,zhou,18,1:55.057
2023,15,2023_15,2,sainz,1,1:41.383
2023,15,2023_15,2,leclerc,2,1:41.338
2023,15,2023_15,2,russell,3,1:41.103
2023,15,2023_15,2,hamilton,4,1:42.587
2023,15,2023_15,2,norris,5,1:41.826
2023,15,2023_15,2,alonso,6,1:42.255
2023,15,2023_15,2,ocon,7,1:42.401
2023,15,2023_15,2,kevin_magnussen,8,1:42.668
2023,15,2023_15,2,max_verstappen,9,1:41.596
2023,15,2023_15,2,hulkenberg,10,1:42.849
2023,15,2023_15,2,gasly,11,1:42.353
2023,15,2023_15,2,lawson,12,1:42.139
2023,15,2023_15,2,perez,13,1:42.009
2023,15,2023_15,2,piastri,14,1:42.060
2023,15,2023_15,2,albon,15,1:41.902
2023,15,2023_15,2,sargeant,16,1:41.983
2023,15,2023_15,2,bottas,17,1:42.182
2023,15,2023_15,2,zhou,18,1:49.969
2023,15,2023_15,3,sainz,1,1:40.962
2023,15,2023_15,3,leclerc,2,1:40.752
2023,15,2023_15,3,russell,3,1:40.944
2023,15,2023_15,3,hamilton,4,1:41.088
2023,15,2023_15,3,norris,5,1:41.124
2023,15,2023_15,3,alonso,6,1:41.349
2023,15,2023_15,3,ocon,7,1:41.196
2023,15,2023_15,3,kevin_magnussen,8,1:41.539
2023,15,2023_15,3,max_verstappen,9,1:41.510
2023,15,2023_15,3,hulkenberg,10,1:41.400
2023,15,2023_15,3,gasly,11,1:41.442
2023,15,2023_15,3,lawson,12,1:41.514
2023,15,2023_15,3,perez,13,1:41.622
2023,15,2023_15,3,piastri,14,1:41.909
2023,15,2023_15,3,albon,15,1:41.783
2023,15,2023_15,3,sargeant,16,1:41.700
2023,15,2023_15,3,bottas,17,1:43.036
2023,15,2023_15,3,zhou,18,2:02.716
2023,15,2023_15,4,sainz,1,1:40.580
2023,15,2023_15,4,leclerc,2,1:40.661
2023,15,2023_15,4,russell,3,1:41.086
2023,15,2023_15,4,norris,4,1:41.678
2023,15,2023_15,4,hamilton,5,1:42.861
2023,15,2023_15,4,alonso,6,1:41.356
2023,15,2023_15,4,ocon,7,1:41.375
2023,15,2023_15,4,kevin_magnussen,8,1:41.004
2023,15,2023_15,4,max_verstappen,9,1:41.143
2023,15,2023_15,4,hulkenberg,10,1:41.256
2023,15,2023_15,4,gasly,11,1:41.334
2023,15,2023_15,4,lawson,12,1:41.359
2023,15,2023_15,4,perez,13,1:41.354
2023,15,2023_15,4,piastri,14,1:41.370
2023,15,2023_15,4,albon,15,1:41.473
2023,15,2023_15,4,sargeant,16,1:41.875
2023,15,2023_15,4,bottas,17,1:41.766
2023,15,2023_15,4,zhou,18,1:39.869
2023,15,2023_15,5,sainz,1,1:40.551
2023,15,2023_15,5,leclerc,2,1:40.328
2023,15,2023_15,5,russell,3,1:40.464
2023,15,2023_15,5,norris,4,1:40.285
2023,15,2023_15,5,hamilton,5,1:40.978
2023,15,2023_15,5,alonso,6,1:41.194
2023,15,2023_15,5,ocon,7,1:41.329
2023,15,2023_15,5,kevin_magnussen,8,1:41.469
2023,15,2023_15,5,max_verstappen,9,1:41.308
2023,15,2023_15,5,hulkenberg,10,1:41.350
2023,15,2023_15,5,gasly,11,1:41.292
2023,15,2023_15,5,lawson,12,1:41.351
2023,15,2023_15,5,perez,13,1:41.331
2023,15,2023_15,5,piastri,14,1:41.241
2023,15,2023_15,5,albon,15,1:41.361
2023,15,2023_15,5,sargeant,16,1:41.264
2023,15,2023_15,5,bottas,17,1:41.757
2023,15,2023_15,5,zhou,18,1:40.371
2023,15,2023_15,6,sainz,1,1:40.113
2023,15,2023_15,6,leclerc,2,1:40.165
2023,15,2023_15,6,russell,3,1:40.221
2023,15,2023_15,6,norris,4,1:39.992
2023,15,2023_15,6,hamilton,5,1:40.126
2023,15,2023_15,6,alonso,6,1:40.686
2023,15,2023_15,6,ocon,7,1:40.908
2023,15,2023_15,6,max_verstappen,8,1:41.313
2023,15,2023_15,6,kevin_magnussen,9,1:42.626
2023,15,2023_15,6,hulkenberg,10,1:41.949
2023,16,2023_16,1,max_verstappen,1,2:00.179
2023,16,2023_16,1,norris,2,2:03.324
2023,16,2023_16,1,piastri,3,2:04.940
2023,16,2023_16,1,leclerc,4,2:06.863
2023,16,2023_16,1,sainz,5,2:07.963
2023,16,2023_16,1,alonso,6,2:09.194
2023,16,2023_16,1,perez,7,2:10.824
2023,16,2023_16,1,hamilton,8,2:11.543
2023,16,2023_16,1,russell,9,2:14.167
2023,16,2023_16,1,lawson,10,2:16.700
2023,16,2023_16,1,tsunoda,11,2:18.243
2023,16,2023_16,1,stroll,12,2:19.493
2023,16,2023_16,1,hulkenberg,13,2:21.615
2023,16,2023_16,1,gasly,14,2:22.428
2023,16,2023_16,1,kevin_magnussen,15,2:23.466
2023,16,2023_16,1,sargeant,16,2:24.824
2023,16,2023_16,1,albon,17,2:25.855
2023,16,2023_16,1,zhou,18,2:30.466
2023,16,2023_16,1,ocon,19,2:41.813
2023,16,2023_16,1,bottas,20,2:54.634
2023,16,2023_16,2,max_verstappen,1,2:44.317
2023,16,2023_16,2,norris,2,2:43.423
2023,16,2023_16,2,piastri,3,2:43.301
2023,16,2023_16,2,leclerc,4,2:42.850
2023,16,2023_16,2,sainz,5,2:43.193
2023,16,2023_16,2,alonso,6,2:42.981
2023,16,2023_16,2,perez,7,2:41.609
2023,16,2023_16,2,hamilton,8,2:41.424
2023,16,2023_16,2,russell,9,2:40.658
2023,16,2023_16,2,lawson,10,2:40.450
2023,16,2023_16,2,tsunoda,11,2:41.764
2023,16,2023_16,2,stroll,12,2:41.776
2023,16,2023_16,2,hulkenberg,13,2:41.615
2023,16,2023_16,2,gasly,14,2:41.986
2023,16,2023_16,2,kevin_magnussen,15,2:41.863
2023,16,2023_16,2,ocon,16,2:24.519
2023,16,2023_16,2,sargeant,17,2:42.662
2023,16,2023_16,2,zhou,18,2:39.696
2023,16,2023_16,2,albon,19,2:46.932
2023,16,2023_16,2,bottas,20,2:47.576
2023,16,2023_16,3,max_verstappen,1,2:45.364
2023,16,2023_16,3,norris,2,2:45.029
2023,16,2023_16,3,piastri,3,2:45.532
2023,16,2023_16,3,leclerc,4,2:46.326
2023,16,2023_16,3,sainz,5,2:46.440
2023,16,2023_16,3,alonso,6,2:46.946
2023,16,2023_16,3,hamilton,7,2:48.338
2023,16,2023_16,3,russell,8,2:47.594
2023,16,2023_16,3,lawson,9,2:47.744
2023,16,2023_16,3,tsunoda,10,2:47.198
2023,16,2023_16,3,stroll,11,2:48.543
2023,16,2023_16,3,hulkenberg,12,2:48.300
2023,16,2023_16,3,gasly,13,2:48.462
2023,16,2023_16,3,kevin_magnussen,14,2:49.127
2023,16,2023_16,3,ocon,15,2:49.053
2023,16,2023_16,3,zhou,16,2:46.608
2023,16,2023_16,3,albon,17,2:45.092
2023,16,2023_16,3,perez,18,3:06.858
2023,16,2023_16,3,sargeant,19,2:52.882
2023,16,2023_16,3,bottas,20,2:20.615
2023,16,2023_16,4,max_verstappen,1,2:55.732
2023,16,2023_16,4,norris,2,2:54.571
2023,16,2023_16,4,piastri,3,2:53.187
2023,16,2023_16,4,leclerc,4,2:51.405
2023,16,2023_16,4,sainz,5,2:50.286
2023,16,2023_16,4,alonso,6,2:48.972
2023,16,2023_16,4,hamilton,7,2:47.596
2023,16,2023_16,4,russell,8,2:47.047
2023,16,2023_16,4,lawson,9,2:45.060
2023,16,2023_16,4,tsunoda,10,2:43.237
2023,16,2023_16,4,stroll,11,2:41.256
2023,16,2023_16,4,hulkenberg,12,2:39.836
2023,16,2023_16,4,gasly,13,2:39.244
2023,16,2023_16,4,kevin_magnussen,14,2:38.209
2023,16,2023_16,4,ocon,15,2:38.072
2023,16,2023_16,4,zhou,16,2:36.814
2023,16,2023_16,4,albon,17,2:36.307
2023,16,2023_16,4,perez,18,2:35.525
2023,16,2023_16,4,sargeant,19,2:35.090
2023,16,2023_16,4,bottas,20,2:32.824
2023,16,2023_16,5,max_verstappen,1,1:36.748
2023,16,2023_16,5,norris,2,1:37.660
2023,16,2023_16,5,piastri,3,1:38.676
2023,16,2023_16,5,leclerc,4,1:38.805
2023,16,2023_16,5,sainz,5,1:38.962
2023,16,2023_16,5,alonso,6,1:39.508
2023,16,2023_16,5,russell,7,1:39.465
2023,16,2023_16,5,hamilton,8,1:40.176
2023,16,2023_16,5,lawson,9,1:39.472
2023,16,2023_16,5,tsunoda,10,1:40.385
2023,16,2023_16,5,stroll,11,1:40.379
2023,16,2023_16,5,hulkenberg,12,1:40.552
2023,16,2023_16,5,gasly,13,1:40.270
2023,16,2023_16,5,kevin_magnussen,14,1:40.348
2023,16,2023_16,5,ocon,15,1:40.016
2023,16,2023_16,5,zhou,16,1:40.207
2023,16,2023_16,5,perez,17,1:39.985
2023,16,2023_16,5,albon,18,1:41.436
2023,16,2023_16,5,sargeant,19,1:44.961
2023,16,2023_16,5,bottas,20,2:02.755
2023,17,2023_17,1,max_verstappen,1,1:48.811
2023,17,2023_17,1,piastri,2,1:51.659
2023,17,2023_17,1,alonso,3,1:53.076
2023,17,2023_17,1,leclerc,4,1:55.203
2023,17,2023_17,1,ocon,5,1:56.609
2023,17,2023_17,1,norris,6,1:58.297
2023,17,2023_17,1,gasly,7,1:59.728
2023,17,2023_17,1,tsunoda,8,2:00.627
2023,17,2023_17,1,bottas,9,2:01.644
2023,17,2023_17,1,hulkenberg,10,2:02.980
2023,17,2023_17,1,albon,11,2:04.413
2023,17,2023_17,1,sargeant,12,2:05.189
2023,17,2023_17,1,stroll,13,2:07.271
2023,17,2023_17,1,kevin_magnussen,14,2:08.724
2023,17,2023_17,1,lawson,15,2:10.307
2023,17,2023_17,1,zhou,16,2:11.955
2023,17,2023_17,1,perez,17,2:14.418
2023,17,2023_17,1,russell,18,2:16.894
2023,17,2023_17,2,max_verstappen,1,2:25.603
2023,17,2023_17,2,piastri,2,2:23.629
2023,17,2023_17,2,alonso,3,2:23.156
2023,17,2023_17,2,leclerc,4,2:22.066
2023,17,2023_17,2,ocon,5,2:21.537
2023,17,2023_17,2,norris,6,2:21.989
2023,17,2023_17,2,gasly,7,2:22.670
2023,17,2023_17,2,tsunoda,8,2:23.214
2023,17,2023_17,2,bottas,9,2:23.530
2023,17,2023_17,2,hulkenberg,10,2:24.208
2023,17,2023_17,2,albon,11,2:24.139
2023,17,2023_17,2,sargeant,12,2:24.779
2023,17,2023_17,2,stroll,13,2:24.388
2023,17,2023_17,2,kevin_magnussen,14,2:24.703
2023,17,2023_17,2,lawson,15,2:24.568
2023,17,2023_17,2,zhou,16,2:23.964
2023,17,2023_17,2,perez,17,2:22.978
2023,17,2023_17,2,russell,18,2:24.817
2023,17,2023_17,3,max_verstappen,1,2:25.963
2023,17,2023_17,3,piastri,2,2:25.896
2023,17,2023_17,3,alonso,3,2:26.267
2023,17,2023_17,3,leclerc,4,2:27.138
2023,17,2023_17,3,ocon,5,2:27.307
2023,17,2023_17,3,norris,6,2:26.755
2023,17,2023_17,3,gasly,7,2:26.279
2023,17,2023_17,3,tsunoda,8,2:26.588
2023,17,2023_17,3,hulkenberg,9,2:24.087
2023,17,2023_17,3,albon,10,2:23.550
2023,17,2023_17,3,sargeant,11,2:23.162
2023,17,2023_17,3,bottas,12,2:28.157
2023,17,2023_17,3,zhou,13,2:19.696
2023,17,2023_17,3,perez,14,2:19.667
2023,17,2023_17,3,kevin_magnussen,15,2:23.995
2023,17,2023_17,3,stroll,16,2:26.047
2023,17,2023_17,3,lawson,17,2:23.644
2023,17,2023_17,3,russell,18,2:17.163
2023,17,2023_17,4,max_verstappen,1,2:33.159
2023,17,2023_17,4,piastri,2,2:33.406
2023,17,2023_17,4,alonso,3,2:32.593
2023,17,2023_17,4,leclerc,4,2:31.175
2023,17,2023_17,4,ocon,5,2:30.509
2023,17,2023_17,4,norris,6,2:29.326
2023,17,2023_17,4,gasly,7,2:28.160
2023,17,2023_17,4,tsunoda,8,2:26.536
2023,17,2023_17,4,hulkenberg,9,2:26.222
2023,17,2023_17,4,albon,10,2:25.619
2023,17,2023_17,4,sargeant,11,2:25.067
2023,17,2023_17,4,zhou,12,2:23.012
2023,17,2023_17,4,perez,13,2:22.202
2023,17,2023_17,4,russell,14,2:20.576
2023,17,2023_17,4,bottas,15,2:26.382
2023,17,2023_17,4,kevin_magnussen,16,2:22.907
2023,17,2023_17,4,stroll,17,2:22.823
2023,17,2023_17,4,lawson,18,2:22.693
2023,17,2023_17,5,max_verstappen,1,1:30.273
2023,17,2023_17,5,piastri,2,1:30.471
2023,17,2023_17,5,alonso,3,1:30.881
2023,17,2023_17,5,leclerc,4,1:31.447
2023,17,2023_17,5,ocon,5,1:31.865
2023,17,2023_17,5,norris,6,1:32.229
2023,17,2023_17,5,gasly,7,1:32.599
2023,17,2023_17,5,tsunoda,8,1:33.077
2023,17,2023_17,5,hulkenberg,9,1:32.794
2023,17,2023_17,5,albon,10,1:33.057
2023,17,2023_17,5,sargeant,11,1:33.163
2023,17,2023_17,5,zhou,12,1:33.411
2023,17,2023_17,5,perez,13,1:33.391
2023,17,2023_17,5,russell,14,1:33.658
2023,17,2023_17,5,bottas,15,1:34.030
2023,17,2023_17,5,kevin_magnussen,16,1:33.919
2023,17,2023_17,5,stroll,17,1:34.323
2023,17,2023_17,5,lawson,18,1:34.626
2023,17,2023_17,6,max_verstappen,1,1:29.409
2023,17,2023_17,6,piastri,2,1:29.328
2023,17,2023_17,6,alonso,3,1:29.585
2023,17,2023_17,6,leclerc,4,1:29.949
2023,17,2023_17,6,ocon,5,1:30.547
2023,17,2023_17,6,norris,6,1:31.099
2023,17,2023_17,6,gasly,7,1:30.928
2023,17,2023_17,6,hulkenberg,8,1:31.008
2023,17,2023_17,6,tsunoda,9,1:32.306
2023,17,2023_17,6,albon,10,1:32.710
2023,18,2023_18,1,norris,1,1:41.712
2023,18,2023_18,1,leclerc,2,1:43.482
2023,18,2023_18,1,sainz,3,1:44.398
2023,18,2023_18,1,hamilton,4,1:44.701
2023,18,2023_18,1,max_verstappen,5,1:45.537
2023,18,2023_18,1,piastri,6,1:46.169
2023,18,2023_18,1,ocon,7,1:47.310
2023,18,2023_18,1,russell,8,1:47.629
2023,18,2023_18,1,perez,9,1:48.071
2023,18,2023_18,1,gasly,10,1:48.429
2023,18,2023_18,1,zhou,11,1:48.931
2023,18,2023_18,1,tsunoda,12,1:49.255
2023,18,2023_18,1,ricciardo,13,1:49.807
2023,18,2023_18,1,albon,14,1:50.368
2023,18,2023_18,1,bottas,15,1:50.847
2023,18,2023_18,1,kevin_magnussen,16,1:51.572
2023,18,2023_18,1,sargeant,17,1:51.967
2023,18,2023_18,1,alonso,18,1:52.441
2023,18,2023_18,1,hulkenberg,19,1:53.245
2023,18,2023_18,1,stroll,20,1:54.949
2023,18,2023_18,2,norris,1,1:41.982
2023,18,2023_18,2,leclerc,2,1:42.619
2023,18,2023_18,2,sainz,3,1:42.659
2023,18,2023_18,2,hamilton,4,1:42.916
2023,18,2023_18,2,max_verstappen,5,1:43.009
2023,18,2023_18,2,piastri,6,1:43.799
2023,18,2023_18,2,ocon,7,1:44.789
2023,18,2023_18,2,russell,8,1:44.818
2023,18,2023_18,2,perez,9,1:44.884
2023,18,2023_18,2,gasly,10,1:44.960
2023,18,2023_18,2,tsunoda,11,1:44.820
2023,18,2023_18,2,zhou,12,1:45.658
2023,18,2023_18,2,ricciardo,13,1:45.228
2023,18,2023_18,2,albon,14,1:45.576
2023,18,2023_18,2,bottas,15,1:45.494
2023,18,2023_18,2,kevin_magnussen,16,1:45.395
2023,18,2023_18,2,sargeant,17,1:45.391
2023,18,2023_18,2,alonso,18,1:45.424
2023,18,2023_18,2,hulkenberg,19,1:45.269
2023,18,2023_18,2,stroll,20,1:44.567
2023,18,2023_18,3,norris,1,1:42.280
2023,18,2023_18,3,leclerc,2,1:42.319
2023,18,2023_18,3,sainz,3,1:42.583
2023,18,2023_18,3,hamilton,4,1:42.475
2023,18,2023_18,3,max_verstappen,5,1:42.700
2023,18,2023_18,3,piastri,6,1:42.929
2023,18,2023_18,3,russell,7,1:43.473
2023,18,2023_18,3,perez,8,1:43.862
2023,18,2023_18,3,ocon,9,1:46.421
2023,18,2023_18,3,gasly,10,1:45.491
2023,18,2023_18,3,tsunoda,11,1:45.158
2023,18,2023_18,3,zhou,12,1:45.043
2023,18,2023_18,3,ricciardo,13,1:45.061
2023,18,2023_18,3,albon,14,1:44.644
2023,18,2023_18,3,bottas,15,1:44.704
2023,18,2023_18,3,kevin_magnussen,16,1:44.642
2023,18,2023_18,3,sargeant,17,1:44.757
2023,18,2023_18,3,alonso,18,1:44.736
2023,18,2023_18,3,hulkenberg,19,1:44.800
2023,18,2023_18,3,stroll,20,1:44.207
2023,18,2023_18,4,norris,1,1:42.331
2023,18,2023_18,4,leclerc,2,1:42.538
2023,18,2023_18,4,hamilton,3,1:42.110
2023,18,2023_18,4,sainz,4,1:43.432
2023,18,2023_18,4,max_verstappen,5,1:42.623
2023,18,2023_18,4,piastri,6,1:42.820
2023,18,2023_18,4,russell,7,1:41.994
2023,18,2023_18,4,perez,8,1:42.175
2023,18,2023_18,4,gasly,9,1:42.408
2023,18,2023_18,4,tsunoda,10,1:43.281
2023,18,2023_18,4,zhou,11,1:44.264
2023,18,2023_18,4,ricciardo,12,1:44.687
2023,18,2023_18,4,albon,13,1:44.873
2023,18,2023_18,4,bottas,14,1:45.328
2023,18,2023_18,4,kevin_magnussen,15,1:45.433
2023,18,2023_18,4,sargeant,16,1:45.423
2023,18,2023_18,4,alonso,17,1:45.467
2023,18,2023_18,4,ocon,18,1:50.009
2023,18,2023_18,4,hulkenberg,19,1:45.723
2023,18,2023_18,4,stroll,20,1:45.660
2023,18,2023_18,5,norris,1,1:42.244
2023,18,2023_18,5,leclerc,2,1:42.805
2023,18,2023_18,5,hamilton,3,1:42.210
2023,18,2023_18,5,max_verstappen,4,1:42.151
2023,18,2023_18,5,sainz,5,1:43.744
2023,18,2023_18,5,piastri,6,1:42.705
2023,18,2023_18,5,russell,7,1:42.394
2023,18,2023_18,5,perez,8,1:42.527
2023,18,2023_18,5,gasly,9,1:42.636
2023,18,2023_18,5,tsunoda,10,1:43.084
2023,18,2023_18,5,zhou,11,1:43.624
2023,18,2023_18,5,ricciardo,12,1:43.556
2023,18,2023_18,5,albon,13,1:43.803
2023,18,2023_18,5,bottas,14,1:43.389
2023,18,2023_18,5,kevin_magnussen,15,1:43.618
2023,18,2023_18,5,sargeant,16,1:43.736
2023,18,2023_18,5,alonso,17,1:43.792
2023,18,2023_18,5,hulkenberg,18,1:44.648
2023,18,2023_18,5,stroll,19,1:44.919
2023,18,2023_18,5,ocon,20,1:48.938
2023,19,2023_19,1,max_verstappen,1,1:25.653
2023,19,2023_19,1,leclerc,2,1:27.230
2023,19,2023_19,1,sainz,3,1:27.958
2023,19,2023_19,1,ricciardo,4,1:28.847
2023,19,2023_19,1,hamilton,5,1:29.425
2023,19,2023_19,1,piastri,6,1:30.740
2023,19,2023_19,1,russell,7,1:31.098
2023,19,2023_19,1,hulkenberg,8,1:31.561
2023,19,2023_19,1,gasly,9,1:31.942
2023,19,2023_19,1,zhou,10,1:32.482
2023,19,2023_19,1,albon,11,1:33.136
2023,19,2023_19,1,bottas,12,1:33.640
2023,19,2023_19,1,kevin_magnussen,13,1:34.366
2023,19,2023_19,1,alonso,14,1:34.720
2023,19,2023_19,1,tsunoda,15,1:35.096
2023,19,2023_19,1,norris,16,1:35.404
2023,19,2023_19,1,sargeant,17,1:35.924
2023,19,2023_19,1,ocon,18,1:36.270
2023,19,2023_19,1,stroll,19,1:36.812
2023,19,2023_19,1,perez,20,1:43.446
2023,19,2023_19,2,max_verstappen,1,1:23.859
2023,19,2023_19,2,leclerc,2,1:23.980
2023,19,2023_19,2,sainz,3,1:24.300
2023,19,2023_19,2,ricciardo,4,1:24.178
2023,19,2023_19,2,hamilton,5,1:24.314
2023,19,2023_19,2,piastri,6,1:24.416
2023,19,2023_19,2,russell,7,1:24.500
2023,19,2023_19,2,hulkenberg,8,1:25.057
2023,19,2023_19,2,gasly,9,1:25.443
2023,19,2023_19,2,zhou,10,1:25.512
2023,19,2023_19,2,albon,11,1:25.552
2023,19,2023_19,2,bottas,12,1:25.666
2023,19,2023_19,2,kevin_magnussen,13,1:25.699
2023,19,2023_19,2,tsunoda,14,1:25.411
2023,19,2023_19,2,alonso,15,1:26.688
2023,19,2023_19,2,norris,16,1:26.297
2023,19,2023_19,2,sargeant,17,1:26.470
2023,19,2023_19,2,ocon,18,1:26.563
2023,19,2023_19,2,stroll,19,1:26.402
2023,19,2023_19,3,max_verstappen,1,1:23.573
2023,19,2023_19,3,leclerc,2,1:23.957
2023,19,2023_19,3,sainz,3,1:24.153
2023,19,2023_19,3,ricciardo,4,1:24.166
2023,19,2023_19,3,hamilton,5,1:24.162
2023,19,2023_19,3,piastri,6,1:24.096
2023,19,2023_19,3,russell,7,1:24.270
2023,19,2023_19,3,hulkenberg,8,1:24.735
2023,19,2023_19,3,gasly,9,1:24.804
2023,19,2023_19,3,zhou,10,1:24.860
2023,19,2023_19,3,albon,11,1:24.801
2023,19,2023_19,3,bottas,12,1:25.036
2023,19,2023_19,3,kevin_magnussen,13,1:25.057
2023,19,2023_19,3,tsunoda,14,1:25.060
2023,19,2023_19,3,norris,15,1:24.635
2023,19,2023_19,3,alonso,16,1:25.829
2023,19,2023_19,3,sargeant,17,1:25.693
2023,19,2023_19,3,stroll,18,1:26.305
2023,19,2023_19,3,ocon,19,1:27.456
2023,19,2023_19,4,max_verstappen,1,1:23.708
2023,19,2023_19,4,leclerc,2,1:23.815
2023,19,2023_19,4,sainz,3,1:23.916
2023,19,2023_19,4,ricciardo,4,1:23.916
2023,19,2023_19,4,hamilton,5,1:23.887
2023,19,2023_19,4,piastri,6,1:23.649
2023,19,2023_19,4,russell,7,1:24.136
2023,19,2023_19,4,hulkenberg,8,1:24.337
2023,19,2023_19,4,gasly,9,1:24.249
2023,19,2023_19,4,zhou,10,1:24.161
2023,19,2023_19,4,albon,11,1:24.370
2023,19,2023_19,4,bottas,12,1:24.543
2023,19,2023_19,4,kevin_magnussen,13,1:24.395
2023,19,2023_19,4,tsunoda,14,1:24.905
2023,19,2023_19,4,norris,15,1:24.467
2023,19,2023_19,4,alonso,16,1:29.120
2023,19,2023_19,4,sargeant,17,1:29.415
2023,19,2023_19,4,stroll,18,1:30.303
2023,19,2023_19,4,ocon,19,1:30.735
2023,19,2023_19,5,max_verstappen,1,1:44.819
2023,19,2023_19,5,leclerc,2,1:44.739
2023,19,2023_19,5,sainz,3,1:44.772
2023,19,2023_19,5,ricciardo,4,1:44.973
2023,19,2023_19,5,hamilton,5,1:45.164
2023,19,2023_19,5,piastri,6,1:45.259
2023,19,2023_19,5,russell,7,1:45.102
2023,19,2023_19,5,hulkenberg,8,1:45.744
2023,19,2023_19,5,gasly,9,1:45.637
2023,19,2023_19,5,zhou,10,1:45.974
2023,19,2023_19,5,albon,11,1:45.821
2023,19,2023_19,5,bottas,12,1:46.058
2023,19,2023_19,5,kevin_magnussen,13,1:46.238
2023,19,2023_19,5,tsunoda,14,1:45.875
2023,19,2023_19,5,norris,15,1:46.139
2023,19,2023_19,5,alonso,16,1:41.773
2023,19,2023_19,5,sargeant,17,1:41.215
2023,19,2023_19,5,stroll,18,1:39.882
2023,19,2023_19,5,ocon,19,1:39.890
2023,19,2023_19,6,max_verstappen,1,1:23.339
2023,19,2023_19,6,leclerc,2,1:23.383
2023,19,2023_19,6,sainz,3,1:23.478
2023,19,2023_19,6,ricciardo,4,1:23.426
2023,20,2023_20,1,max_verstappen,1,1:59.857
2023,20,2023_20,1,norris,2,2:01.881
2023,20,2023_20,1,hamilton,3,2:04.866
2023,20,2023_20,1,alonso,4,2:07.301
2023,20,2023_20,1,stroll,5,2:08.727
2023,20,2023_20,1,russell,6,2:11.238
2023,20,2023_20,1,perez,7,2:13.140
2023,20,2023_20,1,sainz,8,2:14.431
2023,20,2023_20,1,ocon,9,2:15.909
2023,20,2023_20,1,piastri,10,2:17.108
2023,20,2023_20,1,tsunoda,11,2:19.969
2023,20,2023_20,1,gasly,12,2:21.630
2023,20,2023_20,1,bottas,13,2:22.202
2023,20,2023_20,1,zhou,14,2:26.873
2023,20,2023_20,1,sargeant,15,2:27.935
2023,20,2023_20,1,ricciardo,16,2:29.416
2023,20,2023_20,1,hulkenberg,17,2:31.032
2023,20,2023_20,2,max_verstappen,1,2:23.356
2023,20,2023_20,2,norris,2,2:22.520
2023,20,2023_20,2,hamilton,3,2:21.894
2023,20,2023_20,2,alonso,4,2:21.143
2023,20,2023_20,2,stroll,5,2:22.163
2023,20,2023_20,2,russell,6,2:23.590
2023,20,2023_20,2,perez,7,2:24.049
2023,20,2023_20,2,sainz,8,2:24.671
2023,20,2023_20,2,ocon,9,2:24.717
2023,20,2023_20,2,tsunoda,10,2:24.126
2023,20,2023_20,2,gasly,11,2:24.561
2023,20,2023_20,2,bottas,12,2:26.231
2023,20,2023_20,2,zhou,13,2:24.885
2023,20,2023_20,2,sargeant,14,2:25.350
2023,20,2023_20,2,hulkenberg,15,2:26.238
2023,20,2023_20,2,piastri,16,28:04.821
2023,20,2023_20,2,ricciardo,17,27:59.112
2023,20,2023_20,3,max_verstappen,1,25:25.170
2023,20,2023_20,3,norris,2,25:26.443
2023,20,2023_20,3,hamilton,3,25:30.867
2023,20,2023_20,3,alonso,4,25:31.026
2023,20,2023_20,3,stroll,5,25:30.484
2023,20,2023_20,3,russell,6,25:32.979
2023,20,2023_20,3,perez,7,25:31.246
2023,20,2023_20,3,sainz,8,25:33.403
2023,20,2023_20,3,ocon,9,26:02.851
2023,20,2023_20,3,tsunoda,10,25:59.944
2023,20,2023_20,3,gasly,11,25:57.997
2023,20,2023_20,3,bottas,12,25:56.130
2023,20,2023_20,3,zhou,13,25:53.188
2023,20,2023_20,3,sargeant,14,25:51.944
2023,20,2023_20,3,hulkenberg,15,25:48.052
2023,20,2023_20,3,piastri,16,1:49.154
2023,20,2023_20,3,ricciardo,17,1:43.821
2023,20,2023_20,4,max_verstappen,1,2:12.670
2023,20,2023_20,4,norris,2,2:10.857
2023,20,2023_20,4,alonso,3,2:03.054
2023,20,2023_20,4,hamilton,4,2:05.489
2023,20,2023_20,4,russell,5,1:55.704
2023,20,2023_20,4,perez,6,1:55.677
2023,20,2023_20,4,stroll,7,2:03.170
2023,20,2023_20,4,sainz,8,1:52.248
2023,20,2023_20,4,gasly,9,1:20.965
2023,20,2023_20,4,ocon,10,1:22.275
2023,20,2023_20,4,tsunoda,11,1:21.840
2023,20,2023_20,4,hulkenberg,12,1:20.643
2023,20,2023_20,4,bottas,13,1:21.758
2023,20,2023_20,4,zhou,14,1:21.539
2023,20,2023_20,4,sargeant,15,1:21.801
2023,20,2023_20,4,piastri,16,1:17.084
2023,20,2023_20,4,ricciardo,17,1:16.780
2023,20,2023_20,5,max_verstappen,1,1:15.745
2023,20,2023_20,5,norris,2,1:16.231
2023,20,2023_20,5,alonso,3,1:16.483
2023,20,2023_20,5,hamilton,4,1:16.838
2023,20,2023_20,5,russell,5,1:16.921
2023,20,2023_20,5,perez,6,1:17.043
2023,20,2023_20,5,stroll,7,1:16.959
2023,20,2023_20,5,sainz,8,1:17.240
2023,20,2023_20,5,gasly,9,1:17.261
2023,20,2023_20,5,ocon,10,1:17.111
2023,20,2023_20,5,tsunoda,11,1:17.524
2023,20,2023_20,5,hulkenberg,12,1:18.040
2023,20,2023_20,5,bottas,13,1:17.774
2023,20,2023_20,5,zhou,14,1:18.239
2023,20,2023_20,5,sargeant,15,1:18.262
2023,20,2023_20,5,piastri,16,1:16.932
2023,20,2023_20,5,ricciardo,17,1:16.723
2023,20,2023_20,6,max_verstappen,1,1:15.547
2023,20,2023_20,6,norris,2,1:14.940
2023,20,2023_20,6,alonso,3,1:15.925
2023,20,2023_20,6,hamilton,4,1:16.481
2023,20,2023_20,6,russell,5,1:16.431
2023,20,2023_20,6,perez,6,1:16.294
2023,20,2023_20,6,stroll,7,1:16.443
2023,20,2023_20,6,sainz,8,1:16.543
2023,20,2023_20,6,gasly,9,1:16.677
2023,20,2023_20,6,ocon,10,1:16.927
2023,20,2023_20,6,tsunoda,11,1:16.953
2023,20,2023_20,6,hulkenberg,12,1:17.201
2023,20,2023_20,6,bottas,13,1:17.239
2023,20,2023_20,6,zhou,14,1:17.289
2023,20,2023_20,6,sargeant,15,1:17.247
2023,21,2023_21,1,max_verstappen,1,1:45.670
2023,21,2023_21,1,leclerc,2,1:47.347
2023,21,2023_21,1,russell,3,1:48.990
2023,21,2023_21,1,gasly,4,1:50.543
2023,21,2023_21,1,albon,5,1:52.364
2023,21,2023_21,1,sargeant,6,1:55.541
2023,21,2023_21,1,kevin_magnussen,7,1:56.721
2023,21,2023_21,1,ocon,8,1:58.932
2023,21,2023_21,1,stroll,9,1:59.754
2023,21,2023_21,1,hulkenberg,10,2:02.459
2023,21,2023_21,1,perez,11,2:04.700
2023,21,2023_21,1,tsunoda,12,2:05.227
2023,21,2023_21,1,piastri,13,2:06.811
2023,21,2023_21,1,norris,14,2:10.362
2023,21,2023_21,1,hamilton,15,2:14.661
2023,21,2023_21,1,ricciardo,16,2:16.633
2023,21,2023_21,1,zhou,17,2:18.054
2023,21,2023_21,1,sainz,18,2:20.523
2023,21,2023_21,1,alonso,19,2:24.948
2023,21,2023_21,1,bottas,20,2:28.494
2023,21,2023_21,2,max_verstappen,1,2:13.011
2023,21,2023_21,2,leclerc,2,2:12.973
2023,21,2023_21,2,russell,3,2:12.282
2023,21,2023_21,2,gasly,4,2:11.689
2023,21,2023_21,2,albon,5,2:10.827
2023,21,2023_21,2,sargeant,6,2:08.217
2023,21,2023_21,2,kevin_magnussen,7,2:08.237
2023,21,2023_21,2,ocon,8,2:06.961
2023,21,2023_21,2,stroll,9,2:07.021
2023,21,2023_21,2,hulkenberg,10,2:04.852
2023,21,2023_21,2,tsunoda,11,2:02.828
2023,21,2023_21,2,piastri,12,2:01.844
2023,21,2023_21,2,norris,13,1:59.327
2023,21,2023_21,2,hamilton,14,1:56.372
2023,21,2023_21,2,ricciardo,15,1:56.345
2023,21,2023_21,2,zhou,16,1:56.106
2023,21,2023_21,2,sainz,17,1:53.950
2023,21,2023_21,2,perez,18,2:25.089
2023,21,2023_21,2,alonso,19,2:16.058
2023,21,2023_21,2,bottas,20,2:27.981
2023,21,2023_21,3,max_verstappen,1,1:49.988
2023,21,2023_21,3,leclerc,2,1:49.263
2023,21,2023_21,3,russell,3,1:49.742
2023,21,2023_21,3,gasly,4,1:50.381
2023,21,2023_21,3,albon,5,1:50.764
2023,21,2023_21,3,sargeant,6,1:52.771
2023,21,2023_21,3,ocon,7,1:52.693
2023,21,2023_21,3,kevin_magnussen,8,1:55.236
2023,21,2023_21,3,hulkenberg,9,1:55.664
2023,21,2023_21,3,stroll,10,1:57.862
2023,21,2023_21,3,tsunoda,11,1:58.278
2023,21,2023_21,3,piastri,12,1:58.487
2023,21,2023_21,3,hamilton,13,1:57.474
2023,21,2023_21,3,ricciardo,14,1:58.551
2023,21,2023_21,3,zhou,15,1:59.075
2023,21,2023_21,3,sainz,16,2:03.387
2023,21,2023_21,3,perez,17,1:59.273
2023,21,2023_21,3,alonso,18,2:00.953
2023,21,2023_21,3,bottas,19,2:08.339
2023,21,2023_21,4,max_verstappen,1,3:05.831
2023,21,2023_21,4,leclerc,2,3:06.061
2023,21,2023_21,4,russell,3,3:05.324
2023,21,2023_21,4,gasly,4,3:04.755
2023,21,2023_21,4,albon,5,3:04.680
2023,21,2023_21,4,sargeant,6,3:03.454
2023,21,2023_21,4,ocon,7,3:02.727
2023,21,2023_21,4,kevin_magnussen,8,3:02.660
2023,21,2023_21,4,hulkenberg,9,3:00.727
2023,21,2023_21,4,tsunoda,10,2:58.606
2023,21,2023_21,4,piastri,11,2:59.293
2023,21,2023_21,4,hamilton,12,2:58.961
2023,21,2023_21,4,ricciardo,13,2:57.177
2023,21,2023_21,4,zhou,14,2:57.289
2023,21,2023_21,4,stroll,15,3:07.579
2023,21,2023_21,4,perez,16,2:45.405
2023,21,2023_21,4,sainz,17,2:58.000
2023,21,2023_21,4,alonso,18,2:35.867
2023,21,2023_21,4,bottas,19,2:17.003
2023,21,2023_21,5,max_verstappen,1,2:47.558
2023,21,2023_21,5,leclerc,2,2:47.522
2023,21,2023_21,5,russell,3,2:47.906
2023,21,2023_21,5,gasly,4,2:48.466
2023,21,2023_21,5,albon,5,2:48.292
2023,21,2023_21,5,sargeant,6,2:47.955
2023,21,2023_21,5,ocon,7,2:47.840
2023,21,2023_21,5,kevin_magnussen,8,2:48.283
2023,21,2023_21,5,hulkenberg,9,2:48.289
2023,21,2023_21,5,tsunoda,10,2:48.309
2023,21,2023_21,5,piastri,11,2:47.885
2023,21,2023_21,5,hamilton,12,2:49.684
2023,21,2023_21,5,ricciardo,13,2:49.963
2023,21,2023_21,5,zhou,14,2:50.387
2023,21,2023_21,5,stroll,15,2:50.466
2023,21,2023_21,5,perez,16,2:50.935
2023,21,2023_21,5,sainz,17,2:50.374
2023,21,2023_21,5,alonso,18,2:50.264
2023,21,2023_21,5,bottas,19,2:48.735
2023,21,2023_21,6,max_verstappen,1,2:41.514
2023,21,2023_21,6,leclerc,2,2:41.519
2023,21,2023_21,6,russell,3,2:40.954
2023,22,2023_22,1,max_verstappen,1,1:32.190
2023,22,2023_22,1,leclerc,2,1:33.119
2023,22,2023_22,1,piastri,3,1:33.882
2023,22,2023_22,1,norris,4,1:34.309
2023,22,2023_22,1,russell,5,1:34.776
2023,22,2023_22,1,tsunoda,6,1:35.435
2023,22,2023_22,1,alonso,7,1:36.044
2023,22,2023_22,1,gasly,8,1:36.636
2023,22,2023_22,1,hamilton,9,1:37.227
2023,22,2023_22,1,perez,10,1:37.745
2023,22,2023_22,1,ocon,11,1:38.197
2023,22,2023_22,1,stroll,12,1:38.721
2023,22,2023_22,1,hulkenberg,13,1:39.291
2023,22,2023_22,1,sainz,14,1:39.674
2023,22,2023_22,1,ricciardo,15,1:39.948
2023,22,2023_22,1,bottas,16,1:40.300
2023,22,2023_22,1,albon,17,1:40.625
2023,22,2023_22,1,zhou,18,1:40.960
2023,22,2023_22,1,kevin_magnussen,19,1:41.597
2023,22,2023_22,1,sargeant,20,1:42.022
2023,22,2023_22,2,max_verstappen,1,1:30.710
2023,22,2023_22,2,leclerc,2,1:31.117
2023,22,2023_22,2,piastri,3,1:31.075
2023,22,2023_22,2,norris,4,1:31.430
2023,22,2023_22,2,russell,5,1:31.598
2023,22,2023_22,2,tsunoda,6,1:31.674
2023,22,2023_22,2,alonso,7,1:31.755
2023,22,2023_22,2,gasly,8,1:31.774
2023,22,2023_22,2,hamilton,9,1:31.727
2023,22,2023_22,2,perez,10,1:31.672
2023,22,2023_22,2,ocon,11,1:31.810
2023,22,2023_22,2,stroll,12,1:31.963
2023,22,2023_22,2,sainz,13,1:31.980
2023,22,2023_22,2,hulkenberg,14,1:32.921
2023,22,2023_22,2,ricciardo,15,1:32.742
2023,22,2023_22,2,bottas,16,1:32.770
2023,22,2023_22,2,zhou,17,1:32.533
2023,22,2023_22,2,albon,18,1:33.560
2023,22,2023_22,2,kevin_magnussen,19,1:33.067
2023,22,2023_22,2,sargeant,20,1:33.582
2023,22,2023_22,3,max_verstappen,1,1:30.408
2023,22,2023_22,3,leclerc,2,1:30.500
2023,22,2023_22,3,piastri,3,1:30.631
2023,22,2023_22,3,norris,4,1:30.714
2023,22,2023_22,3,russell,5,1:30.598
2023,22,2023_22,3,tsunoda,6,1:30.674
2023,22,2023_22,3,alonso,7,1:30.823
2023,22,2023_22,3,gasly,8,1:30.824
2023,22,2023_22,3,perez,9,1:30.469
2023,22,2023_22,3,hamilton,10,1:31.526
2023,22,2023_22,3,ocon,11,1:31.033
2023,22,2023_22,3,stroll,12,1:30.927
2023,22,2023_22,3,sainz,13,1:31.308
2023,22,2023_22,3,hulkenberg,14,1:31.351
2023,22,2023_22,3,ricciardo,15,1:31.519
2023,22,2023_22,3,bottas,16,1:31.698
2023,22,2023_22,3,zhou,17,1:31.817
2023,22,2023_22,3,albon,18,1:31.768
2023,22,2023_22,3,kevin_magnussen,19,1:31.711
2023,22,2023_22,3,sargeant,20,1:31.400
2023,22,2023_22,4,max_verstappen,1,1:30.716
2023,22,2023_22,4,leclerc,2,1:30.884
2023,22,2023_22,4,norris,3,1:30.188
2023,22,2023_22,4,piastri,4,1:31.816
2023,22,2023_22,4,russell,5,1:30.797
2023,22,2023_22,4,tsunoda,6,1:30.757
2023,22,2023_22,4,alonso,7,1:30.660
2023,22,2023_22,4,gasly,8,1:30.758
2023,22,2023_22,4,perez,9,1:30.759
2023,22,2023_22,4,hamilton,10,1:30.844
2023,22,2023_22,4,ocon,11,1:30.988
2023,22,2023_22,4,stroll,12,1:31.017
2023,22,2023_22,4,sainz,13,1:31.099
2023,22,2023_22,4,hulkenberg,14,1:31.374
2023,22,2023_22,4,ricciardo,15,1:31.284
2023,22,2023_22,4,bottas,16,1:31.281
2023,22,2023_22,4,zhou,17,1:31.303
2023,22,2023_22,4,albon,18,1:31.591
2023,22,2023_22,4,kevin_magnussen,19,1:31.593
2023,22,2023_22,4,sargeant,20,1:31.487
2023,22,2023_22,5,max_verstappen,1,1:30.552
2023,22,2023_22,5,leclerc,2,1:30.459
2023,22,2023_22,5,norris,3,1:30.456
2023,22,2023_22,5,piastri,4,1:30.419
2023,22,2023_22,5,russell,5,1:30.689
2023,22,2023_22,5,tsunoda,6,1:30.685
2023,22,2023_22,5,alonso,7,1:30.773
2023,22,2023_22,5,gasly,8,1:30.764
2023,22,2023_22,5,perez,9,1:30.797
2023,22,2023_22,5,hamilton,10,1:30.844
2023,22,2023_22,5,ocon,11,1:30.994
2023,22,2023_22,5,stroll,12,1:31.094
2023,22,2023_22,5,sainz,13,1:31.158
2023,22,2023_22,5,hulkenberg,14,1:31.227
2023,22,2023_22,5,ricciardo,15,1:31.326
2023,22,2023_22,5,bottas,16,1:31.445
2023,22,2023_22,5,zhou,17,1:31.440
2023,22,2023_22,5,albon,18,1:31.422
2023,22,2023_22,5,sargeant,19,1:32.275
2023,22,2023_22,5,kevin_magnussen,20,1:33.881
2024,1,2024_1,1,max_verstappen,1,1:37.284
2024,1,2024_1,1,leclerc,2,1:38.271
2024,1,2024_1,1,russell,3,1:39.228
2024,1,2024_1,1,perez,4,1:40.053
2024,1,2024_1,1,sainz,5,1:40.620
2024,1,2024_1,1,alonso,6,1:41.679
2024,1,2024_1,1,norris,7,1:42.168
2024,1,2024_1,1,piastri,8,1:42.523
2024,1,2024_1,1,hamilton,9,1:43.122
2024,1,2024_1,1,tsunoda,10,1:43.485
2024,1,2024_1,1,albon,11,1:43.888
2024,1,2024_1,1,kevin_magnussen,12,1:44.349
2024,1,2024_1,1,zhou,13,1:44.801
2024,1,2024_1,1,ricciardo,14,1:45.668
2024,1,2024_1,1,sargeant,15,1:45.921
2024,1,2024_1,1,ocon,16,1:46.657
2024,1,2024_1,1,gasly,17,1:47.240
2024,1,2024_1,1,bottas,18,1:48.536
2024,1,2024_1,1,stroll,19,1:50.214
2024,1,2024_1,1,hulkenberg,20,1:53.555
2024,1,2024_1,2,max_verstappen,1,1:36.296
2024,1,2024_1,2,leclerc,2,1:36.862
2024,1,2024_1,2,russell,3,1:36.635
2024,1,2024_1,2,perez,4,1:36.541
2024,1,2024_1,2,sainz,5,1:37.236
2024,1,2024_1,2,alonso,6,1:38.020
2024,1,2024_1,2,norris,7,1:38.010
2024,1,2024_1,2,piastri,8,1:38.382
2024,1,2024_1,2,hamilton,9,1:38.273
2024,1,2024_1,2,tsunoda,10,1:38.689
2024,1,2024_1,2,albon,11,1:38.826
2024,1,2024_1,2,kevin_magnussen,12,1:38.911
2024,1,2024_1,2,zhou,13,1:38.920
2024,1,2024_1,2,sargeant,14,1:38.481
2024,1,2024_1,2,ricciardo,15,1:39.509
2024,1,2024_1,2,ocon,16,1:39.094
2024,1,2024_1,2,gasly,17,1:39.059
2024,1,2024_1,2,bottas,18,1:38.259
2024,1,2024_1,2,stroll,19,1:37.987
2024,1,2024_1,2,hulkenberg,20,2:10.911
2024,1,2024_1,3,max_verstappen,1,1:36.753
2024,1,2024_1,3,russell,2,1:36.406
2024,1,2024_1,3,leclerc,3,1:38.062
2024,1,2024_1,3,perez,4,1:37.297
2024,1,2024_1,3,sainz,5,1:37.080
2024,1,2024_1,3,norris,6,1:37.787
2024,1,2024_1,3,alonso,7,1:39.046
2024,1,2024_1,3,piastri,8,1:38.258
2024,1,2024_1,3,hamilton,9,1:38.303
2024,1,2024_1,3,tsunoda,10,1:38.431
2024,1,2024_1,3,albon,11,1:38.507
2024,1,2024_1,3,kevin_magnussen,12,1:38.399
2024,1,2024_1,3,zhou,13,1:38.582
2024,1,2024_1,3,sargeant,14,1:38.707
2024,1,2024_1,3,ricciardo,15,1:38.760
2024,1,2024_1,3,ocon,16,1:38.771
2024,1,2024_1,3,gasly,17,1:38.744
2024,1,2024_1,3,bottas,18,1:38.837
2024,1,2024_1,3,stroll,19,1:38.279
2024,1,2024_1,3,hulkenberg,20,1:37.317
2024,1,2024_1,4,max_verstappen,1,1:36.647
2024,1,2024_1,4,russell,2,1:37.738
2024,1,2024_1,4,leclerc,3,1:37.752
2024,1,2024_1,4,perez,4,1:37.722
2024,1,2024_1,4,sainz,5,1:37.264
2024,1,2024_1,4,norris,6,1:37.450
2024,1,2024_1,4,alonso,7,1:37.776
2024,1,2024_1,4,piastri,8,1:37.897
2024,1,2024_1,4,hamilton,9,1:38.287
2024,1,2024_1,4,tsunoda,10,1:38.310
2024,1,2024_1,4,albon,11,1:38.422
2024,1,2024_1,4,kevin_magnussen,12,1:38.497
2024,1,2024_1,4,zhou,13,1:38.428
2024,1,2024_1,4,sargeant,14,1:38.390
2024,1,2024_1,4,ricciardo,15,1:38.610
2024,1,2024_1,4,ocon,16,1:38.625
2024,1,2024_1,4,gasly,17,1:38.503
2024,1,2024_1,4,bottas,18,1:38.643
2024,1,2024_1,4,stroll,19,1:38.364
2024,1,2024_1,4,hulkenberg,20,1:37.349
2024,1,2024_1,5,max_verstappen,1,1:37.173
2024,1,2024_1,5,russell,2,1:38.116
2024,1,2024_1,5,leclerc,3,1:38.131
2024,1,2024_1,5,perez,4,1:38.044
2024,1,2024_1,5,sainz,5,1:38.032
2024,1,2024_1,5,norris,6,1:37.794
2024,1,2024_1,5,piastri,7,1:37.859
2024,1,2024_1,5,alonso,8,1:39.292
2024,1,2024_1,5,hamilton,9,1:38.350
2024,1,2024_1,5,tsunoda,10,1:38.321
2024,1,2024_1,5,albon,11,1:38.509
2024,1,2024_1,5,kevin_magnussen,12,1:38.576
2024,1,2024_1,5,zhou,13,1:38.798
2024,1,2024_1,5,sargeant,14,1:38.757
2024,1,2024_1,5,ricciardo,15,1:38.704
2024,1,2024_1,5,ocon,16,1:38.640
2024,1,2024_1,5,gasly,17,1:38.664
2024,1,2024_1,5,stroll,18,1:38.725
2024,1,2024_1,5,bottas,19,1:40.087
2024,1,2024_1,5,hulkenberg,20,1:37.663
2024,2,2024_2,1,max_verstappen,1,1:35.505
2024,2,2024_2,1,leclerc,2,1:36.681
2024,2,2024_2,1,perez,3,1:37.222
2024,2,2024_2,1,alonso,4,1:38.507
2024,2,2024_2,1,piastri,5,1:38.705
2024,2,2024_2,1,norris,6,1:39.926
2024,2,2024_2,1,russell,7,1:40.459
2024,2,2024_2,1,hamilton,8,1:40.900
2024,2,2024_2,1,stroll,9,1:42.429
2024,2,2024_2,1,tsunoda,10,1:42.531
2024,2,2024_2,1,bearman,11,1:42.621
2024,2,2024_2,1,kevin_magnussen,12,1:43.159
2024,2,2024_2,1,albon,13,1:43.626
2024,2,2024_2,1,hulkenberg,14,1:43.748
2024,2,2024_2,1,ricciardo,15,1:44.329
2024,2,2024_2,1,ocon,16,1:44.388
2024,2,2024_2,1,bottas,17,1:44.857
2024,2,2024_2,1,sargeant,18,1:45.460
2024,2,2024_2,1,zhou,19,1:45.821
2024,2,2024_2,1,gasly,20,2:01.453
2024,2,2024_2,2,max_verstappen,1,1:34.205
2024,2,2024_2,2,leclerc,2,1:34.179
2024,2,2024_2,2,perez,3,1:34.515
2024,2,2024_2,2,piastri,4,1:35.082
2024,2,2024_2,2,alonso,5,1:35.724
2024,2,2024_2,2,norris,6,1:35.246
2024,2,2024_2,2,russell,7,1:35.146
2024,2,2024_2,2,hamilton,8,1:35.541
2024,2,2024_2,2,stroll,9,1:36.094
2024,2,2024_2,2,tsunoda,10,1:36.873
2024,2,2024_2,2,bearman,11,1:37.415
2024,2,2024_2,2,kevin_magnussen,12,1:37.522
2024,2,2024_2,2,albon,13,1:37.553
2024,2,2024_2,2,hulkenberg,14,1:37.836
2024,2,2024_2,2,ricciardo,15,1:38.035
2024,2,2024_2,2,ocon,16,1:38.482
2024,2,2024_2,2,bottas,17,1:38.474
2024,2,2024_2,2,sargeant,18,1:38.418
2024,2,2024_2,2,zhou,19,1:38.539
2024,2,2024_2,3,max_verstappen,1,1:34.043
2024,2,2024_2,3,leclerc,2,1:34.549
2024,2,2024_2,3,perez,3,1:34.055
2024,2,2024_2,3,piastri,4,1:34.379
2024,2,2024_2,3,alonso,5,1:34.439
2024,2,2024_2,3,norris,6,1:35.079
2024,2,2024_2,3,russell,7,1:35.219
2024,2,2024_2,3,hamilton,8,1:35.184
2024,2,2024_2,3,stroll,9,1:35.790
2024,2,2024_2,3,tsunoda,10,1:35.703
2024,2,2024_2,3,bearman,11,1:35.515
2024,2,2024_2,3,kevin_magnussen,12,1:35.850
2024,2,2024_2,3,albon,13,1:35.986
2024,2,2024_2,3,hulkenberg,14,1:36.382
2024,2,2024_2,3,ricciardo,15,1:36.766
2024,2,2024_2,3,ocon,16,1:36.920
2024,2,2024_2,3,bottas,17,1:36.966
2024,2,2024_2,3,sargeant,18,1:36.871
2024,2,2024_2,3,zhou,19,1:37.232
2024,2,2024_2,4,max_verstappen,1,1:33.754
2024,2,2024_2,4,perez,2,1:34.046
2024,2,2024_2,4,leclerc,3,1:35.213
2024,2,2024_2,4,piastri,4,1:34.589
2024,2,2024_2,4,alonso,5,1:34.746
2024,2,2024_2,4,norris,6,1:34.897
2024,2,2024_2,4,russell,7,1:35.033
2024,2,2024_2,4,hamilton,8,1:35.672
2024,2,2024_2,4,stroll,9,1:35.735
2024,2,2024_2,4,tsunoda,10,1:35.378
2024,2,2024_2,4,bearman,11,1:35.645
2024,2,2024_2,4,kevin_magnussen,12,1:35.367
2024,2,2024_2,4,albon,13,1:35.553
2024,2,2024_2,4,hulkenberg,14,1:36.231
2024,2,2024_2,4,ricciardo,15,1:36.271
2024,2,2024_2,4,ocon,16,1:36.261
2024,2,2024_2,4,bottas,17,1:36.417
2024,2,2024_2,4,sargeant,18,1:36.544
2024,2,2024_2,4,zhou,19,1:36.526
2024,2,2024_2,5,max_verstappen,1,1:33.955
2024,2,2024_2,5,perez,2,1:34.085
2024,2,2024_2,5,leclerc,3,1:34.382
2024,2,2024_2,5,piastri,4,1:34.557
2024,2,2024_2,5,alonso,5,1:34.512
2024,2,2024_2,5,norris,6,1:34.902
2024,2,2024_2,5,russell,7,1:35.150
2024,2,2024_2,5,hamilton,8,1:35.107
2024,2,2024_2,5,stroll,9,1:35.560
2024,2,2024_2,5,tsunoda,10,1:35.589
2024,2,2024_2,5,bearman,11,1:35.593
2024,2,2024_2,5,kevin_magnussen,12,1:35.684
2024,2,2024_2,5,albon,13,1:35.590
2024,2,2024_2,5,hulkenberg,14,1:35.723
2024,2,2024_2,5,ricciardo,15,1:35.699
2024,2,2024_2,5,ocon,16,1:36.003
2024,2,2024_2,5,bottas,17,1:36.244
2024,2,2024_2,5,sargeant,18,1:36.204
2024,2,2024_2,5,zhou,19,1:36.238
2024,2,2024_2,6,max_verstappen,1,1:33.676
2024,2,2024_2,6,perez,2,1:33.842
2024,2,2024_2,6,leclerc,3,1:34.244
2024,2,2024_2,6,piastri,4,1:34.409
2024,3,2024_3,1,max_verstappen,1,1:27.458
2024,3,2024_3,1,sainz,2,1:28.375
2024,3,2024_3,1,norris,3,1:29.784
2024,3,2024_3,1,leclerc,4,1:30.520
2024,3,2024_3,1,piastri,5,1:31.036
2024,3,2024_3,1,russell,6,1:31.910
2024,3,2024_3,1,perez,7,1:32.428
2024,3,2024_3,1,stroll,8,1:32.835
2024,3,2024_3,1,tsunoda,9,1:33.305
2024,3,2024_3,1,hamilton,10,1:33.688
2024,3,2024_3,1,alonso,11,1:34.503
2024,3,2024_3,1,bottas,12,1:34.763
2024,3,2024_3,1,kevin_magnussen,13,1:35.467
2024,3,2024_3,1,albon,14,1:35.752
2024,3,2024_3,1,ocon,15,1:36.283
2024,3,2024_3,1,hulkenberg,16,1:36.920
2024,3,2024_3,1,gasly,17,1:37.304
2024,3,2024_3,1,ricciardo,18,1:37.645
2024,3,2024_3,1,zhou,19,1:38.691
2024,3,2024_3,2,sainz,1,1:22.600
2024,3,2024_3,2,max_verstappen,2,1:24.099
2024,3,2024_3,2,norris,3,1:23.183
2024,3,2024_3,2,leclerc,4,1:23.014
2024,3,2024_3,2,piastri,5,1:23.232
2024,3,2024_3,2,russell,6,1:23.347
2024,3,2024_3,2,perez,7,1:23.381
2024,3,2024_3,2,stroll,8,1:23.551
2024,3,2024_3,2,tsunoda,9,1:23.807
2024,3,2024_3,2,hamilton,10,1:24.055
2024,3,2024_3,2,alonso,11,1:24.284
2024,3,2024_3,2,bottas,12,1:24.344
2024,3,2024_3,2,kevin_magnussen,13,1:24.248
2024,3,2024_3,2,albon,14,1:24.536
2024,3,2024_3,2,ocon,15,1:24.680
2024,3,2024_3,2,hulkenberg,16,1:24.707
2024,3,2024_3,2,gasly,17,1:24.649
2024,3,2024_3,2,ricciardo,18,1:24.826
2024,3,2024_3,2,zhou,19,1:24.379
2024,3,2024_3,3,sainz,1,1:23.006
2024,3,2024_3,3,max_verstappen,2,1:23.115
2024,3,2024_3,3,norris,3,1:22.656
2024,3,2024_3,3,leclerc,4,1:22.776
2024,3,2024_3,3,piastri,5,1:22.669
2024,3,2024_3,3,russell,6,1:23.037
2024,3,2024_3,3,perez,7,1:23.165
2024,3,2024_3,3,stroll,8,1:23.196
2024,3,2024_3,3,tsunoda,9,1:23.203
2024,3,2024_3,3,hamilton,10,1:23.070
2024,3,2024_3,3,alonso,11,1:22.978
2024,3,2024_3,3,bottas,12,1:23.272
2024,3,2024_3,3,kevin_magnussen,13,1:23.565
2024,3,2024_3,3,albon,14,1:23.606
2024,3,2024_3,3,ocon,15,1:23.577
2024,3,2024_3,3,hulkenberg,16,1:23.576
2024,3,2024_3,3,gasly,17,1:23.851
2024,3,2024_3,3,ricciardo,18,1:23.840
2024,3,2024_3,3,zhou,19,1:23.912
2024,3,2024_3,4,sainz,1,1:22.433
2024,3,2024_3,4,norris,2,1:22.609
2024,3,2024_3,4,leclerc,3,1:22.519
2024,3,2024_3,4,piastri,4,1:22.581
2024,3,2024_3,4,russell,5,1:23.571
2024,3,2024_3,4,perez,6,1:23.398
2024,3,2024_3,4,stroll,7,1:23.454
2024,3,2024_3,4,tsunoda,8,1:23.434
2024,3,2024_3,4,hamilton,9,1:23.436
2024,3,2024_3,4,alonso,10,1:23.742
2024,3,2024_3,4,bottas,11,1:23.705
2024,3,2024_3,4,kevin_magnussen,12,1:23.529
2024,3,2024_3,4,albon,13,1:23.438
2024,3,2024_3,4,ocon,14,1:23.574
2024,3,2024_3,4,hulkenberg,15,1:23.731
2024,3,2024_3,4,gasly,16,1:23.700
2024,3,2024_3,4,ricciardo,17,1:24.095
2024,3,2024_3,4,zhou,18,1:23.948
2024,3,2024_3,5,sainz,1,1:22.629
2024,3,2024_3,5,norris,2,1:22.685
2024,3,2024_3,5,leclerc,3,1:22.632
2024,3,2024_3,5,piastri,4,1:22.594
2024,3,2024_3,5,russell,5,1:23.172
2024,3,2024_3,5,perez,6,1:23.364
2024,3,2024_3,5,stroll,7,1:23.337
2024,3,2024_3,5,tsunoda,8,1:23.310
2024,3,2024_3,5,hamilton,9,1:23.556
2024,3,2024_3,5,alonso,10,1:23.294
2024,3,2024_3,5,bottas,11,1:23.560
2024,3,2024_3,5,kevin_magnussen,12,1:23.961
2024,3,2024_3,5,albon,13,1:23.916
2024,3,2024_3,5,ocon,14,1:23.784
2024,3,2024_3,5,hulkenberg,15,1:24.465
2024,3,2024_3,5,gasly,16,1:24.526
2024,3,2024_3,5,zhou,17,1:24.161
2024,3,2024_3,5,ricciardo,18,1:38.806
2024,3,2024_3,6,sainz,1,1:22.572
2024,3,2024_3,6,norris,2,1:22.632
2024,3,2024_3,6,leclerc,3,1:22.673
2024,3,2024_3,6,piastri,4,1:22.582
2024,3,2024_3,6,russell,5,1:23.119
2024,3,2024_3,6,perez,6,1:23.024
2024,3,2024_3,6,stroll,7,1:23.027
2024,4,2024_4,1,max_verstappen,1,2:10.735
2024,4,2024_4,1,perez,2,2:12.767
2024,4,2024_4,1,norris,3,2:14.751
2024,4,2024_4,1,sainz,4,2:17.613
2024,4,2024_4,1,alonso,5,2:20.526
2024,4,2024_4,1,piastri,6,2:24.356
2024,4,2024_4,1,hamilton,7,2:32.716
2024,4,2024_4,1,leclerc,8,2:34.543
2024,4,2024_4,1,russell,9,2:39.587
2024,4,2024_4,1,hulkenberg,10,2:42.853
2024,4,2024_4,1,bottas,11,2:44.736
2024,4,2024_4,1,tsunoda,12,2:47.566
2024,4,2024_4,1,ocon,13,2:50.167
2024,4,2024_4,1,gasly,14,2:53.223
2024,4,2024_4,1,stroll,15,2:59.595
2024,4,2024_4,1,kevin_magnussen,16,3:05.172
2024,4,2024_4,1,sargeant,17,3:08.456
2024,4,2024_4,1,zhou,18,3:15.118
2024,4,2024_4,2,max_verstappen,1,28:31.131
2024,4,2024_4,2,perez,2,28:31.382
2024,4,2024_4,2,norris,3,28:30.610
2024,4,2024_4,2,sainz,4,28:32.219
2024,4,2024_4,2,alonso,5,28:34.647
2024,4,2024_4,2,piastri,6,28:34.222
2024,4,2024_4,2,hamilton,7,28:29.973
2024,4,2024_4,2,leclerc,8,28:31.605
2024,4,2024_4,2,russell,9,28:28.819
2024,4,2024_4,2,hulkenberg,10,28:28.601
2024,4,2024_4,2,bottas,11,28:28.578
2024,4,2024_4,2,tsunoda,12,28:29.992
2024,4,2024_4,2,ocon,13,28:31.609
2024,4,2024_4,2,gasly,14,28:31.726
2024,4,2024_4,2,stroll,15,28:28.558
2024,4,2024_4,2,kevin_magnussen,16,28:25.561
2024,4,2024_4,2,sargeant,17,28:24.529
2024,4,2024_4,2,zhou,18,28:19.553
2024,4,2024_4,3,max_verstappen,1,2:52.922
2024,4,2024_4,3,perez,2,2:51.630
2024,4,2024_4,3,norris,3,2:51.325
2024,4,2024_4,3,sainz,4,2:47.321
2024,4,2024_4,3,alonso,5,2:42.586
2024,4,2024_4,3,piastri,6,2:40.061
2024,4,2024_4,3,leclerc,7,2:33.066
2024,4,2024_4,3,hamilton,8,2:37.153
2024,4,2024_4,3,tsunoda,9,2:23.191
2024,4,2024_4,3,russell,10,2:32.774
2024,4,2024_4,3,ocon,11,2:20.237
2024,4,2024_4,3,bottas,12,2:28.991
2024,4,2024_4,3,stroll,13,2:14.682
2024,4,2024_4,3,gasly,14,2:18.362
2024,4,2024_4,3,kevin_magnussen,15,2:12.996
2024,4,2024_4,3,zhou,16,2:09.289
2024,4,2024_4,3,hulkenberg,17,2:33.011
2024,4,2024_4,3,sargeant,18,2:12.603
2024,4,2024_4,4,max_verstappen,1,1:36.472
2024,4,2024_4,4,perez,2,1:36.573
2024,4,2024_4,4,norris,3,1:36.853
2024,4,2024_4,4,sainz,4,1:37.225
2024,4,2024_4,4,alonso,5,1:37.453
2024,4,2024_4,4,piastri,6,1:37.734
2024,4,2024_4,4,leclerc,7,1:38.268
2024,4,2024_4,4,hamilton,8,1:38.303
2024,4,2024_4,4,tsunoda,9,1:39.108
2024,4,2024_4,4,russell,10,1:38.976
2024,4,2024_4,4,ocon,11,1:39.541
2024,4,2024_4,4,bottas,12,1:39.462
2024,4,2024_4,4,stroll,13,1:39.528
2024,4,2024_4,4,gasly,14,1:39.925
2024,4,2024_4,4,kevin_magnussen,15,1:40.103
2024,4,2024_4,4,zhou,16,1:40.228
2024,4,2024_4,4,hulkenberg,17,1:40.374
2024,4,2024_4,4,sargeant,18,1:40.424
2024,4,2024_4,5,max_verstappen,1,1:36.437
2024,4,2024_4,5,perez,2,1:36.568
2024,4,2024_4,5,norris,3,1:36.860
2024,4,2024_4,5,sainz,4,1:37.322
2024,4,2024_4,5,alonso,5,1:37.532
2024,4,2024_4,5,piastri,6,1:37.631
2024,4,2024_4,5,leclerc,7,1:37.812
2024,4,2024_4,5,hamilton,8,1:38.139
2024,4,2024_4,5,russell,9,1:37.737
2024,4,2024_4,5,tsunoda,10,1:39.508
2024,4,2024_4,5,bottas,11,1:38.279
2024,4,2024_4,5,ocon,12,1:40.081
2024,4,2024_4,5,stroll,13,1:39.552
2024,4,2024_4,5,gasly,14,1:39.473
2024,4,2024_4,5,kevin_magnussen,15,1:39.392
2024,4,2024_4,5,zhou,16,1:39.597
2024,4,2024_4,5,sargeant,17,1:39.668
2024,4,2024_4,5,hulkenberg,18,1:41.491
2024,4,2024_4,6,max_verstappen,1,1:36.855
2024,4,2024_4,6,perez,2,1:37.693
2024,4,2024_4,6,norris,3,1:37.900
2024,4,2024_4,6,sainz,4,1:37.721
2024,4,2024_4,6,alonso,5,1:37.861
2024,4,2024_4,6,piastri,6,1:38.141
2024,4,2024_4,6,leclerc,7,1:38.021
2024,4,2024_4,6,hamilton,8,1:38.190
2024,4,2024_4,6,russell,9,1:38.392
2024,4,2024_4,6,tsunoda,10,1:38.887
2024,5,2024_5,1,max_verstappen,1,1:41.528
2024,5,2024_5,1,alonso,2,1:43.173
2024,5,2024_5,1,perez,3,1:43.970
2024,5,2024_5,1,norris,4,1:44.524
2024,5,2024_5,1,piastri,5,1:45.121
2024,5,2024_5,1,russell,6,1:45.746
2024,5,2024_5,1,leclerc,7,1:46.488
2024,5,2024_5,1,hulkenberg,8,1:47.041
2024,5,2024_5,1,sainz,9,1:47.147
2024,5,2024_5,1,stroll,10,1:47.730
2024,5,2024_5,1,bottas,11,1:48.149
2024,5,2024_5,1,ocon,12,1:48.897
2024,5,2024_5,1,albon,13,1:49.364
2024,5,2024_5,1,gasly,14,1:49.907
2024,5,2024_5,1,ricciardo,15,1:50.255
2024,5,2024_5,1,tsunoda,16,1:50.625
2024,5,2024_5,1,zhou,17,1:50.671
2024,5,2024_5,1,kevin_magnussen,18,1:51.086
2024,5,2024_5,1,hamilton,19,1:51.502
2024,5,2024_5,1,sargeant,20,1:52.130
2024,5,2024_5,2,max_verstappen,1,1:40.103
2024,5,2024_5,2,alonso,2,1:41.128
2024,5,2024_5,2,perez,3,1:40.881
2024,5,2024_5,2,norris,4,1:41.267
2024,5,2024_5,2,piastri,5,1:41.607
2024,5,2024_5,2,russell,6,1:41.696
2024,5,2024_5,2,leclerc,7,1:41.812
2024,5,2024_5,2,sainz,8,1:42.115
2024,5,2024_5,2,stroll,9,1:42.326
2024,5,2024_5,2,hulkenberg,10,1:43.687
2024,5,2024_5,2,bottas,11,1:43.041
2024,5,2024_5,2,ocon,12,1:43.022
2024,5,2024_5,2,albon,13,1:43.157
2024,5,2024_5,2,gasly,14,1:43.179
2024,5,2024_5,2,ricciardo,15,1:43.470
2024,5,2024_5,2,tsunoda,16,1:43.674
2024,5,2024_5,2,kevin_magnussen,17,1:43.907
2024,5,2024_5,2,zhou,18,1:44.398
2024,5,2024_5,2,hamilton,19,1:44.135
2024,5,2024_5,2,sargeant,20,1:44.088
2024,5,2024_5,3,max_verstappen,1,1:40.494
2024,5,2024_5,3,alonso,2,1:40.988
2024,5,2024_5,3,perez,3,1:40.973
2024,5,2024_5,3,norris,4,1:41.282
2024,5,2024_5,3,piastri,5,1:41.754
2024,5,2024_5,3,russell,6,1:41.771
2024,5,2024_5,3,leclerc,7,1:42.090
2024,5,2024_5,3,sainz,8,1:41.979
2024,5,2024_5,3,stroll,9,1:42.305
2024,5,2024_5,3,hulkenberg,10,1:42.347
2024,5,2024_5,3,bottas,11,1:42.548
2024,5,2024_5,3,ocon,12,1:42.807
2024,5,2024_5,3,albon,13,1:43.014
2024,5,2024_5,3,gasly,14,1:43.012
2024,5,2024_5,3,ricciardo,15,1:43.073
2024,5,2024_5,3,tsunoda,16,1:43.136
2024,5,2024_5,3,kevin_magnussen,17,1:43.179
2024,5,2024_5,3,hamilton,18,1:42.906
2024,5,2024_5,3,zhou,19,1:43.991
2024,5,2024_5,3,sargeant,20,1:43.644
2024,5,2024_5,4,max_verstappen,1,1:40.573
2024,5,2024_5,4,alonso,2,1:41.579
2024,5,2024_5,4,perez,3,1:41.604
2024,5,2024_5,4,norris,4,1:41.929
2024,5,2024_5,4,piastri,5,1:42.247
2024,5,2024_5,4,russell,6,1:42.413
2024,5,2024_5,4,leclerc,7,1:42.220
2024,5,2024_5,4,sainz,8,1:42.145
2024,5,2024_5,4,stroll,9,1:42.556
2024,5,2024_5,4,hulkenberg,10,1:42.824
2024,5,2024_5,4,bottas,11,1:43.032
2024,5,2024_5,4,ocon,12,1:43.002
2024,5,2024_5,4,albon,13,1:42.975
2024,5,2024_5,4,gasly,14,1:42.847
2024,5,2024_5,4,ricciardo,15,1:42.976
2024,5,2024_5,4,tsunoda,16,1:43.095
2024,5,2024_5,4,hamilton,17,1:43.013
2024,5,2024_5,4,kevin_magnussen,18,1:44.116
2024,5,2024_5,4,zhou,19,1:43.484
2024,5,2024_5,4,sargeant,20,1:44.226
2024,5,2024_5,5,max_verstappen,1,1:40.919
2024,5,2024_5,5,perez,2,1:41.625
2024,5,2024_5,5,alonso,3,1:43.060
2024,5,2024_5,5,norris,4,1:41.940
2024,5,2024_5,5,piastri,5,1:42.227
2024,5,2024_5,5,russell,6,1:42.185
2024,5,2024_5,5,leclerc,7,1:42.095
2024,5,2024_5,5,sainz,8,1:42.210
2024,5,2024_5,5,stroll,9,1:42.984
2024,5,2024_5,5,hulkenberg,10,1:43.331
2024,5,2024_5,5,bottas,11,1:43.192
2024,5,2024_5,5,ocon,12,1:43.105
2024,5,2024_5,5,albon,13,1:43.392
2024,5,2024_5,5,gasly,14,1:43.552
2024,5,2024_5,5,ricciardo,15,1:43.449
2024,5,2024_5,5,tsunoda,16,1:43.657
2024,5,2024_5,5,hamilton,17,1:43.499
2024,5,2024_5,5,kevin_magnussen,18,1:43.797
2024,5,2024_5,5,zhou,19,1:44.018
2024,5,2024_5,5,sargeant,20,1:43.516
2024,6,2024_6,1,max_verstappen,1,1:34.338
2024,6,2024_6,1,leclerc,2,1:35.697
2024,6,2024_6,1,piastri,3,1:36.848
2024,6,2024_6,1,sainz,4,1:37.234
2024,6,2024_6,1,perez,5,1:38.282
2024,6,2024_6,1,norris,6,1:38.919
2024,6,2024_6,1,hamilton,7,1:39.924
2024,6,2024_6,1,hulkenberg,8,1:40.159
2024,6,2024_6,1,tsunoda,9,1:41.055
2024,6,2024_6,1,russell,10,1:41.627
2024,6,2024_6,1,stroll,11,1:42.004
2024,6,2024_6,1,alonso,12,1:43.024
2024,6,2024_6,1,gasly,13,1:43.357
2024,6,2024_6,1,ocon,14,1:43.733
2024,6,2024_6,1,albon,15,1:43.958
2024,6,2024_6,1,sargeant,16,1:44.320
2024,6,2024_6,1,kevin_magnussen,17,1:44.924
2024,6,2024_6,1,zhou,18,1:45.046
2024,6,2024_6,1,bottas,19,1:45.784
2024,6,2024_6,1,ricciardo,20,1:46.666
2024,6,2024_6,2,max_verstappen,1,1:33.093
2024,6,2024_6,2,leclerc,2,1:33.317
2024,6,2024_6,2,piastri,3,1:32.827
2024,6,2024_6,2,sainz,4,1:32.990
2024,6,2024_6,2,perez,5,1:33.181
2024,6,2024_6,2,norris,6,1:34.199
2024,6,2024_6,2,hulkenberg,7,1:33.938
2024,6,2024_6,2,hamilton,8,1:34.966
2024,6,2024_6,2,tsunoda,9,1:34.337
2024,6,2024_6,2,russell,10,1:34.395
2024,6,2024_6,2,stroll,11,1:34.526
2024,6,2024_6,2,gasly,12,1:34.498
2024,6,2024_6,2,alonso,13,1:35.579
2024,6,2024_6,2,albon,14,1:34.925
2024,6,2024_6,2,ocon,15,1:35.438
2024,6,2024_6,2,sargeant,16,1:35.367
2024,6,2024_6,2,zhou,17,1:36.265
2024,6,2024_6,2,bottas,18,1:35.803
2024,6,2024_6,2,kevin_magnussen,19,1:36.868
2024,6,2024_6,2,ricciardo,20,1:35.593
2024,6,2024_6,3,max_verstappen,1,1:33.137
2024,6,2024_6,3,leclerc,2,1:33.310
2024,6,2024_6,3,piastri,3,1:33.063
2024,6,2024_6,3,sainz,4,1:33.239
2024,6,2024_6,3,perez,5,1:33.521
2024,6,2024_6,3,norris,6,1:33.687
2024,6,2024_6,3,hulkenberg,7,1:34.140
2024,6,2024_6,3,hamilton,8,1:34.031
2024,6,2024_6,3,tsunoda,9,1:34.277
2024,6,2024_6,3,russell,10,1:34.095
2024,6,2024_6,3,stroll,11,1:34.214
2024,6,2024_6,3,gasly,12,1:33.789
2024,6,2024_6,3,alonso,13,1:34.003
2024,6,2024_6,3,albon,14,1:34.309
2024,6,2024_6,3,ocon,15,1:34.667
2024,6,2024_6,3,sargeant,16,1:34.646
2024,6,2024_6,3,zhou,17,1:34.339
2024,6,2024_6,3,bottas,18,1:34.634
2024,6,2024_6,3,kevin_magnussen,19,1:35.280
2024,6,2024_6,3,ricciardo,20,1:35.732
2024,6,2024_6,4,max_verstappen,1,1:33.504
2024,6,2024_6,4,piastri,2,1:33.119
2024,6,2024_6,4,leclerc,3,1:33.774
2024,6,2024_6,4,sainz,4,1:33.249
2024,6,2024_6,4,perez,5,1:33.425
2024,6,2024_6,4,norris,6,1:33.674
2024,6,2024_6,4,hulkenberg,7,1:33.818
2024,6,2024_6,4,hamilton,8,1:33.861
2024,6,2024_6,4,tsunoda,9,1:33.892
2024,6,2024_6,4,russell,10,1:34.125
2024,6,2024_6,4,stroll,11,1:34.066
2024,6,2024_6,4,gasly,12,1:34.155
2024,6,2024_6,4,alonso,13,1:34.022
2024,6,2024_6,4,albon,14,1:33.889
2024,6,2024_6,4,ocon,15,1:34.013
2024,6,2024_6,4,sargeant,16,1:34.303
2024,6,2024_6,4,zhou,17,1:34.357
2024,6,2024_6,4,bottas,18,1:34.397
2024,6,2024_6,4,kevin_magnussen,19,1:34.460
2024,6,2024_6,4,ricciardo,20,1:34.907
2024,6,2024_6,5,max_verstappen,1,1:32.834
2024,6,2024_6,5,piastri,2,1:33.321
2024,6,2024_6,5,leclerc,3,1:33.809
2024,6,2024_6,5,sainz,4,1:33.569
2024,6,2024_6,5,perez,5,1:33.318
2024,6,2024_6,5,norris,6,1:33.260
2024,6,2024_6,5,hulkenberg,7,1:33.776
2024,6,2024_6,5,hamilton,8,1:33.666
2024,6,2024_6,5,russell,9,1:33.932
2024,6,2024_6,5,tsunoda,10,1:35.267
2024,6,2024_6,5,stroll,11,1:34.506
2024,6,2024_6,5,gasly,12,1:34.190
2024,6,2024_6,5,alonso,13,1:34.018
2024,6,2024_6,5,albon,14,1:34.174
2024,6,2024_6,5,ocon,15,1:33.908
2024,6,2024_6,5,sargeant,16,1:33.833
2024,6,2024_6,5,zhou,17,1:33.673
2024,6,2024_6,5,bottas,18,1:33.828
2024,6,2024_6,5,kevin_magnussen,19,1:34.221
2024,6,2024_6,5,ricciardo,20,1:34.201
2024,7,2024_7,1,max_verstappen,1,1:22.881
2024,7,2024_7,1,norris,2,1:23.764
2024,7,2024_7,1,leclerc,3,1:24.580
2024,7,2024_7,1,sainz,4,1:25.149
2024,7,2024_7,1,piastri,5,1:25.726
2024,7,2024_7,1,russell,6,1:26.498
2024,7,2024_7,1,hamilton,7,1:27.111
2024,7,2024_7,1,hulkenberg,8,1:27.748
2024,7,2024_7,1,tsunoda,9,1:28.256
2024,7,2024_7,1,perez,10,1:28.775
2024,7,2024_7,1,ricciardo,11,1:29.351
2024,7,2024_7,1,ocon,12,1:29.949
2024,7,2024_7,1,stroll,13,1:30.475
2024,7,2024_7,1,albon,14,1:31.012
2024,7,2024_7,1,gasly,15,1:31.369
2024,7,2024_7,1,kevin_magnussen,16,1:31.891
2024,7,2024_7,1,bottas,17,1:32.273
2024,7,2024_7,1,zhou,18,1:32.781
2024,7,2024_7,1,sargeant,19,1:33.076
2024,7,2024_7,1,alonso,20,1:33.648
2024,7,2024_7,2,max_verstappen,1,1:20.596
2024,7,2024_7,2,norris,2,1:20.673
2024,7,2024_7,2,leclerc,3,1:20.926
2024,7,2024_7,2,sainz,4,1:21.102
2024,7,2024_7,2,piastri,5,1:21.311
2024,7,2024_7,2,russell,6,1:21.562
2024,7,2024_7,2,hamilton,7,1:21.841
2024,7,2024_7,2,hulkenberg,8,1:22.111
2024,7,2024_7,2,tsunoda,9,1:22.366
2024,7,2024_7,2,perez,10,1:22.599
2024,7,2024_7,2,ricciardo,11,1:22.795
2024,7,2024_7,2,ocon,12,1:22.923
2024,7,2024_7,2,stroll,13,1:23.115
2024,7,2024_7,2,albon,14,1:23.115
2024,7,2024_7,2,gasly,15,1:23.214
2024,7,2024_7,2,kevin_magnussen,16,1:23.313
2024,7,2024_7,2,bottas,17,1:23.624
2024,7,2024_7,2,zhou,18,1:23.939
2024,7,2024_7,2,sargeant,19,1:24.242
2024,7,2024_7,2,alonso,20,1:24.186
2024,7,2024_7,3,max_verstappen,1,1:20.872
2024,7,2024_7,3,norris,2,1:20.884
2024,7,2024_7,3,leclerc,3,1:20.931
2024,7,2024_7,3,sainz,4,1:20.966
2024,7,2024_7,3,piastri,5,1:20.808
2024,7,2024_7,3,russell,6,1:21.135
2024,7,2024_7,3,hamilton,7,1:21.222
2024,7,2024_7,3,hulkenberg,8,1:21.700
2024,7,2024_7,3,tsunoda,9,1:21.758
2024,7,2024_7,3,perez,10,1:21.913
2024,7,2024_7,3,ricciardo,11,1:22.083
2024,7,2024_7,3,ocon,12,1:22.290
2024,7,2024_7,3,stroll,13,1:22.356
2024,7,2024_7,3,albon,14,1:22.652
2024,7,2024_7,3,gasly,15,1:22.752
2024,7,2024_7,3,kevin_magnussen,16,1:22.737
2024,7,2024_7,3,bottas,17,1:22.762
2024,7,2024_7,3,zhou,18,1:22.718
2024,7,2024_7,3,sargeant,19,1:22.784
2024,7,2024_7,3,alonso,20,1:23.009
2024,7,2024_7,4,max_verstappen,1,1:20.671
2024,7,2024_7,4,norris,2,1:21.205
2024,7,2024_7,4,leclerc,3,1:21.279
2024,7,2024_7,4,sainz,4,1:21.341
2024,7,2024_7,4,piastri,5,1:21.377
2024,7,2024_7,4,russell,6,1:21.628
2024,7,2024_7,4,hamilton,7,1:21.715
2024,7,2024_7,4,hulkenberg,8,1:22.157
2024,7,2024_7,4,tsunoda,9,1:22.070
2024,7,2024_7,4,perez,10,1:22.182
2024,7,2024_7,4,ricciardo,11,1:22.227
2024,7,2024_7,4,ocon,12,1:22.229
2024,7,2024_7,4,stroll,13,1:22.349
2024,7,2024_7,4,albon,14,1:22.578
2024,7,2024_7,4,gasly,15,1:22.706
2024,7,2024_7,4,kevin_magnussen,16,1:22.517
2024,7,2024_7,4,bottas,17,1:22.786
2024,7,2024_7,4,zhou,18,1:23.046
2024,7,2024_7,4,sargeant,19,1:22.990
2024,7,2024_7,4,alonso,20,1:23.071
2024,7,2024_7,5,max_verstappen,1,1:20.734
2024,7,2024_7,5,norris,2,1:21.046
2024,7,2024_7,5,leclerc,3,1:21.122
2024,7,2024_7,5,sainz,4,1:21.276
2024,7,2024_7,5,piastri,5,1:21.269
2024,7,2024_7,5,russell,6,1:21.475
2024,7,2024_7,5,hamilton,7,1:21.544
2024,7,2024_7,5,hulkenberg,8,1:22.184
2024,7,2024_7,5,tsunoda,9,1:22.167
2024,7,2024_7,5,perez,10,1:22.153
2024,7,2024_7,5,ricciardo,11,1:22.211
2024,7,2024_7,5,ocon,12,1:22.267
2024,7,2024_7,5,stroll,13,1:22.252
2024,7,2024_7,5,albon,14,1:22.357
2024,7,2024_7,5,gasly,15,1:22.483
2024,7,2024_7,5,kevin_magnussen,16,1:22.682
2024,7,2024_7,5,bottas,17,1:22.794
2024,7,2024_7,5,zhou,18,1:22.565
2024,7,2024_7,5,sargeant,19,1:22.702
2024,7,2024_7,5,alonso,20,1:22.698
2024,8,2024_8,1,leclerc,1,40:56.330
2024,8,2024_8,1,piastri,2,40:58.744
2024,8,2024_8,1,sainz,3,41:02.721
2024,8,2024_8,1,norris,4,41:08.042
2024,8,2024_8,1,russell,5,41:13.884
2024,8,2024_8,1,max_verstappen,6,41:18.944
2024,8,2024_8,1,hamilton,7,41:23.804
2024,8,2024_8,1,tsunoda,8,41:28.609
2024,8,2024_8,1,albon,9,41:34.817
2024,8,2024_8,1,gasly,10,41:37.695
2024,8,2024_8,1,stroll,11,41:42.648
2024,8,2024_8,1,ricciardo,12,41:47.607
2024,8,2024_8,1,alonso,13,41:53.184
2024,8,2024_8,1,sargeant,14,41:56.858
2024,8,2024_8,1,bottas,15,42:01.748
2024,8,2024_8,1,zhou,16,42:06.253
2024,8,2024_8,2,leclerc,1,2:57.857
2024,8,2024_8,2,piastri,2,2:56.127
2024,8,2024_8,2,sainz,3,2:52.664
2024,8,2024_8,2,norris,4,2:47.666
2024,8,2024_8,2,russell,5,2:42.166
2024,8,2024_8,2,max_verstappen,6,2:37.443
2024,8,2024_8,2,hamilton,7,2:32.812
2024,8,2024_8,2,tsunoda,8,2:28.277
2024,8,2024_8,2,albon,9,2:22.255
2024,8,2024_8,2,gasly,10,2:19.618
2024,8,2024_8,2,stroll,11,2:14.844
2024,8,2024_8,2,ricciardo,12,2:10.108
2024,8,2024_8,2,alonso,13,2:04.571
2024,8,2024_8,2,sargeant,14,2:01.235
2024,8,2024_8,2,bottas,15,1:56.358
2024,8,2024_8,2,zhou,16,1:52.131
2024,8,2024_8,3,leclerc,1,1:24.624
2024,8,2024_8,3,piastri,2,1:24.953
2024,8,2024_8,3,sainz,3,1:25.012
2024,8,2024_8,3,norris,4,1:25.283
2024,8,2024_8,3,russell,5,1:25.319
2024,8,2024_8,3,max_verstappen,6,1:25.744
2024,8,2024_8,3,hamilton,7,1:27.058
2024,8,2024_8,3,tsunoda,8,1:27.563
2024,8,2024_8,3,albon,9,1:27.834
2024,8,2024_8,3,gasly,10,1:28.269
2024,8,2024_8,3,stroll,11,1:28.303
2024,8,2024_8,3,alonso,12,1:29.188
2024,8,2024_8,3,ricciardo,13,1:29.656
2024,8,2024_8,3,bottas,14,1:29.743
2024,8,2024_8,3,sargeant,15,1:30.077
2024,8,2024_8,3,zhou,16,1:30.396
2024,8,2024_8,4,leclerc,1,1:22.625
2024,8,2024_8,4,piastri,2,1:22.314
2024,8,2024_8,4,sainz,3,1:22.358
2024,8,2024_8,4,norris,4,1:22.782
2024,8,2024_8,4,russell,5,1:22.868
2024,8,2024_8,4,max_verstappen,6,1:23.275
2024,8,2024_8,4,hamilton,7,1:23.376
2024,8,2024_8,4,tsunoda,8,1:23.327
2024,8,2024_8,4,albon,9,1:23.286
2024,8,2024_8,4,gasly,10,1:23.269
2024,8,2024_8,4,stroll,11,1:23.354
2024,8,2024_8,4,alonso,12,1:23.736
2024,8,2024_8,4,ricciardo,13,1:23.524
2024,8,2024_8,4,bottas,14,1:23.386
2024,8,2024_8,4,sargeant,15,1:23.682
2024,8,2024_8,4,zhou,16,1:23.698
2024,8,2024_8,5,leclerc,1,1:21.795
2024,8,2024_8,5,piastri,2,1:22.019
2024,8,2024_8,5,sainz,3,1:21.978
2024,8,2024_8,5,norris,4,1:22.147
2024,8,2024_8,5,russell,5,1:23.045
2024,8,2024_8,5,max_verstappen,6,1:23.400
2024,8,2024_8,5,hamilton,7,1:23.640
2024,8,2024_8,5,tsunoda,8,1:23.493
2024,8,2024_8,5,albon,9,1:23.369
2024,8,2024_8,5,gasly,10,1:23.428
2024,8,2024_8,5,stroll,11,1:23.731
2024,8,2024_8,5,alonso,12,1:23.575
2024,8,2024_8,5,ricciardo,13,1:23.744
2024,8,2024_8,5,bottas,14,1:23.636
2024,8,2024_8,5,sargeant,15,1:23.674
2024,8,2024_8,5,zhou,16,1:23.494
2024,8,2024_8,6,leclerc,1,1:21.145
2024,8,2024_8,6,piastri,2,1:21.354
2024,8,2024_8,6,sainz,3,1:21.163
2024,8,2024_8,6,norris,4,1:21.804
2024,8,2024_8,6,russell,5,1:23.012
2024,8,2024_8,6,max_verstappen,6,1:23.787
2024,8,2024_8,6,hamilton,7,1:23.369
2024,8,2024_8,6,tsunoda,8,1:23.224
2024,8,2024_8,6,albon,9,1:23.416
2024,8,2024_8,6,gasly,10,1:23.106
2024,8,2024_8,6,stroll,11,1:22.977
2024,8,2024_8,6,alonso,12,1:22.711
2024,8,2024_8,6,ricciardo,13,1:22.748
2024,8,2024_8,6,bottas,14,1:22.868
2024,8,2024_8,6,sargeant,15,1:22.739
2024,8,2024_8,6,zhou,16,1:22.649
2024,8,2024_8,7,leclerc,1,1:20.980
2024,8,2024_8,7,piastri,2,1:20.808
2024,8,2024_8,7,sainz,3,1:21.466
2024,8,2024_8,7,norris,4,1:20.828
2024,9,2024_9,1,russell,1,1:43.723
2024,9,2024_9,1,max_verstappen,2,1:44.993
2024,9,2024_9,1,norris,3,1:46.722
2024,9,2024_9,1,piastri,4,1:48.458
2024,9,2024_9,1,alonso,5,1:49.289
2024,9,2024_9,1,hamilton,6,1:50.160
2024,9,2024_9,1,ricciardo,7,1:51.305
2024,9,2024_9,1,kevin_magnussen,8,1:51.827
2024,9,2024_9,1,stroll,9,1:53.082
2024,9,2024_9,1,leclerc,10,1:54.412
2024,9,2024_9,1,tsunoda,11,1:54.705
2024,9,2024_9,1,albon,12,1:55.787
2024,9,2024_9,1,hulkenberg,13,1:56.135
2024,9,2024_9,1,sainz,14,1:57.663
2024,9,2024_9,1,sargeant,15,1:57.685
2024,9,2024_9,1,ocon,16,1:58.926
2024,9,2024_9,1,perez,17,2:00.060
2024,9,2024_9,1,gasly,18,2:00.661
2024,9,2024_9,1,bottas,19,2:01.807
2024,9,2024_9,1,zhou,20,2:03.563
2024,9,2024_9,2,russell,1,1:36.556
2024,9,2024_9,2,max_verstappen,2,1:37.672
2024,9,2024_9,2,norris,3,1:38.203
2024,9,2024_9,2,piastri,4,1:38.591
2024,9,2024_9,2,kevin_magnussen,5,1:36.793
2024,9,2024_9,2,alonso,6,1:40.628
2024,9,2024_9,2,hamilton,7,1:40.379
2024,9,2024_9,2,ricciardo,8,1:41.606
2024,9,2024_9,2,stroll,9,1:40.966
2024,9,2024_9,2,hulkenberg,10,1:38.640
2024,9,2024_9,2,leclerc,11,1:42.116
2024,9,2024_9,2,tsunoda,12,1:42.925
2024,9,2024_9,2,albon,13,1:42.910
2024,9,2024_9,2,sargeant,14,1:41.547
2024,9,2024_9,2,sainz,15,1:42.579
2024,9,2024_9,2,ocon,16,1:42.937
2024,9,2024_9,2,perez,17,1:42.780
2024,9,2024_9,2,gasly,18,1:43.105
2024,9,2024_9,2,bottas,19,1:43.023
2024,9,2024_9,2,zhou,20,1:43.668
2024,9,2024_9,3,russell,1,1:36.396
2024,9,2024_9,3,max_verstappen,2,1:36.443
2024,9,2024_9,3,norris,3,1:36.569
2024,9,2024_9,3,kevin_magnussen,4,1:36.134
2024,9,2024_9,3,piastri,5,1:38.416
2024,9,2024_9,3,alonso,6,1:38.216
2024,9,2024_9,3,hamilton,7,1:38.714
2024,9,2024_9,3,hulkenberg,8,1:36.651
2024,9,2024_9,3,ricciardo,9,1:40.559
2024,9,2024_9,3,stroll,10,1:40.688
2024,9,2024_9,3,leclerc,11,1:39.247
2024,9,2024_9,3,tsunoda,12,1:39.935
2024,9,2024_9,3,albon,13,1:39.947
2024,9,2024_9,3,sainz,14,1:40.477
2024,9,2024_9,3,sargeant,15,1:41.749
2024,9,2024_9,3,ocon,16,1:40.159
2024,9,2024_9,3,perez,17,1:40.055
2024,9,2024_9,3,gasly,18,1:40.496
2024,9,2024_9,3,bottas,19,1:40.755
2024,9,2024_9,3,zhou,20,1:41.410
2024,9,2024_9,4,russell,1,1:34.585
2024,9,2024_9,4,max_verstappen,2,1:35.105
2024,9,2024_9,4,norris,3,1:35.138
2024,9,2024_9,4,kevin_magnussen,4,1:33.993
2024,9,2024_9,4,piastri,5,1:37.594
2024,9,2024_9,4,alonso,6,1:36.643
2024,9,2024_9,4,hamilton,7,1:36.666
2024,9,2024_9,4,hulkenberg,8,1:35.053
2024,9,2024_9,4,ricciardo,9,1:37.504
2024,9,2024_9,4,stroll,10,1:37.302
2024,9,2024_9,4,leclerc,11,1:37.813
2024,9,2024_9,4,tsunoda,12,1:37.475
2024,9,2024_9,4,albon,13,1:37.922
2024,9,2024_9,4,sainz,14,1:37.631
2024,9,2024_9,4,sargeant,15,1:38.521
2024,9,2024_9,4,ocon,16,1:39.746
2024,9,2024_9,4,perez,17,1:39.370
2024,9,2024_9,4,gasly,18,1:38.907
2024,9,2024_9,4,bottas,19,1:38.608
2024,9,2024_9,4,zhou,20,1:39.785
2024,9,2024_9,5,russell,1,1:34.094
2024,9,2024_9,5,max_verstappen,2,1:33.859
2024,9,2024_9,5,norris,3,1:34.885
2024,9,2024_9,5,kevin_magnussen,4,1:34.529
2024,9,2024_9,5,piastri,5,1:36.590
2024,9,2024_9,5,alonso,6,1:36.345
2024,9,2024_9,5,hamilton,7,1:35.905
2024,9,2024_9,5,hulkenberg,8,1:36.104
2024,9,2024_9,5,ricciardo,9,1:37.388
2024,9,2024_9,5,stroll,10,1:37.044
2024,9,2024_9,5,leclerc,11,1:36.358
2024,9,2024_9,5,tsunoda,12,1:35.882
2024,9,2024_9,5,albon,13,1:38.077
2024,9,2024_9,5,sainz,14,1:37.379
2024,9,2024_9,5,sargeant,15,1:38.360
2024,9,2024_9,5,ocon,16,1:38.507
2024,9,2024_9,5,perez,17,1:38.580
2024,9,2024_9,5,gasly,18,1:38.846
2024,9,2024_9,5,bottas,19,1:38.637
2024,9,2024_9,5,zhou,20,1:38.327
2024,10,2024_10,1,russell,1,1:22.568
2024,10,2024_10,1,max_verstappen,2,1:23.186
2024,10,2024_10,1,norris,3,1:23.953
2024,10,2024_10,1,hamilton,4,1:24.441
2024,10,2024_10,1,leclerc,5,1:25.423
2024,10,2024_10,1,sainz,6,1:26.085
2024,10,2024_10,1,gasly,7,1:26.584
2024,10,2024_10,1,piastri,8,1:27.073
2024,10,2024_10,1,ocon,9,1:27.460
2024,10,2024_10,1,hulkenberg,10,1:27.970
2024,10,2024_10,1,perez,11,1:28.615
2024,10,2024_10,1,alonso,12,1:29.190
2024,10,2024_10,1,stroll,13,1:29.606
2024,10,2024_10,1,bottas,14,1:30.001
2024,10,2024_10,1,tsunoda,15,1:30.324
2024,10,2024_10,1,kevin_magnussen,16,1:30.633
2024,10,2024_10,1,zhou,17,1:31.052
2024,10,2024_10,1,sargeant,18,1:31.507
2024,10,2024_10,1,ricciardo,19,1:31.751
2024,10,2024_10,1,albon,20,1:33.920
2024,10,2024_10,2,russell,1,1:19.857
2024,10,2024_10,2,max_verstappen,2,1:19.871
2024,10,2024_10,2,norris,3,1:20.215
2024,10,2024_10,2,hamilton,4,1:20.594
2024,10,2024_10,2,leclerc,5,1:20.842
2024,10,2024_10,2,sainz,6,1:20.666
2024,10,2024_10,2,gasly,7,1:21.157
2024,10,2024_10,2,piastri,8,1:21.607
2024,10,2024_10,2,ocon,9,1:22.017
2024,10,2024_10,2,hulkenberg,10,1:22.084
2024,10,2024_10,2,perez,11,1:22.234
2024,10,2024_10,2,alonso,12,1:22.501
2024,10,2024_10,2,stroll,13,1:22.587
2024,10,2024_10,2,bottas,14,1:22.715
2024,10,2024_10,2,tsunoda,15,1:22.957
2024,10,2024_10,2,kevin_magnussen,16,1:23.073
2024,10,2024_10,2,zhou,17,1:23.016
2024,10,2024_10,2,ricciardo,18,1:22.721
2024,10,2024_10,2,sargeant,19,1:23.613
2024,10,2024_10,2,albon,20,1:22.217
2024,10,2024_10,3,max_verstappen,1,1:19.364
2024,10,2024_10,3,russell,2,1:21.103
2024,10,2024_10,3,norris,3,1:20.243
2024,10,2024_10,3,hamilton,4,1:20.421
2024,10,2024_10,3,sainz,5,1:20.046
2024,10,2024_10,3,leclerc,6,1:21.287
2024,10,2024_10,3,gasly,7,1:20.806
2024,10,2024_10,3,piastri,8,1:20.765
2024,10,2024_10,3,ocon,9,1:20.809
2024,10,2024_10,3,hulkenberg,10,1:21.383
2024,10,2024_10,3,perez,11,1:21.849
2024,10,2024_10,3,alonso,12,1:21.912
2024,10,2024_10,3,stroll,13,1:22.004
2024,10,2024_10,3,bottas,14,1:22.113
2024,10,2024_10,3,tsunoda,15,1:22.193
2024,10,2024_10,3,kevin_magnussen,16,1:22.102
2024,10,2024_10,3,zhou,17,1:22.516
2024,10,2024_10,3,ricciardo,18,1:22.652
2024,10,2024_10,3,sargeant,19,1:22.491
2024,10,2024_10,3,albon,20,1:22.171
2024,10,2024_10,4,max_verstappen,1,1:20.766
2024,10,2024_10,4,russell,2,1:20.843
2024,10,2024_10,4,norris,3,1:20.702
2024,10,2024_10,4,hamilton,4,1:20.496
2024,10,2024_10,4,sainz,5,1:20.626
2024,10,2024_10,4,leclerc,6,1:20.569
2024,10,2024_10,4,gasly,7,1:20.679
2024,10,2024_10,4,piastri,8,1:20.797
2024,10,2024_10,4,ocon,9,1:21.255
2024,10,2024_10,4,hulkenberg,10,1:21.949
2024,10,2024_10,4,perez,11,1:22.097
2024,10,2024_10,4,alonso,12,1:21.955
2024,10,2024_10,4,stroll,13,1:22.128
2024,10,2024_10,4,bottas,14,1:22.291
2024,10,2024_10,4,tsunoda,15,1:22.407
2024,10,2024_10,4,kevin_magnussen,16,1:22.380
2024,10,2024_10,4,zhou,17,1:22.358
2024,10,2024_10,4,ricciardo,18,1:22.374
2024,10,2024_10,4,sargeant,19,1:22.557
2024,10,2024_10,4,albon,20,1:22.278
2024,10,2024_10,5,max_verstappen,1,1:20.827
2024,10,2024_10,5,russell,2,1:20.923
2024,10,2024_10,5,norris,3,1:21.134
2024,10,2024_10,5,hamilton,4,1:21.050
2024,10,2024_10,5,sainz,5,1:20.800
2024,10,2024_10,5,leclerc,6,1:20.932
2024,10,2024_10,5,gasly,7,1:20.780
2024,10,2024_10,5,piastri,8,1:21.215
2024,10,2024_10,5,ocon,9,1:21.536
2024,10,2024_10,5,hulkenberg,10,1:21.858
2024,10,2024_10,5,perez,11,1:21.655
2024,10,2024_10,5,alonso,12,1:22.593
2024,10,2024_10,5,stroll,13,1:22.263
2024,10,2024_10,5,bottas,14,1:22.662
2024,10,2024_10,5,tsunoda,15,1:22.919
2024,10,2024_10,5,kevin_magnussen,16,1:23.042
2024,10,2024_10,5,zhou,17,1:22.810
2024,10,2024_10,5,ricciardo,18,1:23.005
2024,10,2024_10,5,sargeant,19,1:22.869
2024,10,2024_10,5,albon,20,1:22.775
2024,11,2024_11,1,max_verstappen,1,1:12.050
2024,11,2024_11,1,norris,2,1:13.371
2024,11,2024_11,1,russell,3,1:14.401
2024,11,2024_11,1,hamilton,4,1:14.840
2024,11,2024_11,1,sainz,5,1:15.456
2024,11,2024_11,1,perez,6,1:16.225
2024,11,2024_11,1,piastri,7,1:16.950
2024,11,2024_11,1,ocon,8,1:17.703
2024,11,2024_11,1,hulkenberg,9,1:18.420
2024,11,2024_11,1,kevin_magnussen,10,1:18.826
2024,11,2024_11,1,gasly,11,1:19.109
2024,11,2024_11,1,ricciardo,12,1:19.507
2024,11,2024_11,1,alonso,13,1:19.908
2024,11,2024_11,1,tsunoda,14,1:20.095
2024,11,2024_11,1,albon,15,1:20.507
2024,11,2024_11,1,bottas,16,1:20.918
2024,11,2024_11,1,stroll,17,1:21.132
2024,11,2024_11,1,leclerc,18,1:22.085
2024,11,2024_11,1,zhou,19,1:24.058
2024,11,2024_11,1,sargeant,20,1:24.605
2024,11,2024_11,2,max_verstappen,1,1:09.938
2024,11,2024_11,2,norris,2,1:09.813
2024,11,2024_11,2,russell,3,1:10.580
2024,11,2024_11,2,hamilton,4,1:10.530
2024,11,2024_11,2,sainz,5,1:10.719
2024,11,2024_11,2,perez,6,1:10.621
2024,11,2024_11,2,piastri,7,1:10.541
2024,11,2024_11,2,hulkenberg,8,1:10.217
2024,11,2024_11,2,ocon,9,1:11.478
2024,11,2024_11,2,kevin_magnussen,10,1:11.184
2024,11,2024_11,2,gasly,11,1:11.383
2024,11,2024_11,2,ricciardo,12,1:11.645
2024,11,2024_11,2,tsunoda,13,1:11.613
2024,11,2024_11,2,alonso,14,1:12.316
2024,11,2024_11,2,albon,15,1:12.328
2024,11,2024_11,2,stroll,16,1:12.248
2024,11,2024_11,2,bottas,17,1:12.859
2024,11,2024_11,2,zhou,18,1:11.660
2024,11,2024_11,2,leclerc,19,1:38.807
2024,11,2024_11,2,sargeant,20,1:39.346
2024,11,2024_11,3,max_verstappen,1,1:09.857
2024,11,2024_11,3,norris,2,1:10.528
2024,11,2024_11,3,russell,3,1:10.441
2024,11,2024_11,3,hamilton,4,1:10.723
2024,11,2024_11,3,sainz,5,1:10.828
2024,11,2024_11,3,perez,6,1:10.719
2024,11,2024_11,3,piastri,7,1:10.743
2024,11,2024_11,3,hulkenberg,8,1:10.609
2024,11,2024_11,3,ocon,9,1:11.036
2024,11,2024_11,3,kevin_magnussen,10,1:11.051
2024,11,2024_11,3,gasly,11,1:11.190
2024,11,2024_11,3,ricciardo,12,1:11.361
2024,11,2024_11,3,tsunoda,13,1:11.537
2024,11,2024_11,3,alonso,14,1:11.424
2024,11,2024_11,3,albon,15,1:11.489
2024,11,2024_11,3,stroll,16,1:11.654
2024,11,2024_11,3,bottas,17,1:12.113
2024,11,2024_11,3,zhou,18,1:11.793
2024,11,2024_11,3,leclerc,19,1:10.738
2024,11,2024_11,3,sargeant,20,1:11.686
2024,11,2024_11,4,max_verstappen,1,1:09.903
2024,11,2024_11,4,norris,2,1:10.389
2024,11,2024_11,4,russell,3,1:10.467
2024,11,2024_11,4,hamilton,4,1:10.621
2024,11,2024_11,4,sainz,5,1:10.544
2024,11,2024_11,4,perez,6,1:10.791
2024,11,2024_11,4,piastri,7,1:10.810
2024,11,2024_11,4,hulkenberg,8,1:10.958
2024,11,2024_11,4,ocon,9,1:10.919
2024,11,2024_11,4,kevin_magnussen,10,1:11.044
2024,11,2024_11,4,gasly,11,1:11.045
2024,11,2024_11,4,ricciardo,12,1:11.195
2024,11,2024_11,4,tsunoda,13,1:11.316
2024,11,2024_11,4,alonso,14,1:11.555
2024,11,2024_11,4,albon,15,1:11.506
2024,11,2024_11,4,stroll,16,1:11.336
2024,11,2024_11,4,bottas,17,1:11.571
2024,11,2024_11,4,zhou,18,1:12.269
2024,11,2024_11,4,leclerc,19,1:10.326
2024,11,2024_11,4,sargeant,20,1:11.760
2024,11,2024_11,5,max_verstappen,1,1:10.005
2024,11,2024_11,5,norris,2,1:10.424
2024,11,2024_11,5,russell,3,1:10.193
2024,11,2024_11,5,hamilton,4,1:10.476
2024,11,2024_11,5,sainz,5,1:10.401
2024,11,2024_11,5,perez,6,1:10.639
2024,11,2024_11,5,piastri,7,1:10.607
2024,11,2024_11,5,hulkenberg,8,1:11.026
2024,11,2024_11,5,ocon,9,1:11.044
2024,11,2024_11,5,kevin_magnussen,10,1:10.920
2024,11,2024_11,5,gasly,11,1:11.011
2024,11,2024_11,5,ricciardo,12,1:11.032
2024,11,2024_11,5,tsunoda,13,1:11.406
2024,11,2024_11,5,alonso,14,1:11.505
2024,11,2024_11,5,albon,15,1:11.402
2024,11,2024_11,5,stroll,16,1:11.416
2024,11,2024_11,5,bottas,17,1:12.185
2024,11,2024_11,5,zhou,18,1:11.779
2024,11,2024_11,5,leclerc,19,1:10.685
2024,11,2024_11,5,sargeant,20,1:11.895
2024,12,2024_12,1,russell,1,1:35.211
2024,12,2024_12,1,hamilton,2,1:36.034
2024,12,2024_12,1,max_verstappen,3,1:36.711
2024,12,2024_12,1,norris,4,1:37.347
2024,12,2024_12,1,piastri,5,1:38.008
2024,12,2024_12,1,sainz,6,1:38.699
2024,12,2024_12,1,stroll,7,1:39.108
2024,12,2024_12,1,leclerc,8,1:39.663
2024,12,2024_12,1,hulkenberg,9,1:40.166
2024,12,2024_12,1,alonso,10,1:40.474
2024,12,2024_12,1,tsunoda,11,1:41.109
2024,12,2024_12,1,albon,12,1:41.588
2024,12,2024_12,1,sargeant,13,1:41.772
2024,12,2024_12,1,zhou,14,1:42.231
2024,12,2024_12,1,ricciardo,15,1:42.715
2024,12,2024_12,1,ocon,16,1:43.052
2024,12,2024_12,1,kevin_magnussen,17,1:43.681
2024,12,2024_12,1,bottas,18,1:44.290
2024,12,2024_12,1,perez,19,1:49.458
2024,12,2024_12,2,russell,1,1:31.418
2024,12,2024_12,2,hamilton,2,1:31.420
2024,12,2024_12,2,max_verstappen,3,1:31.773
2024,12,2024_12,2,norris,4,1:32.188
2024,12,2024_12,2,piastri,5,1:32.361
2024,12,2024_12,2,sainz,6,1:32.359
2024,12,2024_12,2,stroll,7,1:32.683
2024,12,2024_12,2,leclerc,8,1:32.858
2024,12,2024_12,2,hulkenberg,9,1:32.844
2024,12,2024_12,2,alonso,10,1:33.202
2024,12,2024_12,2,tsunoda,11,1:33.214
2024,12,2024_12,2,albon,12,1:33.158
2024,12,2024_12,2,sargeant,13,1:33.435
2024,12,2024_12,2,zhou,14,1:33.563
2024,12,2024_12,2,ricciardo,15,1:33.709
2024,12,2024_12,2,ocon,16,1:33.846
2024,12,2024_12,2,kevin_magnussen,17,1:34.216
2024,12,2024_12,2,bottas,18,1:35.368
2024,12,2024_12,2,perez,19,1:32.942
2024,12,2024_12,3,russell,1,1:31.298
2024,12,2024_12,3,hamilton,2,1:31.716
2024,12,2024_12,3,max_verstappen,3,1:32.200
2024,12,2024_12,3,norris,4,1:31.991
2024,12,2024_12,3,piastri,5,1:31.927
2024,12,2024_12,3,sainz,6,1:32.102
2024,12,2024_12,3,stroll,7,1:32.307
2024,12,2024_12,3,leclerc,8,1:32.369
2024,12,2024_12,3,hulkenberg,9,1:32.605
2024,12,2024_12,3,alonso,10,1:32.951
2024,12,2024_12,3,tsunoda,11,1:33.062
2024,12,2024_12,3,albon,12,1:33.373
2024,12,2024_12,3,sargeant,13,1:33.319
2024,12,2024_12,3,zhou,14,1:33.487
2024,12,2024_12,3,ricciardo,15,1:33.429
2024,12,2024_12,3,ocon,16,1:33.479
2024,12,2024_12,3,kevin_magnussen,17,1:33.259
2024,12,2024_12,3,bottas,18,1:34.447
2024,12,2024_12,3,perez,19,1:32.340
2024,12,2024_12,4,russell,1,1:31.799
2024,12,2024_12,4,hamilton,2,1:31.988
2024,12,2024_12,4,max_verstappen,3,1:31.933
2024,12,2024_12,4,norris,4,1:31.976
2024,12,2024_12,4,piastri,5,1:31.919
2024,12,2024_12,4,sainz,6,1:32.045
2024,12,2024_12,4,stroll,7,1:32.968
2024,12,2024_12,4,leclerc,8,1:32.705
2024,12,2024_12,4,hulkenberg,9,1:32.563
2024,12,2024_12,4,alonso,10,1:33.192
2024,12,2024_12,4,tsunoda,11,1:33.164
2024,12,2024_12,4,albon,12,1:33.059
2024,12,2024_12,4,sargeant,13,1:33.110
2024,12,2024_12,4,zhou,14,1:33.221
2024,12,2024_12,4,ricciardo,15,1:33.253
2024,12,2024_12,4,ocon,16,1:33.316
2024,12,2024_12,4,kevin_magnussen,17,1:33.110
2024,12,2024_12,4,perez,18,1:32.570
2024,12,2024_12,4,bottas,19,1:34.322
2024,12,2024_12,5,russell,1,1:31.628
2024,12,2024_12,5,hamilton,2,1:31.677
2024,12,2024_12,5,max_verstappen,3,1:31.778
2024,12,2024_12,5,norris,4,1:31.716
2024,12,2024_12,5,piastri,5,1:31.832
2024,12,2024_12,5,sainz,6,1:31.939
2024,12,2024_12,5,stroll,7,1:32.706
2024,12,2024_12,5,leclerc,8,1:32.697
2024,12,2024_12,5,hulkenberg,9,1:32.768
2024,12,2024_12,5,alonso,10,1:32.617
2024,12,2024_12,5,tsunoda,11,1:32.607
2024,12,2024_12,5,albon,12,1:32.846
2024,12,2024_12,5,sargeant,13,1:33.139
2024,12,2024_12,5,zhou,14,1:33.271
2024,12,2024_12,5,ricciardo,15,1:33.263
2024,12,2024_12,5,ocon,16,1:33.210
2024,12,2024_12,5,kevin_magnussen,17,1:32.999
2024,12,2024_12,5,perez,18,1:32.111
2024,12,2024_12,5,bottas,19,1:33.768
2024,12,2024_12,6,russell,1,1:31.625
2024,12,2024_12,6,hamilton,2,1:31.746
2024,12,2024_12,6,max_verstappen,3,1:31.711
2024,12,2024_12,6,norris,4,1:31.896
2024,12,2024_12,6,piastri,5,1:32.062
2024,13,2024_13,1,piastri,1,1:26.746
2024,13,2024_13,1,max_verstappen,2,1:28.336
2024,13,2024_13,1,norris,3,1:29.389
2024,13,2024_13,1,hamilton,4,1:30.241
2024,13,2024_13,1,leclerc,5,1:31.218
2024,13,2024_13,1,alonso,6,1:31.876
2024,13,2024_13,1,sainz,7,1:32.367
2024,13,2024_13,1,stroll,8,1:32.820
2024,13,2024_13,1,albon,9,1:33.240
2024,13,2024_13,1,kevin_magnussen,10,1:33.837
2024,13,2024_13,1,ricciardo,11,1:34.329
2024,13,2024_13,1,tsunoda,12,1:35.046
2024,13,2024_13,1,bottas,13,1:35.430
2024,13,2024_13,1,hulkenberg,14,1:35.921
2024,13,2024_13,1,ocon,15,1:36.411
2024,13,2024_13,1,russell,16,1:36.915
2024,13,2024_13,1,perez,17,1:37.441
2024,13,2024_13,1,sargeant,18,1:37.623
2024,13,2024_13,1,zhou,19,1:37.963
2024,13,2024_13,1,gasly,20,1:38.598
2024,13,2024_13,2,piastri,1,1:24.038
2024,13,2024_13,2,max_verstappen,2,1:24.026
2024,13,2024_13,2,norris,3,1:24.240
2024,13,2024_13,2,hamilton,4,1:24.832
2024,13,2024_13,2,leclerc,5,1:25.076
2024,13,2024_13,2,alonso,6,1:26.085
2024,13,2024_13,2,sainz,7,1:26.038
2024,13,2024_13,2,stroll,8,1:26.376
2024,13,2024_13,2,albon,9,1:26.441
2024,13,2024_13,2,kevin_magnussen,10,1:26.680
2024,13,2024_13,2,ricciardo,11,1:26.602
2024,13,2024_13,2,tsunoda,12,1:26.461
2024,13,2024_13,2,bottas,13,1:26.578
2024,13,2024_13,2,ocon,14,1:26.711
2024,13,2024_13,2,russell,15,1:26.918
2024,13,2024_13,2,sargeant,16,1:26.841
2024,13,2024_13,2,hulkenberg,17,1:28.821
2024,13,2024_13,2,perez,18,1:27.372
2024,13,2024_13,2,zhou,19,1:27.425
2024,13,2024_13,2,gasly,20,1:27.321
2024,13,2024_13,3,piastri,1,1:24.401
2024,13,2024_13,3,max_verstappen,2,1:24.075
2024,13,2024_13,3,norris,3,1:24.393
2024,13,2024_13,3,hamilton,4,1:24.679
2024,13,2024_13,3,leclerc,5,1:24.647
2024,13,2024_13,3,sainz,6,1:24.871
2024,13,2024_13,3,alonso,7,1:26.908
2024,13,2024_13,3,stroll,8,1:26.471
2024,13,2024_13,3,albon,9,1:26.583
2024,13,2024_13,3,kevin_magnussen,10,1:26.600
2024,13,2024_13,3,ricciardo,11,1:26.545
2024,13,2024_13,3,tsunoda,12,1:26.681
2024,13,2024_13,3,bottas,13,1:26.586
2024,13,2024_13,3,ocon,14,1:26.303
2024,13,2024_13,3,russell,15,1:26.012
2024,13,2024_13,3,sargeant,16,1:25.954
2024,13,2024_13,3,perez,17,1:26.051
2024,13,2024_13,3,zhou,18,1:26.130
2024,13,2024_13,3,gasly,19,1:26.056
2024,13,2024_13,3,hulkenberg,20,1:41.266
2024,13,2024_13,4,piastri,1,1:24.115
2024,13,2024_13,4,norris,2,1:23.627
2024,13,2024_13,4,max_verstappen,3,1:26.075
2024,13,2024_13,4,hamilton,4,1:24.279
2024,13,2024_13,4,leclerc,5,1:24.546
2024,13,2024_13,4,sainz,6,1:25.043
2024,13,2024_13,4,alonso,7,1:26.009
2024,13,2024_13,4,stroll,8,1:26.069
2024,13,2024_13,4,albon,9,1:25.933
2024,13,2024_13,4,kevin_magnussen,10,1:25.911
2024,13,2024_13,4,ricciardo,11,1:26.208
2024,13,2024_13,4,tsunoda,12,1:26.192
2024,13,2024_13,4,bottas,13,1:26.343
2024,13,2024_13,4,ocon,14,1:26.415
2024,13,2024_13,4,russell,15,1:26.339
2024,13,2024_13,4,sargeant,16,1:26.265
2024,13,2024_13,4,perez,17,1:26.364
2024,13,2024_13,4,zhou,18,1:26.361
2024,13,2024_13,4,gasly,19,1:26.409
2024,13,2024_13,4,hulkenberg,20,1:23.509
2024,13,2024_13,5,piastri,1,1:23.796
2024,13,2024_13,5,norris,2,1:23.804
2024,13,2024_13,5,max_verstappen,3,1:23.979
2024,13,2024_13,5,hamilton,4,1:24.001
2024,13,2024_13,5,leclerc,5,1:24.112
2024,13,2024_13,5,sainz,6,1:24.520
2024,13,2024_13,5,alonso,7,1:25.978
2024,13,2024_13,5,stroll,8,1:25.926
2024,13,2024_13,5,albon,9,1:26.179
2024,13,2024_13,5,kevin_magnussen,10,1:26.149
2024,13,2024_13,5,ricciardo,11,1:26.010
2024,13,2024_13,5,tsunoda,12,1:25.887
2024,13,2024_13,5,bottas,13,1:26.207
2024,13,2024_13,5,ocon,14,1:26.158
2024,13,2024_13,5,russell,15,1:26.217
2024,13,2024_13,5,sargeant,16,1:26.475
2024,13,2024_13,5,perez,17,1:26.461
2024,13,2024_13,5,zhou,18,1:26.498
2024,13,2024_13,5,gasly,19,1:26.594
2024,13,2024_13,5,hulkenberg,20,1:24.206
2024,14,2024_14,1,leclerc,1,1:51.912
2024,14,2024_14,1,hamilton,2,1:52.700
2024,14,2024_14,1,perez,3,1:53.439
2024,14,2024_14,1,piastri,4,1:54.248
2024,14,2024_14,1,russell,5,1:54.763
2024,14,2024_14,1,sainz,6,1:55.270
2024,14,2024_14,1,norris,7,1:55.727
2024,14,2024_14,1,alonso,8,1:56.577
2024,14,2024_14,1,max_verstappen,9,1:57.183
2024,14,2024_14,1,albon,10,1:57.321
2024,14,2024_14,1,ocon,11,1:57.847
2024,14,2024_14,1,gasly,12,1:58.554
2024,14,2024_14,1,bottas,13,1:58.761
2024,14,2024_14,1,ricciardo,14,1:59.256
2024,14,2024_14,1,stroll,15,1:59.618
2024,14,2024_14,1,hulkenberg,16,2:00.156
2024,14,2024_14,1,kevin_magnussen,17,2:00.748
2024,14,2024_14,1,zhou,18,2:01.121
2024,14,2024_14,1,tsunoda,19,2:01.641
2024,14,2024_14,1,sargeant,20,2:02.190
2024,14,2024_14,2,leclerc,1,1:50.240
2024,14,2024_14,2,hamilton,2,1:49.849
2024,14,2024_14,2,perez,3,1:50.240
2024,14,2024_14,2,piastri,4,1:50.164
2024,14,2024_14,2,russell,5,1:50.160
2024,14,2024_14,2,sainz,6,1:50.260
2024,14,2024_14,2,norris,7,1:50.504
2024,14,2024_14,2,max_verstappen,8,1:49.828
2024,14,2024_14,2,alonso,9,1:51.316
2024,14,2024_14,2,albon,10,1:51.283
2024,14,2024_14,2,ocon,11,1:51.312
2024,14,2024_14,2,gasly,12,1:51.273
2024,14,2024_14,2,bottas,13,1:51.452
2024,14,2024_14,2,ricciardo,14,1:51.541
2024,14,2024_14,2,stroll,15,1:51.654
2024,14,2024_14,2,hulkenberg,16,1:51.800
2024,14,2024_14,2,kevin_magnussen,17,1:51.732
2024,14,2024_14,2,zhou,18,1:52.099
2024,14,2024_14,2,tsunoda,19,1:52.391
2024,14,2024_14,2,sargeant,20,1:52.288
2024,14,2024_14,3,hamilton,1,1:49.109
2024,14,2024_14,3,leclerc,2,1:50.519
2024,14,2024_14,3,perez,3,1:49.983
2024,14,2024_14,3,piastri,4,1:49.971
2024,14,2024_14,3,russell,5,1:50.012
2024,14,2024_14,3,sainz,6,1:50.113
2024,14,2024_14,3,norris,7,1:50.131
2024,14,2024_14,3,max_verstappen,8,1:50.141
2024,14,2024_14,3,alonso,9,1:50.204
2024,14,2024_14,3,albon,10,1:50.200
2024,14,2024_14,3,ocon,11,1:50.518
2024,14,2024_14,3,gasly,12,1:50.757
2024,14,2024_14,3,bottas,13,1:51.085
2024,14,2024_14,3,ricciardo,14,1:51.215
2024,14,2024_14,3,stroll,15,1:51.394
2024,14,2024_14,3,hulkenberg,16,1:51.234
2024,14,2024_14,3,kevin_magnussen,17,1:51.314
2024,14,2024_14,3,tsunoda,18,1:51.051
2024,14,2024_14,3,sargeant,19,1:51.366
2024,14,2024_14,3,zhou,20,3:01.122
2024,14,2024_14,4,hamilton,1,1:49.808
2024,14,2024_14,4,leclerc,2,1:49.796
2024,14,2024_14,4,perez,3,1:49.790
2024,14,2024_14,4,piastri,4,1:49.847
2024,14,2024_14,4,russell,5,1:50.057
2024,14,2024_14,4,sainz,6,1:49.882
2024,14,2024_14,4,norris,7,1:50.012
2024,14,2024_14,4,max_verstappen,8,1:50.055
2024,14,2024_14,4,alonso,9,1:50.421
2024,14,2024_14,4,albon,10,1:50.310
2024,14,2024_14,4,ocon,11,1:50.371
2024,14,2024_14,4,gasly,12,1:50.366
2024,14,2024_14,4,bottas,13,1:50.527
2024,14,2024_14,4,ricciardo,14,1:50.715
2024,14,2024_14,4,stroll,15,1:50.819
2024,14,2024_14,4,hulkenberg,16,1:50.912
2024,14,2024_14,4,kevin_magnussen,17,1:51.004
2024,14,2024_14,4,tsunoda,18,1:50.858
2024,14,2024_14,4,sargeant,19,1:50.772
2024,14,2024_14,4,zhou,20,1:52.376
2024,14,2024_14,5,hamilton,1,1:49.376
2024,14,2024_14,5,leclerc,2,1:49.494
2024,14,2024_14,5,perez,3,1:49.896
2024,14,2024_14,5,piastri,4,1:50.085
2024,14,2024_14,5,russell,5,1:50.185
2024,14,2024_14,5,sainz,6,1:50.237
2024,14,2024_14,5,norris,7,1:50.155
2024,14,2024_14,5,max_verstappen,8,1:50.138
2024,14,2024_14,5,alonso,9,1:50.690
2024,14,2024_14,5,albon,10,1:50.723
2024,14,2024_14,5,ocon,11,1:50.636
2024,14,2024_14,5,gasly,12,1:50.528
2024,14,2024_14,5,bottas,13,1:50.462
2024,14,2024_14,5,ricciardo,14,1:50.314
2024,14,2024_14,5,stroll,15,1:50.495
2024,14,2024_14,5,hulkenberg,16,1:50.769
2024,14,2024_14,5,kevin_magnussen,17,1:50.787
2024,14,2024_14,5,tsunoda,18,1:50.956
2024,14,2024_14,5,sargeant,19,1:51.115
2024,14,2024_14,5,zhou,20,2:13.633
2024,15,2024_15,1,max_verstappen,1,1:19.915
2024,15,2024_15,1,norris,2,1:20.878
2024,15,2024_15,1,russell,3,1:21.729
2024,15,2024_15,1,piastri,4,1:22.638
2024,15,2024_15,1,leclerc,5,1:23.322
2024,15,2024_15,1,perez,6,1:23.931
2024,15,2024_15,1,gasly,7,1:24.654
2024,15,2024_15,1,alonso,8,1:24.726
2024,15,2024_15,1,sainz,9,1:25.474
2024,15,2024_15,1,stroll,10,1:25.703
2024,15,2024_15,1,hulkenberg,11,1:26.432
2024,15,2024_15,1,tsunoda,12,1:26.878
2024,15,2024_15,1,hamilton,13,1:27.280
2024,15,2024_15,1,bottas,14,1:27.361
2024,15,2024_15,1,ricciardo,15,1:27.950
2024,15,2024_15,1,ocon,16,1:28.161
2024,15,2024_15,1,albon,17,1:28.535
2024,15,2024_15,1,sargeant,18,1:29.090
2024,15,2024_15,1,zhou,19,1:29.615
2024,15,2024_15,1,kevin_magnussen,20,1:30.772
2024,15,2024_15,2,max_verstappen,1,1:16.106
2024,15,2024_15,2,norris,2,1:16.134
2024,15,2024_15,2,russell,3,1:16.389
2024,15,2024_15,2,piastri,4,1:16.240
2024,15,2024_15,2,leclerc,5,1:16.695
2024,15,2024_15,2,perez,6,1:16.479
2024,15,2024_15,2,gasly,7,1:16.896
2024,15,2024_15,2,alonso,8,1:17.392
2024,15,2024_15,2,sainz,9,1:17.277
2024,15,2024_15,2,stroll,10,1:17.513
2024,15,2024_15,2,hulkenberg,11,1:17.461
2024,15,2024_15,2,hamilton,12,1:17.761
2024,15,2024_15,2,tsunoda,13,1:18.781
2024,15,2024_15,2,bottas,14,1:18.403
2024,15,2024_15,2,ricciardo,15,1:19.111
2024,15,2024_15,2,ocon,16,1:19.229
2024,15,2024_15,2,albon,17,1:19.114
2024,15,2024_15,2,sargeant,18,1:19.031
2024,15,2024_15,2,kevin_magnussen,19,1:17.487
2024,15,2024_15,2,zhou,20,1:19.338
2024,15,2024_15,3,max_verstappen,1,1:16.131
2024,15,2024_15,3,norris,2,1:16.496
2024,15,2024_15,3,russell,3,1:16.532
2024,15,2024_15,3,piastri,4,1:16.264
2024,15,2024_15,3,leclerc,5,1:16.475
2024,15,2024_15,3,perez,6,1:16.421
2024,15,2024_15,3,gasly,7,1:16.914
2024,15,2024_15,3,alonso,8,1:16.865
2024,15,2024_15,3,sainz,9,1:16.875
2024,15,2024_15,3,stroll,10,1:17.178
2024,15,2024_15,3,hulkenberg,11,1:17.247
2024,15,2024_15,3,hamilton,12,1:16.489
2024,15,2024_15,3,tsunoda,13,1:17.209
2024,15,2024_15,3,bottas,14,1:18.388
2024,15,2024_15,3,ricciardo,15,1:17.667
2024,15,2024_15,3,ocon,16,1:17.768
2024,15,2024_15,3,albon,17,1:18.072
2024,15,2024_15,3,sargeant,18,1:18.339
2024,15,2024_15,3,zhou,19,1:18.203
2024,15,2024_15,3,kevin_magnussen,20,1:23.466
2024,15,2024_15,4,max_verstappen,1,1:16.432
2024,15,2024_15,4,norris,2,1:16.304
2024,15,2024_15,4,russell,3,1:16.633
2024,15,2024_15,4,piastri,4,1:16.678
2024,15,2024_15,4,leclerc,5,1:16.131
2024,15,2024_15,4,perez,6,1:16.566
2024,15,2024_15,4,gasly,7,1:16.934
2024,15,2024_15,4,alonso,8,1:16.661
2024,15,2024_15,4,sainz,9,1:16.823
2024,15,2024_15,4,stroll,10,1:16.778
2024,15,2024_15,4,hulkenberg,11,1:17.040
2024,15,2024_15,4,hamilton,12,1:16.974
2024,15,2024_15,4,tsunoda,13,1:16.957
2024,15,2024_15,4,bottas,14,1:17.218
2024,15,2024_15,4,ricciardo,15,1:17.402
2024,15,2024_15,4,ocon,16,1:17.671
2024,15,2024_15,4,albon,17,1:17.747
2024,15,2024_15,4,sargeant,18,1:17.936
2024,15,2024_15,4,zhou,19,1:18.108
2024,15,2024_15,4,kevin_magnussen,20,1:16.363
2024,15,2024_15,5,max_verstappen,1,1:16.181
2024,15,2024_15,5,norris,2,1:16.271
2024,15,2024_15,5,russell,3,1:16.562
2024,15,2024_15,5,piastri,4,1:16.760
2024,15,2024_15,5,leclerc,5,1:16.806
2024,15,2024_15,5,perez,6,1:16.747
2024,15,2024_15,5,gasly,7,1:16.735
2024,15,2024_15,5,alonso,8,1:17.135
2024,15,2024_15,5,sainz,9,1:16.962
2024,15,2024_15,5,stroll,10,1:16.936
2024,15,2024_15,5,hulkenberg,11,1:16.757
2024,15,2024_15,5,hamilton,12,1:16.854
2024,15,2024_15,5,tsunoda,13,1:16.551
2024,15,2024_15,5,bottas,14,1:17.343
2024,15,2024_15,5,ricciardo,15,1:17.115
2024,15,2024_15,5,ocon,16,1:17.327
2024,15,2024_15,5,albon,17,1:17.438
2024,15,2024_15,5,sargeant,18,1:17.487
2024,15,2024_15,5,zhou,19,1:18.166
2024,15,2024_15,5,kevin_magnussen,20,1:16.869
2024,16,2024_16,1,piastri,1,1:27.623
2024,16,2024_16,1,leclerc,2,1:28.179
2024,16,2024_16,1,norris,3,1:28.971
2024,16,2024_16,1,sainz,4,1:29.345
2024,16,2024_16,1,hamilton,5,1:29.674
2024,16,2024_16,1,max_verstappen,6,1:30.354
2024,16,2024_16,1,russell,7,1:31.512
2024,16,2024_16,1,perez,8,1:31.698
2024,16,2024_16,1,albon,9,1:31.965
2024,16,2024_16,1,alonso,10,1:32.411
2024,16,2024_16,1,ricciardo,11,1:33.104
2024,16,2024_16,1,kevin_magnussen,12,1:33.931
2024,16,2024_16,1,gasly,13,1:34.873
2024,16,2024_16,1,tsunoda,14,1:35.235
2024,16,2024_16,1,ocon,15,1:35.432
2024,16,2024_16,1,hulkenberg,16,1:35.519
2024,16,2024_16,1,stroll,17,1:35.810
2024,16,2024_16,1,colapinto,18,1:35.885
2024,16,2024_16,1,bottas,19,1:36.375
2024,16,2024_16,1,zhou,20,1:36.732
2024,16,2024_16,2,piastri,1,1:25.116
2024,16,2024_16,2,leclerc,2,1:25.396
2024,16,2024_16,2,norris,3,1:25.458
2024,16,2024_16,2,sainz,4,1:25.731
2024,16,2024_16,2,hamilton,5,1:26.043
2024,16,2024_16,2,max_verstappen,6,1:26.170
2024,16,2024_16,2,russell,7,1:26.055
2024,16,2024_16,2,perez,8,1:26.411
2024,16,2024_16,2,albon,9,1:27.011
2024,16,2024_16,2,alonso,10,1:27.236
2024,16,2024_16,2,ricciardo,11,1:27.177
2024,16,2024_16,2,kevin_magnussen,12,1:27.205
2024,16,2024_16,2,gasly,13,1:26.606
2024,16,2024_16,2,ocon,14,1:26.837
2024,16,2024_16,2,tsunoda,15,1:27.538
2024,16,2024_16,2,hulkenberg,16,1:27.512
2024,16,2024_16,2,colapinto,17,1:27.845
2024,16,2024_16,2,stroll,18,1:28.342
2024,16,2024_16,2,bottas,19,1:28.377
2024,16,2024_16,2,zhou,20,1:28.721
2024,16,2024_16,3,piastri,1,1:25.261
2024,16,2024_16,3,leclerc,2,1:25.179
2024,16,2024_16,3,norris,3,1:25.110
2024,16,2024_16,3,sainz,4,1:25.358
2024,16,2024_16,3,hamilton,5,1:25.630
2024,16,2024_16,3,max_verstappen,6,1:25.855
2024,16,2024_16,3,russell,7,1:25.733
2024,16,2024_16,3,perez,8,1:25.757
2024,16,2024_16,3,albon,9,1:26.282
2024,16,2024_16,3,alonso,10,1:26.410
2024,16,2024_16,3,ricciardo,11,1:26.588
2024,16,2024_16,3,kevin_magnussen,12,1:26.584
2024,16,2024_16,3,gasly,13,1:26.646
2024,16,2024_16,3,ocon,14,1:26.466
2024,16,2024_16,3,tsunoda,15,1:26.665
2024,16,2024_16,3,hulkenberg,16,1:26.434
2024,16,2024_16,3,colapinto,17,1:26.578
2024,16,2024_16,3,stroll,18,1:26.734
2024,16,2024_16,3,bottas,19,1:26.918
2024,16,2024_16,3,zhou,20,1:26.997
2024,16,2024_16,4,piastri,1,1:24.695
2024,16,2024_16,4,leclerc,2,1:24.810
2024,16,2024_16,4,norris,3,1:25.168
2024,16,2024_16,4,sainz,4,1:25.086
2024,16,2024_16,4,hamilton,5,1:25.722
2024,16,2024_16,4,max_verstappen,6,1:25.633
2024,16,2024_16,4,russell,7,1:25.762
2024,16,2024_16,4,perez,8,1:25.805
2024,16,2024_16,4,albon,9,1:26.527
2024,16,2024_16,4,alonso,10,1:26.411
2024,16,2024_16,4,ricciardo,11,1:26.488
2024,16,2024_16,4,kevin_magnussen,12,1:26.372
2024,16,2024_16,4,gasly,13,1:26.395
2024,16,2024_16,4,ocon,14,1:26.297
2024,16,2024_16,4,tsunoda,15,1:26.198
2024,16,2024_16,4,hulkenberg,16,1:26.541
2024,16,2024_16,4,colapinto,17,1:26.250
2024,16,2024_16,4,stroll,18,1:26.253
2024,16,2024_16,4,bottas,19,1:26.324
2024,16,2024_16,4,zhou,20,1:26.226
2024,16,2024_16,5,piastri,1,1:24.660
2024,16,2024_16,5,leclerc,2,1:24.603
2024,16,2024_16,5,norris,3,1:24.674
2024,16,2024_16,5,sainz,4,1:25.006
2024,16,2024_16,5,hamilton,5,1:24.771
2024,16,2024_16,5,max_verstappen,6,1:25.218
2024,16,2024_16,5,russell,7,1:25.494
2024,16,2024_16,5,perez,8,1:25.447
2024,16,2024_16,5,albon,9,1:26.039
2024,16,2024_16,5,alonso,10,1:26.218
2024,16,2024_16,5,ricciardo,11,1:26.251
2024,16,2024_16,5,kevin_magnussen,12,1:26.142
2024,16,2024_16,5,gasly,13,1:26.361
2024,16,2024_16,5,ocon,14,1:26.568
2024,16,2024_16,5,colapinto,15,1:27.151
2024,16,2024_16,5,stroll,16,1:27.234
2024,16,2024_16,5,bottas,17,1:28.242
2024,16,2024_16,5,hulkenberg,18,1:31.729
2024,16,2024_16,5,tsunoda,19,1:32.241
2024,16,2024_16,5,zhou,20,1:29.256
2024,17,2024_17,1,leclerc,1,1:52.106
2024,17,2024_17,1,piastri,2,1:52.903
2024,17,2024_17,1,perez,3,1:53.923
2024,17,2024_17,1,sainz,4,1:54.797
2024,17,2024_17,1,max_verstappen,5,1:55.490
2024,17,2024_17,1,russell,6,1:56.420
2024,17,2024_17,1,alonso,7,1:57.400
2024,17,2024_17,1,colapinto,8,1:58.293
2024,17,2024_17,1,albon,9,1:59.047
2024,17,2024_17,1,bearman,10,2:00.008
2024,17,2024_17,1,tsunoda,11,2:03.649
2024,17,2024_17,1,norris,12,2:03.761
2024,17,2024_17,1,hulkenberg,13,2:03.833
2024,17,2024_17,1,ricciardo,14,2:03.929
2024,17,2024_17,1,gasly,15,2:04.448
2024,17,2024_17,1,bottas,16,2:04.469
2024,17,2024_17,1,hamilton,17,2:05.704
2024,17,2024_17,1,zhou,18,2:05.800
2024,17,2024_17,1,ocon,19,2:06.969
2024,17,2024_17,1,stroll,20,2:11.014
2024,17,2024_17,2,leclerc,1,1:49.283
2024,17,2024_17,2,piastri,2,1:48.944
2024,17,2024_17,2,perez,3,1:49.236
2024,17,2024_17,2,sainz,4,1:49.120
2024,17,2024_17,2,max_verstappen,5,1:49.632
2024,17,2024_17,2,russell,6,1:49.738
2024,17,2024_17,2,alonso,7,1:50.081
2024,17,2024_17,2,colapinto,8,1:50.410
2024,17,2024_17,2,albon,9,1:50.846
2024,17,2024_17,2,bearman,10,1:50.738
2024,17,2024_17,2,tsunoda,11,1:51.648
2024,17,2024_17,2,norris,12,1:51.638
2024,17,2024_17,2,hulkenberg,13,1:52.034
2024,17,2024_17,2,ricciardo,14,1:52.896
2024,17,2024_17,2,gasly,15,1:52.861
2024,17,2024_17,2,hamilton,16,1:52.922
2024,17,2024_17,2,bottas,17,1:54.291
2024,17,2024_17,2,zhou,18,1:53.999
2024,17,2024_17,2,ocon,19,1:53.518
2024,17,2024_17,2,stroll,20,2:08.417
2024,17,2024_17,3,leclerc,1,1:48.412
2024,17,2024_17,3,piastri,2,1:48.811
2024,17,2024_17,3,perez,3,1:48.814
2024,17,2024_17,3,sainz,4,1:49.375
2024,17,2024_17,3,max_verstappen,5,1:49.130
2024,17,2024_17,3,russell,6,1:49.359
2024,17,2024_17,3,alonso,7,1:50.262
2024,17,2024_17,3,colapinto,8,1:50.414
2024,17,2024_17,3,albon,9,1:50.457
2024,17,2024_17,3,bearman,10,1:50.677
2024,17,2024_17,3,norris,11,1:50.219
2024,17,2024_17,3,hulkenberg,12,1:50.450
2024,17,2024_17,3,ricciardo,13,1:51.710
2024,17,2024_17,3,tsunoda,14,1:53.328
2024,17,2024_17,3,gasly,15,1:51.565
2024,17,2024_17,3,hamilton,16,1:50.970
2024,17,2024_17,3,bottas,17,1:52.710
2024,17,2024_17,3,zhou,18,1:52.110
2024,17,2024_17,3,ocon,19,1:52.028
2024,17,2024_17,3,stroll,20,1:50.819
2024,17,2024_17,4,leclerc,1,1:48.408
2024,17,2024_17,4,piastri,2,1:48.408
2024,17,2024_17,4,perez,3,1:48.727
2024,17,2024_17,4,sainz,4,1:49.167
2024,17,2024_17,4,max_verstappen,5,1:49.608
2024,17,2024_17,4,russell,6,1:49.199
2024,17,2024_17,4,alonso,7,1:49.975
2024,17,2024_17,4,colapinto,8,1:49.916
2024,17,2024_17,4,albon,9,1:50.185
2024,17,2024_17,4,bearman,10,1:50.282
2024,17,2024_17,4,norris,11,1:49.767
2024,17,2024_17,4,hulkenberg,12,1:50.277
2024,17,2024_17,4,ricciardo,13,1:49.436
2024,17,2024_17,4,gasly,14,1:49.849
2024,17,2024_17,4,hamilton,15,1:50.351
2024,17,2024_17,4,tsunoda,16,1:53.997
2024,17,2024_17,4,bottas,17,1:51.585
2024,17,2024_17,4,zhou,18,1:51.671
2024,17,2024_17,4,ocon,19,1:51.514
2024,17,2024_17,4,stroll,20,1:50.480
2024,17,2024_17,5,leclerc,1,1:48.314
2024,17,2024_17,5,piastri,2,1:48.070
2024,17,2024_17,5,perez,3,1:48.768
2024,17,2024_17,5,sainz,4,1:49.039
2024,17,2024_17,5,max_verstappen,5,1:49.245
2024,17,2024_17,5,russell,6,1:48.952
2024,17,2024_17,5,alonso,7,1:50.103
2024,17,2024_17,5,colapinto,8,1:50.137
2024,17,2024_17,5,albon,9,1:49.780
2024,17,2024_17,5,bearman,10,1:50.510
2024,17,2024_17,5,norris,11,1:49.386
2024,17,2024_17,5,hulkenberg,12,1:49.113
2024,17,2024_17,5,ricciardo,13,1:49.690
2024,17,2024_17,5,gasly,14,1:50.116
2024,17,2024_17,5,hamilton,15,1:50.358
2024,17,2024_17,5,tsunoda,16,1:53.121
2024,17,2024_17,5,bottas,17,1:53.313
2024,17,2024_17,5,zhou,18,1:53.333
2024,17,2024_17,5,ocon,19,1:53.318
2024,17,2024_17,5,stroll,20,1:49.970
2024,18,2024_18,1,norris,1,1:40.424
2024,18,2024_18,1,max_verstappen,2,1:41.413
2024,18,2024_18,1,hamilton,3,1:42.702
2024,18,2024_18,1,russell,4,1:43.822
2024,18,2024_18,1,piastri,5,1:45.268
2024,18,2024_18,1,hulkenberg,6,1:45.723
2024,18,2024_18,1,alonso,7,1:46.384
2024,18,2024_18,1,leclerc,8,1:47.090
2024,18,2024_18,1,colapinto,9,1:47.696
2024,18,2024_18,1,perez,10,1:48.150
2024,18,2024_18,1,tsunoda,11,1:48.899
2024,18,2024_18,1,sainz,12,1:49.501
2024,18,2024_18,1,ocon,13,1:49.927
2024,18,2024_18,1,kevin_magnussen,14,1:50.409
2024,18,2024_18,1,albon,15,1:50.771
2024,18,2024_18,1,ricciardo,16,1:51.319
2024,18,2024_18,1,gasly,17,1:51.981
2024,18,2024_18,1,stroll,18,1:52.609
2024,18,2024_18,1,bottas,19,1:53.361
2024,18,2024_18,1,zhou,20,1:53.822
2024,18,2024_18,2,norris,1,1:38.480
2024,18,2024_18,2,max_verstappen,2,1:38.790
2024,18,2024_18,2,hamilton,3,1:38.853
2024,18,2024_18,2,russell,4,1:38.489
2024,18,2024_18,2,piastri,5,1:38.939
2024,18,2024_18,2,hulkenberg,6,1:39.449
2024,18,2024_18,2,alonso,7,1:39.584
2024,18,2024_18,2,leclerc,8,1:39.775
2024,18,2024_18,2,colapinto,9,1:39.890
2024,18,2024_18,2,perez,10,1:39.896
2024,18,2024_18,2,tsunoda,11,1:39.994
2024,18,2024_18,2,sainz,12,1:40.217
2024,18,2024_18,2,ocon,13,1:40.405
2024,18,2024_18,2,kevin_magnussen,14,1:40.386
2024,18,2024_18,2,albon,15,1:40.750
2024,18,2024_18,2,ricciardo,16,1:40.947
2024,18,2024_18,2,gasly,17,1:40.948
2024,18,2024_18,2,stroll,18,1:41.184
2024,18,2024_18,2,bottas,19,1:41.165
2024,18,2024_18,2,zhou,20,1:41.595
2024,18,2024_18,3,norris,1,1:38.406
2024,18,2024_18,3,max_verstappen,2,1:38.917
2024,18,2024_18,3,hamilton,3,1:39.254
2024,18,2024_18,3,russell,4,1:39.712
2024,18,2024_18,3,piastri,5,1:39.350
2024,18,2024_18,3,hulkenberg,6,1:39.222
2024,18,2024_18,3,alonso,7,1:39.286
2024,18,2024_18,3,leclerc,8,1:39.140
2024,18,2024_18,3,colapinto,9,1:39.371
2024,18,2024_18,3,perez,10,1:39.629
2024,18,2024_18,3,tsunoda,11,1:39.420
2024,18,2024_18,3,sainz,12,1:39.441
2024,18,2024_18,3,ocon,13,1:39.512
2024,18,2024_18,3,kevin_magnussen,14,1:39.696
2024,18,2024_18,3,albon,15,1:39.762
2024,18,2024_18,3,ricciardo,16,1:40.057
2024,18,2024_18,3,gasly,17,1:40.394
2024,18,2024_18,3,stroll,18,1:40.400
2024,18,2024_18,3,bottas,19,1:40.651
2024,18,2024_18,3,zhou,20,1:40.701
2024,18,2024_18,4,norris,1,1:38.446
2024,18,2024_18,4,max_verstappen,2,1:38.470
2024,18,2024_18,4,hamilton,3,1:39.068
2024,18,2024_18,4,russell,4,1:39.170
2024,18,2024_18,4,piastri,5,1:39.356
2024,18,2024_18,4,hulkenberg,6,1:39.510
2024,18,2024_18,4,alonso,7,1:39.395
2024,18,2024_18,4,leclerc,8,1:39.310
2024,18,2024_18,4,colapinto,9,1:39.290
2024,18,2024_18,4,perez,10,1:39.151
2024,18,2024_18,4,tsunoda,11,1:39.296
2024,18,2024_18,4,sainz,12,1:39.105
2024,18,2024_18,4,ocon,13,1:39.087
2024,18,2024_18,4,kevin_magnussen,14,1:39.489
2024,18,2024_18,4,albon,15,1:39.285
2024,18,2024_18,4,ricciardo,16,1:39.545
2024,18,2024_18,4,gasly,17,1:39.479
2024,18,2024_18,4,stroll,18,1:39.543
2024,18,2024_18,4,bottas,19,1:40.126
2024,18,2024_18,4,zhou,20,1:39.955
2024,18,2024_18,5,norris,1,1:37.938
2024,18,2024_18,5,max_verstappen,2,1:37.906
2024,18,2024_18,5,hamilton,3,1:38.294
2024,18,2024_18,5,russell,4,1:38.604
2024,18,2024_18,5,piastri,5,1:38.667
2024,18,2024_18,5,hulkenberg,6,1:38.649
2024,18,2024_18,5,alonso,7,1:39.036
2024,18,2024_18,5,leclerc,8,1:39.041
2024,18,2024_18,5,colapinto,9,1:38.954
2024,18,2024_18,5,perez,10,1:39.064
2024,18,2024_18,5,tsunoda,11,1:39.034
2024,18,2024_18,5,sainz,12,1:39.118
2024,18,2024_18,5,ocon,13,1:39.221
2024,18,2024_18,5,kevin_magnussen,14,1:38.948
2024,18,2024_18,5,albon,15,1:39.252
2024,18,2024_18,5,ricciardo,16,1:39.585
2024,18,2024_18,5,gasly,17,1:39.582
2024,18,2024_18,5,stroll,18,1:39.613
2024,18,2024_18,5,bottas,19,1:39.848
2024,18,2024_18,5,zhou,20,1:39.892
2024,19,2024_19,1,leclerc,1,1:39.987
2024,19,2024_19,1,max_verstappen,2,1:41.657
2024,19,2024_19,1,sainz,3,1:42.273
2024,19,2024_19,1,norris,4,1:42.902
2024,19,2024_19,1,piastri,5,1:43.937
2024,19,2024_19,1,gasly,6,1:44.426
2024,19,2024_19,1,kevin_magnussen,7,1:45.073
2024,19,2024_19,1,tsunoda,8,1:45.613
2024,19,2024_19,1,perez,9,1:46.074
2024,19,2024_19,1,alonso,10,1:46.421
2024,19,2024_19,1,hulkenberg,11,1:47.084
2024,19,2024_19,1,hamilton,12,1:48.064
2024,19,2024_19,1,stroll,13,1:48.520
2024,19,2024_19,1,lawson,14,1:48.974
2024,19,2024_19,1,zhou,15,1:49.473
2024,19,2024_19,1,colapinto,16,1:49.923
2024,19,2024_19,1,bottas,17,1:50.705
2024,19,2024_19,1,albon,18,1:51.269
2024,19,2024_19,1,russell,19,1:51.647
2024,19,2024_19,1,ocon,20,1:56.745
2024,19,2024_19,2,leclerc,1,1:40.341
2024,19,2024_19,2,max_verstappen,2,1:39.991
2024,19,2024_19,2,sainz,3,1:39.923
2024,19,2024_19,2,norris,4,1:40.864
2024,19,2024_19,2,piastri,5,1:41.768
2024,19,2024_19,2,gasly,6,1:42.067
2024,19,2024_19,2,kevin_magnussen,7,1:42.038
2024,19,2024_19,2,tsunoda,8,1:42.114
2024,19,2024_19,2,perez,9,1:42.416
2024,19,2024_19,2,alonso,10,1:42.720
2024,19,2024_19,2,hulkenberg,11,1:42.841
2024,19,2024_19,2,stroll,12,1:42.792
2024,19,2024_19,2,lawson,13,1:42.809
2024,19,2024_19,2,zhou,14,1:42.960
2024,19,2024_19,2,colapinto,15,1:43.005
2024,19,2024_19,2,bottas,16,1:43.075
2024,19,2024_19,2,russell,17,1:43.503
2024,19,2024_19,2,albon,18,1:44.544
2024,19,2024_19,2,ocon,19,1:41.717
2024,19,2024_19,3,leclerc,1,2:02.873
2024,19,2024_19,3,max_verstappen,2,2:02.849
2024,19,2024_19,3,sainz,3,2:03.612
2024,19,2024_19,3,norris,4,2:04.410
2024,19,2024_19,3,piastri,5,2:06.009
2024,19,2024_19,3,gasly,6,2:08.872
2024,19,2024_19,3,kevin_magnussen,7,2:08.559
2024,19,2024_19,3,tsunoda,8,2:11.600
2024,19,2024_19,3,perez,9,2:12.043
2024,19,2024_19,3,alonso,10,2:13.660
2024,19,2024_19,3,hulkenberg,11,2:14.259
2024,19,2024_19,3,stroll,12,2:14.001
2024,19,2024_19,3,lawson,13,2:15.152
2024,19,2024_19,3,zhou,14,2:16.979
2024,19,2024_19,3,colapinto,15,2:17.406
2024,19,2024_19,3,bottas,16,2:18.546
2024,19,2024_19,3,albon,17,2:16.698
2024,19,2024_19,3,russell,18,2:20.454
2024,19,2024_19,3,ocon,19,2:18.048
2024,19,2024_19,4,leclerc,1,2:31.204
2024,19,2024_19,4,max_verstappen,2,2:31.496
2024,19,2024_19,4,sainz,3,2:31.665
2024,19,2024_19,4,norris,4,2:30.670
2024,19,2024_19,4,piastri,5,2:29.123
2024,19,2024_19,4,gasly,6,2:29.840
2024,19,2024_19,4,kevin_magnussen,7,2:30.492
2024,19,2024_19,4,tsunoda,8,2:30.263
2024,19,2024_19,4,perez,9,2:30.697
2024,19,2024_19,4,alonso,10,2:29.599
2024,19,2024_19,4,hulkenberg,11,2:29.504
2024,19,2024_19,4,stroll,12,2:30.476
2024,19,2024_19,4,lawson,13,2:30.921
2024,19,2024_19,4,zhou,14,2:29.649
2024,19,2024_19,4,colapinto,15,2:30.829
2024,19,2024_19,4,bottas,16,2:30.342
2024,19,2024_19,4,russell,17,2:30.121
2024,19,2024_19,4,ocon,18,2:30.669
2024,19,2024_19,4,albon,19,2:36.139
2024,19,2024_19,5,leclerc,1,2:48.785
2024,19,2024_19,5,max_verstappen,2,2:47.623
2024,19,2024_19,5,sainz,3,2:46.655
2024,19,2024_19,5,norris,4,2:45.769
2024,19,2024_19,5,piastri,5,2:44.254
2024,19,2024_19,5,gasly,6,2:40.207
2024,19,2024_19,5,kevin_magnussen,7,2:39.607
2024,19,2024_19,5,tsunoda,8,2:36.517
2024,19,2024_19,5,perez,9,2:35.478
2024,19,2024_19,5,alonso,10,2:34.538
2024,19,2024_19,5,hulkenberg,11,2:33.617
2024,19,2024_19,5,stroll,12,2:32.040
2024,19,2024_19,5,lawson,13,2:30.275
2024,19,2024_19,5,zhou,14,2:29.529
2024,19,2024_19,5,colapinto,15,2:27.801
2024,19,2024_19,5,bottas,16,2:26.661
2024,19,2024_19,5,russell,17,2:23.987
2024,19,2024_19,5,ocon,18,2:23.011
2024,19,2024_19,5,albon,19,2:21.937
2024,19,2024_19,6,leclerc,1,1:38.951
2024,19,2024_19,6,max_verstappen,2,1:39.779
2024,19,2024_19,6,sainz,3,1:40.002
2024,19,2024_19,6,norris,4,1:40.663
2024,20,2024_20,1,max_verstappen,1,1:45.059
2024,20,2024_20,1,sainz,2,1:47.224
2024,20,2024_20,1,norris,3,1:49.304
2024,20,2024_20,1,leclerc,4,1:50.826
2024,20,2024_20,1,hamilton,5,1:52.235
2024,20,2024_20,1,russell,6,1:54.932
2024,20,2024_20,1,kevin_magnussen,7,1:56.783
2024,20,2024_20,1,hulkenberg,8,1:58.596
2024,20,2024_20,1,gasly,9,2:00.117
2024,20,2024_20,1,lawson,10,2:00.936
2024,20,2024_20,1,stroll,11,2:03.885
2024,20,2024_20,1,alonso,12,2:05.776
2024,20,2024_20,1,perez,13,2:07.341
2024,20,2024_20,1,colapinto,14,2:08.478
2024,20,2024_20,1,bottas,15,2:10.545
2024,20,2024_20,1,zhou,16,2:12.333
2024,20,2024_20,1,piastri,17,2:13.443
2024,20,2024_20,1,ocon,18,2:14.747
2024,20,2024_20,2,max_verstappen,1,2:18.259
2024,20,2024_20,2,sainz,2,2:17.937
2024,20,2024_20,2,norris,3,2:18.718
2024,20,2024_20,2,leclerc,4,2:18.252
2024,20,2024_20,2,hamilton,5,2:18.527
2024,20,2024_20,2,russell,6,2:18.197
2024,20,2024_20,2,kevin_magnussen,7,2:17.679
2024,20,2024_20,2,hulkenberg,8,2:17.184
2024,20,2024_20,2,gasly,9,2:16.958
2024,20,2024_20,2,lawson,10,2:18.369
2024,20,2024_20,2,stroll,11,2:17.060
2024,20,2024_20,2,alonso,12,2:17.643
2024,20,2024_20,2,perez,13,2:17.144
2024,20,2024_20,2,colapinto,14,2:17.692
2024,20,2024_20,2,bottas,15,2:17.814
2024,20,2024_20,2,zhou,16,2:17.617
2024,20,2024_20,2,piastri,17,2:18.050
2024,20,2024_20,2,ocon,18,2:19.003
2024,20,2024_20,3,max_verstappen,1,2:14.297
2024,20,2024_20,3,sainz,2,2:13.771
2024,20,2024_20,3,norris,3,2:13.243
2024,20,2024_20,3,leclerc,4,2:14.940
2024,20,2024_20,3,hamilton,5,2:14.124
2024,20,2024_20,3,russell,6,2:14.573
2024,20,2024_20,3,kevin_magnussen,7,2:14.764
2024,20,2024_20,3,hulkenberg,8,2:14.785
2024,20,2024_20,3,gasly,9,2:14.313
2024,20,2024_20,3,lawson,10,2:14.537
2024,20,2024_20,3,stroll,11,2:15.154
2024,20,2024_20,3,alonso,12,2:15.984
2024,20,2024_20,3,perez,13,2:15.573
2024,20,2024_20,3,colapinto,14,2:16.364
2024,20,2024_20,3,bottas,15,2:16.263
2024,20,2024_20,3,zhou,16,2:16.548
2024,20,2024_20,3,piastri,17,2:16.567
2024,20,2024_20,3,ocon,18,2:15.147
2024,20,2024_20,4,max_verstappen,1,2:09.792
2024,20,2024_20,4,sainz,2,2:10.043
2024,20,2024_20,4,norris,3,2:11.100
2024,20,2024_20,4,leclerc,4,2:10.481
2024,20,2024_20,4,hamilton,5,2:10.636
2024,20,2024_20,4,russell,6,2:09.897
2024,20,2024_20,4,kevin_magnussen,7,2:10.314
2024,20,2024_20,4,hulkenberg,8,2:10.097
2024,20,2024_20,4,gasly,9,2:10.874
2024,20,2024_20,4,lawson,10,2:10.651
2024,20,2024_20,4,stroll,11,2:10.994
2024,20,2024_20,4,alonso,12,2:09.705
2024,20,2024_20,4,perez,13,2:09.600
2024,20,2024_20,4,colapinto,14,2:09.527
2024,20,2024_20,4,bottas,15,2:09.902
2024,20,2024_20,4,zhou,16,2:10.130
2024,20,2024_20,4,piastri,17,2:10.001
2024,20,2024_20,4,ocon,18,2:12.065
2024,20,2024_20,5,max_verstappen,1,2:10.292
2024,20,2024_20,5,sainz,2,2:09.925
2024,20,2024_20,5,norris,3,2:09.824
2024,20,2024_20,5,leclerc,4,2:10.248
2024,20,2024_20,5,hamilton,5,2:10.151
2024,20,2024_20,5,russell,6,2:10.591
2024,20,2024_20,5,kevin_magnussen,7,2:10.254
2024,20,2024_20,5,hulkenberg,8,2:09.620
2024,20,2024_20,5,gasly,9,2:09.610
2024,20,2024_20,5,lawson,10,2:09.621
2024,20,2024_20,5,stroll,11,2:09.653
2024,20,2024_20,5,alonso,12,2:09.130
2024,20,2024_20,5,perez,13,2:09.209
2024,20,2024_20,5,colapinto,14,2:08.334
2024,20,2024_20,5,bottas,15,2:10.636
2024,20,2024_20,5,zhou,16,2:10.469
2024,20,2024_20,5,piastri,17,2:10.449
2024,20,2024_20,5,ocon,18,2:11.120
2024,20,2024_20,6,max_verstappen,1,2:04.357
2024,20,2024_20,6,sainz,2,2:03.834
2024,20,2024_20,6,norris,3,2:01.270
2024,20,2024_20,6,leclerc,4,1:59.324
2024,20,2024_20,6,hamilton,5,1:59.007
2024,20,2024_20,6,russell,6,1:57.001
2024,20,2024_20,6,kevin_magnussen,7,1:55.871
2024,20,2024_20,6,hulkenberg,8,1:56.068
2024,20,2024_20,6,gasly,9,1:55.050
2024,20,2024_20,6,lawson,10,1:53.303
2024,21,2024_21,1,russell,1,1:30.516
2024,21,2024_21,1,norris,2,1:31.803
2024,21,2024_21,1,tsunoda,3,1:33.749
2024,21,2024_21,1,ocon,4,1:34.467
2024,21,2024_21,1,leclerc,5,1:34.968
2024,21,2024_21,1,lawson,6,1:35.992
2024,21,2024_21,1,piastri,7,1:36.644
2024,21,2024_21,1,alonso,8,1:37.318
2024,21,2024_21,1,gasly,9,1:38.052
2024,21,2024_21,1,hamilton,10,1:38.874
2024,21,2024_21,1,max_verstappen,11,1:39.161
2024,21,2024_21,1,colapinto,12,1:39.943
2024,21,2024_21,1,bearman,13,1:40.491
2024,21,2024_21,1,hulkenberg,14,1:41.582
2024,21,2024_21,1,bottas,15,1:41.650
2024,21,2024_21,1,zhou,16,1:42.750
2024,21,2024_21,1,sainz,17,1:43.434
2024,21,2024_21,1,perez,18,1:49.387
2024,21,2024_21,2,russell,1,1:25.804
2024,21,2024_21,2,norris,2,1:26.207
2024,21,2024_21,2,tsunoda,3,1:26.351
2024,21,2024_21,2,ocon,4,1:26.376
2024,21,2024_21,2,leclerc,5,1:26.521
2024,21,2024_21,2,lawson,6,1:26.807
2024,21,2024_21,2,piastri,7,1:27.194
2024,21,2024_21,2,alonso,8,1:27.116
2024,21,2024_21,2,gasly,9,1:27.330
2024,21,2024_21,2,max_verstappen,10,1:27.134
2024,21,2024_21,2,hamilton,11,1:27.832
2024,21,2024_21,2,colapinto,12,1:27.983
2024,21,2024_21,2,bearman,13,1:28.376
2024,21,2024_21,2,hulkenberg,14,1:27.576
2024,21,2024_21,2,bottas,15,1:28.923
2024,21,2024_21,2,zhou,16,1:29.022
2024,21,2024_21,2,sainz,17,1:29.021
2024,21,2024_21,2,perez,18,1:27.047
2024,21,2024_21,3,russell,1,1:25.598
2024,21,2024_21,3,norris,2,1:25.402
2024,21,2024_21,3,tsunoda,3,1:26.018
2024,21,2024_21,3,ocon,4,1:26.338
2024,21,2024_21,3,leclerc,5,1:26.205
2024,21,2024_21,3,lawson,6,1:26.348
2024,21,2024_21,3,piastri,7,1:26.233
2024,21,2024_21,3,alonso,8,1:26.966
2024,21,2024_21,3,gasly,9,1:26.668
2024,21,2024_21,3,max_verstappen,10,1:26.240
2024,21,2024_21,3,hamilton,11,1:26.853
2024,21,2024_21,3,colapinto,12,1:27.140
2024,21,2024_21,3,bearman,13,1:26.798
2024,21,2024_21,3,hulkenberg,14,1:27.180
2024,21,2024_21,3,bottas,15,1:27.735
2024,21,2024_21,3,zhou,16,1:27.514
2024,21,2024_21,3,sainz,17,1:26.884
2024,21,2024_21,3,perez,18,1:25.891
2024,21,2024_21,4,russell,1,1:25.642
2024,21,2024_21,4,norris,2,1:25.165
2024,21,2024_21,4,tsunoda,3,1:25.425
2024,21,2024_21,4,ocon,4,1:25.703
2024,21,2024_21,4,leclerc,5,1:26.165
2024,21,2024_21,4,lawson,6,1:26.217
2024,21,2024_21,4,piastri,7,1:25.913
2024,21,2024_21,4,alonso,8,1:26.720
2024,21,2024_21,4,gasly,9,1:26.864
2024,21,2024_21,4,max_verstappen,10,1:26.702
2024,21,2024_21,4,hamilton,11,1:26.659
2024,21,2024_21,4,colapinto,12,1:27.685
2024,21,2024_21,4,hulkenberg,13,1:27.959
2024,21,2024_21,4,bottas,14,1:27.071
2024,21,2024_21,4,sainz,15,1:26.540
2024,21,2024_21,4,zhou,16,1:28.172
2024,21,2024_21,4,bearman,17,1:32.155
2024,21,2024_21,4,perez,18,1:26.274
2024,21,2024_21,5,russell,1,1:25.317
2024,21,2024_21,5,norris,2,1:25.012
2024,21,2024_21,5,tsunoda,3,1:25.429
2024,21,2024_21,5,ocon,4,1:25.417
2024,21,2024_21,5,leclerc,5,1:25.018
2024,21,2024_21,5,lawson,6,1:25.366
2024,21,2024_21,5,piastri,7,1:25.547
2024,21,2024_21,5,alonso,8,1:26.044
2024,21,2024_21,5,max_verstappen,9,1:25.394
2024,21,2024_21,5,gasly,10,1:26.804
2024,21,2024_21,5,hamilton,11,1:25.992
2024,21,2024_21,5,colapinto,12,1:26.684
2024,21,2024_21,5,hulkenberg,13,1:25.532
2024,21,2024_21,5,bottas,14,1:26.530
2024,21,2024_21,5,sainz,15,1:26.185
2024,21,2024_21,5,bearman,16,1:26.485
2024,21,2024_21,5,perez,17,1:26.062
2024,21,2024_21,5,zhou,18,1:29.677
2024,21,2024_21,6,russell,1,1:24.675
2024,21,2024_21,6,norris,2,1:24.922
2024,21,2024_21,6,tsunoda,3,1:24.903
2024,21,2024_21,6,ocon,4,1:25.011
2024,21,2024_21,6,leclerc,5,1:25.087
2024,21,2024_21,6,lawson,6,1:25.072
2024,21,2024_21,6,piastri,7,1:25.200
2024,21,2024_21,6,max_verstappen,8,1:24.311
2024,21,2024_21,6,alonso,9,1:26.445
2024,21,2024_21,6,gasly,10,1:25.604
2024,22,2024_22,1,russell,1,1:43.267
2024,22,2024_22,1,leclerc,2,1:43.882
2024,22,2024_22,1,sainz,3,1:44.812
2024,22,2024_22,1,gasly,4,1:45.330
2024,22,2024_22,1,max_verstappen,5,1:45.917
2024,22,2024_22,1,norris,6,1:46.792
2024,22,2024_22,1,tsunoda,7,1:47.340
2024,22,2024_22,1,piastri,8,1:48.433
2024,22,2024_22,1,hulkenberg,9,1:48.675
2024,22,2024_22,1,hamilton,10,1:49.116
2024,22,2024_22,1,ocon,11,1:50.001
2024,22,2024_22,1,zhou,12,1:50.678
2024,22,2024_22,1,lawson,13,1:52.392
2024,22,2024_22,1,kevin_magnussen,14,1:52.614
2024,22,2024_22,1,alonso,15,1:52.823
2024,22,2024_22,1,albon,16,1:53.147
2024,22,2024_22,1,perez,17,1:53.292
2024,22,2024_22,1,stroll,18,1:53.727
2024,22,2024_22,1,bottas,19,1:54.609
2024,22,2024_22,1,colapinto,20,1:55.624
2024,22,2024_22,2,russell,1,1:39.077
2024,22,2024_22,2,leclerc,2,1:39.333
2024,22,2024_22,2,sainz,3,1:39.466
2024,22,2024_22,2,gasly,4,1:39.956
2024,22,2024_22,2,max_verstappen,5,1:39.861
2024,22,2024_22,2,norris,6,1:39.907
2024,22,2024_22,2,tsunoda,7,1:40.026
2024,22,2024_22,2,hulkenberg,8,1:39.760
2024,22,2024_22,2,piastri,9,1:40.495
2024,22,2024_22,2,hamilton,10,1:40.033
2024,22,2024_22,2,ocon,11,1:40.137
2024,22,2024_22,2,zhou,12,1:40.366
2024,22,2024_22,2,lawson,13,1:40.447
2024,22,2024_22,2,alonso,14,1:40.592
2024,22,2024_22,2,kevin_magnussen,15,1:42.380
2024,22,2024_22,2,perez,16,1:42.106
2024,22,2024_22,2,albon,17,1:42.776
2024,22,2024_22,2,stroll,18,1:42.752
2024,22,2024_22,2,bottas,19,1:42.556
2024,22,2024_22,2,colapinto,20,1:42.181
2024,22,2024_22,3,russell,1,1:38.864
2024,22,2024_22,3,leclerc,2,1:38.329
2024,22,2024_22,3,sainz,3,1:38.581
2024,22,2024_22,3,gasly,4,1:39.234
2024,22,2024_22,3,max_verstappen,5,1:39.345
2024,22,2024_22,3,norris,6,1:39.197
2024,22,2024_22,3,tsunoda,7,1:39.407
2024,22,2024_22,3,hulkenberg,8,1:39.073
2024,22,2024_22,3,piastri,9,1:39.144
2024,22,2024_22,3,hamilton,10,1:39.403
2024,22,2024_22,3,ocon,11,1:39.585
2024,22,2024_22,3,zhou,12,1:39.399
2024,22,2024_22,3,lawson,13,1:39.729
2024,22,2024_22,3,alonso,14,1:40.165
2024,22,2024_22,3,kevin_magnussen,15,1:40.169
2024,22,2024_22,3,perez,16,1:40.450
2024,22,2024_22,3,albon,17,1:40.535
2024,22,2024_22,3,stroll,18,1:40.483
2024,22,2024_22,3,bottas,19,1:40.669
2024,22,2024_22,3,colapinto,20,1:41.198
2024,22,2024_22,4,russell,1,1:38.748
2024,22,2024_22,4,leclerc,2,1:38.501
2024,22,2024_22,4,sainz,3,1:38.537
2024,22,2024_22,4,max_verstappen,4,1:38.713
2024,22,2024_22,4,gasly,5,1:39.635
2024,22,2024_22,4,norris,6,1:39.094
2024,22,2024_22,4,tsunoda,7,1:39.071
2024,22,2024_22,4,hulkenberg,8,1:38.998
2024,22,2024_22,4,piastri,9,1:39.226
2024,22,2024_22,4,hamilton,10,1:39.157
2024,22,2024_22,4,ocon,11,1:39.367
2024,22,2024_22,4,zhou,12,1:39.307
2024,22,2024_22,4,lawson,13,1:39.839
2024,22,2024_22,4,kevin_magnussen,14,1:40.422
2024,22,2024_22,4,perez,15,1:40.282
2024,22,2024_22,4,albon,16,1:40.351
2024,22,2024_22,4,stroll,17,1:40.502
2024,22,2024_22,4,bottas,18,1:40.459
2024,22,2024_22,4,alonso,19,1:45.129
2024,22,2024_22,4,colapinto,20,1:39.852
2024,22,2024_22,5,russell,1,1:38.136
2024,22,2024_22,5,leclerc,2,1:39.177
2024,22,2024_22,5,sainz,3,1:38.394
2024,22,2024_22,5,max_verstappen,4,1:38.472
2024,22,2024_22,5,gasly,5,1:39.240
2024,22,2024_22,5,norris,6,1:39.490
2024,22,2024_22,5,tsunoda,7,1:39.366
2024,22,2024_22,5,piastri,8,1:39.010
2024,22,2024_22,5,hulkenberg,9,1:40.092
2024,22,2024_22,5,hamilton,10,1:39.207
2024,22,2024_22,5,ocon,11,1:39.388
2024,22,2024_22,5,zhou,12,1:39.398
2024,22,2024_22,5,lawson,13,1:39.698
2024,22,2024_22,5,kevin_magnussen,14,1:39.314
2024,22,2024_22,5,perez,15,1:39.277
2024,22,2024_22,5,albon,16,1:39.537
2024,22,2024_22,5,stroll,17,1:39.447
2024,22,2024_22,5,bottas,18,1:39.498
2024,22,2024_22,5,colapinto,19,1:39.837
2024,22,2024_22,5,alonso,20,1:55.610
2024,23,2024_23,1,max_verstappen,1,1:51.344
2024,23,2024_23,1,norris,2,1:53.635
2024,23,2024_23,1,russell,3,1:55.631
2024,23,2024_23,1,leclerc,4,1:57.439
2024,23,2024_23,1,piastri,5,1:58.513
2024,23,2024_23,1,sainz,6,1:59.394
2024,23,2024_23,1,perez,7,2:00.204
2024,23,2024_23,1,alonso,8,2:03.172
2024,23,2024_23,1,hamilton,9,2:04.279
2024,23,2024_23,1,tsunoda,10,2:07.750
2024,23,2024_23,1,kevin_magnussen,11,2:09.920
2024,23,2024_23,1,gasly,12,2:10.912
2024,23,2024_23,1,bottas,13,2:12.082
2024,23,2024_23,1,lawson,14,2:13.331
2024,23,2024_23,1,zhou,15,2:14.044
2024,23,2024_23,1,albon,16,2:15.384
2024,23,2024_23,1,stroll,17,2:16.793
2024,23,2024_23,1,hulkenberg,18,2:45.271
2024,23,2024_23,2,max_verstappen,1,2:21.257
2024,23,2024_23,2,norris,2,2:21.280
2024,23,2024_23,2,russell,3,2:21.375
2024,23,2024_23,2,leclerc,4,2:22.075
2024,23,2024_23,2,piastri,5,2:22.913
2024,23,2024_23,2,sainz,6,2:23.307
2024,23,2024_23,2,perez,7,2:23.708
2024,23,2024_23,2,alonso,8,2:22.483
2024,23,2024_23,2,hamilton,9,2:24.030
2024,23,2024_23,2,tsunoda,10,2:23.351
2024,23,2024_23,2,kevin_magnussen,11,2:23.343
2024,23,2024_23,2,gasly,12,2:23.807
2024,23,2024_23,2,bottas,13,2:24.412
2024,23,2024_23,2,lawson,14,2:25.297
2024,23,2024_23,2,zhou,15,2:25.861
2024,23,2024_23,2,albon,16,2:26.296
2024,23,2024_23,2,stroll,17,2:27.099
2024,23,2024_23,2,hulkenberg,18,2:07.072
2024,23,2024_23,3,max_verstappen,1,2:17.390
2024,23,2024_23,3,norris,2,2:17.622
2024,23,2024_23,3,russell,3,2:17.726
2024,23,2024_23,3,leclerc,4,2:17.488
2024,23,2024_23,3,piastri,5,2:17.707
2024,23,2024_23,3,sainz,6,2:17.994
2024,23,2024_23,3,perez,7,2:18.267
2024,23,2024_23,3,alonso,8,2:18.215
2024,23,2024_23,3,hamilton,9,2:18.930
2024,23,2024_23,3,tsunoda,10,2:18.497
2024,23,2024_23,3,kevin_magnussen,11,2:18.697
2024,23,2024_23,3,gasly,12,2:19.509
2024,23,2024_23,3,bottas,13,2:18.818
2024,23,2024_23,3,lawson,14,2:18.396
2024,23,2024_23,3,zhou,15,2:18.331
2024,23,2024_23,3,albon,16,2:17.470
2024,23,2024_23,3,stroll,17,2:16.920
2024,23,2024_23,3,hulkenberg,18,2:11.639
2024,23,2024_23,4,max_verstappen,1,2:33.079
2024,23,2024_23,4,norris,2,2:31.036
2024,23,2024_23,4,russell,3,2:29.191
2024,23,2024_23,4,leclerc,4,2:27.558
2024,23,2024_23,4,piastri,5,2:25.626
2024,23,2024_23,4,sainz,6,2:24.487
2024,23,2024_23,4,perez,7,2:23.573
2024,23,2024_23,4,alonso,8,2:22.341
2024,23,2024_23,4,hamilton,9,2:19.017
2024,23,2024_23,4,tsunoda,10,2:16.969
2024,23,2024_23,4,kevin_magnussen,11,2:14.923
2024,23,2024_23,4,gasly,12,2:13.088
2024,23,2024_23,4,bottas,13,2:12.447
2024,23,2024_23,4,lawson,14,2:10.850
2024,23,2024_23,4,zhou,15,2:10.295
2024,23,2024_23,4,albon,16,2:09.827
2024,23,2024_23,4,stroll,17,2:09.100
2024,23,2024_23,4,hulkenberg,18,2:06.080
2024,23,2024_23,5,max_verstappen,1,1:26.724
2024,23,2024_23,5,norris,2,1:27.175
2024,23,2024_23,5,russell,3,1:27.948
2024,23,2024_23,5,piastri,4,1:27.603
2024,23,2024_23,5,leclerc,5,1:29.202
2024,23,2024_23,5,sainz,6,1:29.355
2024,23,2024_23,5,perez,7,1:29.550
2024,23,2024_23,5,hamilton,8,1:29.473
2024,23,2024_23,5,tsunoda,9,1:30.040
2024,23,2024_23,5,kevin_magnussen,10,1:30.890
2024,23,2024_23,5,alonso,11,1:32.386
2024,23,2024_23,5,gasly,12,1:31.425
2024,23,2024_23,5,zhou,13,1:30.517
2024,23,2024_23,5,bottas,14,1:32.024
2024,23,2024_23,5,albon,15,1:31.146
2024,23,2024_23,5,hulkenberg,16,1:31.557
2024,23,2024_23,5,stroll,17,1:33.523
2024,23,2024_23,5,lawson,18,1:37.350
2024,23,2024_23,6,max_verstappen,1,1:26.502
2024,23,2024_23,6,norris,2,1:26.683
2024,23,2024_23,6,russell,3,1:26.797
2024,23,2024_23,6,piastri,4,1:27.020
2024,23,2024_23,6,leclerc,5,1:27.556
2024,23,2024_23,6,sainz,6,1:27.634
2024,23,2024_23,6,perez,7,1:27.827
2024,23,2024_23,6,hamilton,8,1:28.084
2024,23,2024_23,6,tsunoda,9,1:28.679
2024,23,2024_23,6,kevin_magnussen,10,1:28.533
2024,24,2024_24,1,norris,1,1:31.142
2024,24,2024_24,1,sainz,2,1:32.999
2024,24,2024_24,1,gasly,3,1:33.984
2024,24,2024_24,1,russell,4,1:34.679
2024,24,2024_24,1,hulkenberg,5,1:35.498
2024,24,2024_24,1,alonso,6,1:36.166
2024,24,2024_24,1,kevin_magnussen,7,1:36.949
2024,24,2024_24,1,leclerc,8,1:37.644
2024,24,2024_24,1,stroll,9,1:38.324
2024,24,2024_24,1,lawson,10,1:39.017
2024,24,2024_24,1,max_verstappen,11,1:39.510
2024,24,2024_24,1,hamilton,12,1:39.884
2024,24,2024_24,1,bottas,13,1:40.183
2024,24,2024_24,1,zhou,14,1:40.718
2024,24,2024_24,1,albon,15,1:41.190
2024,24,2024_24,1,doohan,16,1:41.564
2024,24,2024_24,1,tsunoda,17,1:42.007
2024,24,2024_24,1,colapinto,18,1:42.506
2024,24,2024_24,1,piastri,19,1:43.757
2024,24,2024_24,2,norris,1,1:48.349
2024,24,2024_24,2,sainz,2,1:49.770
2024,24,2024_24,2,gasly,3,1:49.760
2024,24,2024_24,2,russell,4,1:49.838
2024,24,2024_24,2,hulkenberg,5,1:49.887
2024,24,2024_24,2,alonso,6,1:50.156
2024,24,2024_24,2,kevin_magnussen,7,1:50.197
2024,24,2024_24,2,leclerc,8,1:53.013
2024,24,2024_24,2,stroll,9,1:53.356
2024,24,2024_24,2,lawson,10,1:54.148
2024,24,2024_24,2,max_verstappen,11,1:54.938
2024,24,2024_24,2,hamilton,12,1:56.731
2024,24,2024_24,2,bottas,13,1:57.544
2024,24,2024_24,2,zhou,14,1:59.827
2024,24,2024_24,2,albon,15,2:00.191
2024,24,2024_24,2,doohan,16,2:00.814
2024,24,2024_24,2,tsunoda,17,2:01.592
2024,24,2024_24,2,colapinto,18,2:02.028
2024,24,2024_24,2,piastri,19,2:01.916
2024,24,2024_24,3,norris,1,1:43.313
2024,24,2024_24,3,sainz,2,1:42.795
2024,24,2024_24,3,gasly,3,1:42.837
2024,24,2024_24,3,russell,4,1:42.811
2024,24,2024_24,3,hulkenberg,5,1:42.689
2024,24,2024_24,3,alonso,6,1:42.240
2024,24,2024_24,3,kevin_magnussen,7,1:42.283
2024,24,2024_24,3,leclerc,8,1:39.656
2024,24,2024_24,3,stroll,9,1:39.525
2024,24,2024_24,3,max_verstappen,10,1:38.051
2024,24,2024_24,3,lawson,11,1:40.324
2024,24,2024_24,3,hamilton,12,1:37.736
2024,24,2024_24,3,bottas,13,1:38.101
2024,24,2024_24,3,zhou,14,1:35.927
2024,24,2024_24,3,albon,15,1:35.776
2024,24,2024_24,3,tsunoda,16,1:34.821
2024,24,2024_24,3,doohan,17,1:36.802
2024,24,2024_24,3,piastri,18,1:34.860
2024,24,2024_24,3,colapinto,19,2:10.710
2024,24,2024_24,4,norris,1,1:29.010
2024,24,2024_24,4,sainz,2,1:28.995
2024,24,2024_24,4,gasly,3,1:29.406
2024,24,2024_24,4,russell,4,1:29.488
2024,24,2024_24,4,hulkenberg,5,1:29.348
2024,24,2024_24,4,alonso,6,1:29.434
2024,24,2024_24,4,kevin_magnussen,7,1:29.202
2024,24,2024_24,4,leclerc,8,1:29.273
2024,24,2024_24,4,stroll,9,1:29.685
2024,24,2024_24,4,max_verstappen,10,1:29.504
2024,24,2024_24,4,lawson,11,1:29.738
2024,24,2024_24,4,hamilton,12,1:29.666
2024,24,2024_24,4,bottas,13,1:29.944
2024,24,2024_24,4,zhou,14,1:29.966
2024,24,2024_24,4,albon,15,1:30.060
2024,24,2024_24,4,tsunoda,16,1:30.115
2024,24,2024_24,4,doohan,17,1:30.198
2024,24,2024_24,4,piastri,18,1:32.201
2024,24,2024_24,4,colapinto,19,1:55.146
2024,24,2024_24,5,norris,1,1:29.104
2024,24,2024_24,5,sainz,2,1:29.250
2024,24,2024_24,5,gasly,3,1:29.611
2024,24,2024_24,5,russell,4,1:29.796
2024,24,2024_24,5,hulkenberg,5,1:29.968
2024,24,2024_24,5,alonso,6,1:30.084
2024,24,2024_24,5,kevin_magnussen,7,1:30.040
2024,24,2024_24,5,leclerc,8,1:29.753
2024,24,2024_24,5,stroll,9,1:30.050
2024,24,2024_24,5,max_verstappen,10,1:29.813
2024,24,2024_24,5,lawson,11,1:29.869
2024,24,2024_24,5,hamilton,12,1:29.733
2024,24,2024_24,5,bottas,13,1:30.474
2024,24,2024_24,5,zhou,14,1:30.462
2024,24,2024_24,5,albon,15,1:30.369
2024,24,2024_24,5,tsunoda,16,1:30.343
2024,24,2024_24,5,doohan,17,1:30.457
2024,24,2024_24,5,piastri,18,1:50.887
2024,24,2024_24,5,colapinto,19,1:29.411
2024,24,2024_24,6,norris,1,1:29.361
2024,24,2024_24,6,sainz,2,1:29.253
2024,24,2024_24,6,gasly,3,1:30.014
2024,24,2024_24,6,russell,4,1:29.791
2024,24,2024_24,6,hulkenberg,5,1:29.787
2025,1,2025_1,1,norris,1,1:57.099
2025,1,2025_1,1,max_verstappen,2,1:59.392
2025,1,2025_1,1,piastri,3,2:00.807
2025,1,2025_1,1,russell,4,2:04.644
2025,1,2025_1,1,leclerc,5,2:08.480
2025,1,2025_1,1,tsunoda,6,2:10.655
2025,1,2025_1,1,albon,7,2:12.195
2025,1,2025_1,1,hamilton,8,2:12.883
2025,1,2025_1,1,gasly,9,2:14.132
2025,1,2025_1,1,alonso,10,2:17.178
2025,1,2025_1,1,stroll,11,2:19.485
2025,1,2025_1,1,hulkenberg,12,2:21.221
2025,1,2025_1,1,antonelli,13,2:22.352
2025,1,2025_1,1,bortoleto,14,2:24.063
2025,1,2025_1,1,ocon,15,2:25.769
2025,1,2025_1,1,lawson,16,2:28.795
2025,1,2025_1,1,bearman,17,2:29.413
2025,1,2025_1,2,norris,1,2:49.888
2025,1,2025_1,2,max_verstappen,2,2:49.322
2025,1,2025_1,2,piastri,3,2:49.543
2025,1,2025_1,2,russell,4,2:48.126
2025,1,2025_1,2,leclerc,5,2:47.233
2025,1,2025_1,2,tsunoda,6,2:48.219
2025,1,2025_1,2,albon,7,2:48.864
2025,1,2025_1,2,hamilton,8,2:49.908
2025,1,2025_1,2,gasly,9,2:51.310
2025,1,2025_1,2,alonso,10,2:49.408
2025,1,2025_1,2,stroll,11,2:49.481
2025,1,2025_1,2,hulkenberg,12,2:49.398
2025,1,2025_1,2,antonelli,13,2:49.800
2025,1,2025_1,2,bortoleto,14,2:49.572
2025,1,2025_1,2,ocon,15,2:49.919
2025,1,2025_1,2,lawson,16,2:49.299
2025,1,2025_1,2,bearman,17,2:49.798
2025,1,2025_1,3,norris,1,2:41.723
2025,1,2025_1,3,max_verstappen,2,2:42.145
2025,1,2025_1,3,piastri,3,2:42.307
2025,1,2025_1,3,russell,4,2:42.437
2025,1,2025_1,3,leclerc,5,2:42.161
2025,1,2025_1,3,tsunoda,6,2:42.920
2025,1,2025_1,3,albon,7,2:43.623
2025,1,2025_1,3,hamilton,8,2:43.813
2025,1,2025_1,3,gasly,9,2:42.892
2025,1,2025_1,3,alonso,10,2:43.345
2025,1,2025_1,3,stroll,11,2:43.938
2025,1,2025_1,3,hulkenberg,12,2:44.223
2025,1,2025_1,3,antonelli,13,2:44.755
2025,1,2025_1,3,bortoleto,14,2:45.217
2025,1,2025_1,3,ocon,15,2:45.071
2025,1,2025_1,3,lawson,16,2:45.341
2025,1,2025_1,3,bearman,17,2:45.379
2025,1,2025_1,4,norris,1,2:36.053
2025,1,2025_1,4,max_verstappen,2,2:35.775
2025,1,2025_1,4,piastri,3,2:35.725
2025,1,2025_1,4,russell,4,2:36.507
2025,1,2025_1,4,leclerc,5,2:35.802
2025,1,2025_1,4,tsunoda,6,2:35.195
2025,1,2025_1,4,albon,7,2:34.281
2025,1,2025_1,4,hamilton,8,2:34.100
2025,1,2025_1,4,gasly,9,2:34.589
2025,1,2025_1,4,alonso,10,2:34.706
2025,1,2025_1,4,stroll,11,2:34.871
2025,1,2025_1,4,hulkenberg,12,2:35.137
2025,1,2025_1,4,antonelli,13,2:34.598
2025,1,2025_1,4,bortoleto,14,2:34.822
2025,1,2025_1,4,ocon,15,2:42.192
2025,1,2025_1,4,lawson,16,2:40.393
2025,1,2025_1,4,bearman,17,2:45.744
2025,1,2025_1,5,norris,1,2:23.648
2025,1,2025_1,5,max_verstappen,2,2:23.609
2025,1,2025_1,5,piastri,3,2:23.155
2025,1,2025_1,5,russell,4,2:21.712
2025,1,2025_1,5,leclerc,5,2:22.597
2025,1,2025_1,5,tsunoda,6,2:21.441
2025,1,2025_1,5,albon,7,2:22.084
2025,1,2025_1,5,hamilton,8,2:21.772
2025,1,2025_1,5,gasly,9,2:21.360
2025,1,2025_1,5,alonso,10,2:22.181
2025,1,2025_1,5,stroll,11,2:20.409
2025,1,2025_1,5,hulkenberg,12,2:19.058
2025,1,2025_1,5,antonelli,13,2:19.163
2025,1,2025_1,5,bortoleto,14,2:18.316
2025,1,2025_1,5,ocon,15,2:10.528
2025,1,2025_1,5,lawson,16,2:11.293
2025,1,2025_1,5,bearman,17,2:05.412
2025,1,2025_1,6,norris,1,2:20.423
2025,1,2025_1,6,max_verstappen,2,2:19.654
2025,1,2025_1,6,piastri,3,2:19.873
2025,1,2025_1,6,russell,4,2:19.485
2025,1,2025_1,6,leclerc,5,2:18.850
2025,1,2025_1,6,tsunoda,6,2:19.381
2025,1,2025_1,6,albon,7,2:19.612
2025,1,2025_1,6,hamilton,8,2:20.418
2025,1,2025_1,6,gasly,9,2:19.952
2025,1,2025_1,6,alonso,10,2:19.493
2025,1,2025_1,6,stroll,11,2:20.973
2025,1,2025_1,6,hulkenberg,12,2:21.111
2025,1,2025_1,6,antonelli,13,2:21.111
2025,1,2025_1,6,bortoleto,14,2:20.976
2025,1,2025_1,6,ocon,15,2:20.986
2025,2,2025_2,1,piastri,1,1:38.344
2025,2,2025_2,1,norris,2,1:39.268
2025,2,2025_2,1,russell,3,1:40.282
2025,2,2025_2,1,hamilton,4,1:40.792
2025,2,2025_2,1,leclerc,5,1:41.763
2025,2,2025_2,1,max_verstappen,6,1:42.249
2025,2,2025_2,1,antonelli,7,1:43.008
2025,2,2025_2,1,tsunoda,8,1:43.656
2025,2,2025_2,1,hadjar,9,1:44.196
2025,2,2025_2,1,ocon,10,1:44.831
2025,2,2025_2,1,albon,11,1:45.273
2025,2,2025_2,1,alonso,12,1:45.761
2025,2,2025_2,1,gasly,13,1:46.040
2025,2,2025_2,1,stroll,14,1:46.646
2025,2,2025_2,1,sainz,15,1:47.312
2025,2,2025_2,1,bearman,16,1:47.687
2025,2,2025_2,1,doohan,17,1:47.904
2025,2,2025_2,1,lawson,18,1:48.928
2025,2,2025_2,1,hulkenberg,19,1:49.895
2025,2,2025_2,1,bortoleto,20,2:03.657
2025,2,2025_2,2,piastri,1,1:37.551
2025,2,2025_2,2,norris,2,1:37.713
2025,2,2025_2,2,russell,3,1:37.463
2025,2,2025_2,2,hamilton,4,1:38.172
2025,2,2025_2,2,leclerc,5,1:38.184
2025,2,2025_2,2,max_verstappen,6,1:38.304
2025,2,2025_2,2,antonelli,7,1:38.347
2025,2,2025_2,2,tsunoda,8,1:38.748
2025,2,2025_2,2,hadjar,9,1:39.261
2025,2,2025_2,2,ocon,10,1:39.106
2025,2,2025_2,2,albon,11,1:39.443
2025,2,2025_2,2,alonso,12,1:39.591
2025,2,2025_2,2,gasly,13,1:39.805
2025,2,2025_2,2,stroll,14,1:39.741
2025,2,2025_2,2,sainz,15,1:39.718
2025,2,2025_2,2,bearman,16,1:39.977
2025,2,2025_2,2,doohan,17,1:40.079
2025,2,2025_2,2,lawson,18,1:39.640
2025,2,2025_2,2,hulkenberg,19,1:39.965
2025,2,2025_2,2,bortoleto,20,1:57.115
2025,2,2025_2,3,piastri,1,1:37.689
2025,2,2025_2,3,norris,2,1:37.597
2025,2,2025_2,3,russell,3,1:37.774
2025,2,2025_2,3,hamilton,4,1:37.853
2025,2,2025_2,3,leclerc,5,1:38.087
2025,2,2025_2,3,max_verstappen,6,1:38.302
2025,2,2025_2,3,antonelli,7,1:38.503
2025,2,2025_2,3,tsunoda,8,1:38.943
2025,2,2025_2,3,hadjar,9,1:39.050
2025,2,2025_2,3,ocon,10,1:39.048
2025,2,2025_2,3,albon,11,1:39.095
2025,2,2025_2,3,alonso,12,1:39.256
2025,2,2025_2,3,gasly,13,1:39.125
2025,2,2025_2,3,stroll,14,1:39.242
2025,2,2025_2,3,sainz,15,1:39.270
2025,2,2025_2,3,bearman,16,1:39.087
2025,2,2025_2,3,doohan,17,1:39.483
2025,2,2025_2,3,lawson,18,1:39.738
2025,2,2025_2,3,hulkenberg,19,1:40.588
2025,2,2025_2,3,bortoleto,20,1:37.965
2025,2,2025_2,4,piastri,1,1:37.804
2025,2,2025_2,4,norris,2,1:37.719
2025,2,2025_2,4,russell,3,1:37.643
2025,2,2025_2,4,hamilton,4,1:38.087
2025,2,2025_2,4,leclerc,5,1:37.648
2025,2,2025_2,4,max_verstappen,6,1:38.614
2025,2,2025_2,4,antonelli,7,1:38.824
2025,2,2025_2,4,tsunoda,8,1:38.762
2025,2,2025_2,4,hadjar,9,1:38.895
2025,2,2025_2,4,ocon,10,1:38.921
2025,2,2025_2,4,albon,11,1:39.046
2025,2,2025_2,4,gasly,12,1:38.701
2025,2,2025_2,4,stroll,13,1:38.655
2025,2,2025_2,4,sainz,14,1:38.789
2025,2,2025_2,4,bearman,15,1:39.750
2025,2,2025_2,4,doohan,16,1:39.522
2025,2,2025_2,4,lawson,17,1:39.614
2025,2,2025_2,4,hulkenberg,18,1:39.987
2025,2,2025_2,4,bortoleto,19,1:38.425
2025,2,2025_2,4,alonso,20,2:20.966
2025,2,2025_2,5,piastri,1,1:38.082
2025,2,2025_2,5,norris,2,1:37.917
2025,2,2025_2,5,russell,3,1:37.821
2025,2,2025_2,5,hamilton,4,1:37.802
2025,2,2025_2,5,leclerc,5,1:38.253
2025,2,2025_2,5,max_verstappen,6,1:38.895
2025,2,2025_2,5,antonelli,7,1:38.797
2025,2,2025_2,5,tsunoda,8,1:38.855
2025,2,2025_2,5,hadjar,9,1:38.746
2025,2,2025_2,5,ocon,10,1:38.906
2025,2,2025_2,5,albon,11,1:38.546
2025,2,2025_2,5,gasly,12,1:38.528
2025,2,2025_2,5,stroll,13,1:38.801
2025,2,2025_2,5,sainz,14,1:38.787
2025,2,2025_2,5,bearman,15,1:39.058
2025,2,2025_2,5,doohan,16,1:39.179
2025,2,2025_2,5,lawson,17,1:39.228
2025,2,2025_2,5,hulkenberg,18,1:39.806
2025,2,2025_2,5,bortoleto,19,1:38.892
2025,2,2025_2,6,piastri,1,1:37.539
2025,3,2025_3,1,max_verstappen,1,1:34.725
2025,3,2025_3,1,norris,2,1:35.761
2025,3,2025_3,1,piastri,3,1:36.482
2025,3,2025_3,1,leclerc,4,1:37.371
2025,3,2025_3,1,russell,5,1:37.985
2025,3,2025_3,1,antonelli,6,1:38.965
2025,3,2025_3,1,hadjar,7,1:39.924
2025,3,2025_3,1,hamilton,8,1:40.279
2025,3,2025_3,1,albon,9,1:40.786
2025,3,2025_3,1,bearman,10,1:41.275
2025,3,2025_3,1,alonso,11,1:42.048
2025,3,2025_3,1,gasly,12,1:42.427
2025,3,2025_3,1,tsunoda,13,1:42.862
2025,3,2025_3,1,lawson,14,1:43.463
2025,3,2025_3,1,hulkenberg,15,1:43.858
2025,3,2025_3,1,sainz,16,1:44.206
2025,3,2025_3,1,ocon,17,1:44.763
2025,3,2025_3,1,doohan,18,1:45.302
2025,3,2025_3,1,stroll,19,1:46.103
2025,3,2025_3,1,bortoleto,20,1:46.890
2025,3,2025_3,2,max_verstappen,1,1:33.943
2025,3,2025_3,2,norris,2,1:33.947
2025,3,2025_3,2,piastri,3,1:34.084
2025,3,2025_3,2,leclerc,4,1:34.121
2025,3,2025_3,2,russell,5,1:34.191
2025,3,2025_3,2,antonelli,6,1:34.531
2025,3,2025_3,2,hadjar,7,1:34.750
2025,3,2025_3,2,hamilton,8,1:35.275
2025,3,2025_3,2,albon,9,1:35.445
2025,3,2025_3,2,bearman,10,1:35.553
2025,3,2025_3,2,alonso,11,1:35.686
2025,3,2025_3,2,gasly,12,1:35.858
2025,3,2025_3,2,tsunoda,13,1:36.076
2025,3,2025_3,2,lawson,14,1:36.326
2025,3,2025_3,2,sainz,15,1:36.248
2025,3,2025_3,2,hulkenberg,16,1:37.125
2025,3,2025_3,2,ocon,17,1:36.899
2025,3,2025_3,2,doohan,18,1:36.848
2025,3,2025_3,2,stroll,19,1:37.016
2025,3,2025_3,2,bortoleto,20,1:36.988
2025,3,2025_3,3,max_verstappen,1,1:33.639
2025,3,2025_3,3,norris,2,1:33.789
2025,3,2025_3,3,piastri,3,1:34.042
2025,3,2025_3,3,leclerc,4,1:34.129
2025,3,2025_3,3,russell,5,1:34.204
2025,3,2025_3,3,antonelli,6,1:34.123
2025,3,2025_3,3,hadjar,7,1:34.166
2025,3,2025_3,3,hamilton,8,1:34.254
2025,3,2025_3,3,albon,9,1:34.501
2025,3,2025_3,3,bearman,10,1:34.435
2025,3,2025_3,3,alonso,11,1:34.761
2025,3,2025_3,3,gasly,12,1:34.955
2025,3,2025_3,3,tsunoda,13,1:35.057
2025,3,2025_3,3,lawson,14,1:35.233
2025,3,2025_3,3,sainz,15,1:35.330
2025,3,2025_3,3,hulkenberg,16,1:35.419
2025,3,2025_3,3,ocon,17,1:35.531
2025,3,2025_3,3,doohan,18,1:35.653
2025,3,2025_3,3,stroll,19,1:35.475
2025,3,2025_3,3,bortoleto,20,1:35.678
2025,3,2025_3,4,max_verstappen,1,1:33.744
2025,3,2025_3,4,norris,2,1:33.838
2025,3,2025_3,4,piastri,3,1:33.699
2025,3,2025_3,4,leclerc,4,1:33.954
2025,3,2025_3,4,russell,5,1:34.057
2025,3,2025_3,4,antonelli,6,1:34.260
2025,3,2025_3,4,hadjar,7,1:34.277
2025,3,2025_3,4,hamilton,8,1:34.147
2025,3,2025_3,4,albon,9,1:34.317
2025,3,2025_3,4,bearman,10,1:34.466
2025,3,2025_3,4,alonso,11,1:34.610
2025,3,2025_3,4,gasly,12,1:34.708
2025,3,2025_3,4,tsunoda,13,1:34.771
2025,3,2025_3,4,lawson,14,1:35.098
2025,3,2025_3,4,sainz,15,1:34.765
2025,3,2025_3,4,hulkenberg,16,1:35.266
2025,3,2025_3,4,ocon,17,1:35.170
2025,3,2025_3,4,doohan,18,1:35.344
2025,3,2025_3,4,stroll,19,1:35.161
2025,3,2025_3,4,bortoleto,20,1:34.968
2025,3,2025_3,5,max_verstappen,1,1:33.776
2025,3,2025_3,5,norris,2,1:33.947
2025,3,2025_3,5,piastri,3,1:33.967
2025,3,2025_3,5,leclerc,4,1:33.878
2025,3,2025_3,5,russell,5,1:33.795
2025,3,2025_3,5,antonelli,6,1:33.790
2025,3,2025_3,5,hadjar,7,1:34.296
2025,3,2025_3,5,hamilton,8,1:33.820
2025,3,2025_3,5,albon,9,1:34.138
2025,3,2025_3,5,bearman,10,1:34.126
2025,3,2025_3,5,alonso,11,1:34.599
2025,3,2025_3,5,gasly,12,1:34.554
2025,3,2025_3,5,tsunoda,13,1:34.569
2025,3,2025_3,5,lawson,14,1:35.169
2025,3,2025_3,5,sainz,15,1:35.473
2025,3,2025_3,5,hulkenberg,16,1:35.266
2025,3,2025_3,5,ocon,17,1:35.361
2025,3,2025_3,5,doohan,18,1:35.485
2025,3,2025_3,5,stroll,19,1:35.418
2025,3,2025_3,5,bortoleto,20,1:35.043
2025,4,2025_4,1,piastri,1,1:38.693
2025,4,2025_4,1,russell,2,1:39.582
2025,4,2025_4,1,norris,3,1:40.424
2025,4,2025_4,1,leclerc,4,1:41.332
2025,4,2025_4,1,gasly,5,1:42.050
2025,4,2025_4,1,sainz,6,1:42.770
2025,4,2025_4,1,antonelli,7,1:43.363
2025,4,2025_4,1,max_verstappen,8,1:43.877
2025,4,2025_4,1,hamilton,9,1:44.568
2025,4,2025_4,1,tsunoda,10,1:44.935
2025,4,2025_4,1,doohan,11,1:45.172
2025,4,2025_4,1,alonso,12,1:45.786
2025,4,2025_4,1,ocon,13,1:46.156
2025,4,2025_4,1,albon,14,1:46.629
2025,4,2025_4,1,bearman,15,1:46.874
2025,4,2025_4,1,hadjar,16,1:48.113
2025,4,2025_4,1,lawson,17,1:48.467
2025,4,2025_4,1,stroll,18,1:48.838
2025,4,2025_4,1,bortoleto,19,1:49.307
2025,4,2025_4,1,hulkenberg,20,1:49.482
2025,4,2025_4,2,piastri,1,1:37.492
2025,4,2025_4,2,russell,2,1:37.817
2025,4,2025_4,2,norris,3,1:37.910
2025,4,2025_4,2,leclerc,4,1:38.048
2025,4,2025_4,2,gasly,5,1:38.064
2025,4,2025_4,2,sainz,6,1:38.185
2025,4,2025_4,2,antonelli,7,1:38.187
2025,4,2025_4,2,max_verstappen,8,1:38.403
2025,4,2025_4,2,hamilton,9,1:38.566
2025,4,2025_4,2,tsunoda,10,1:38.959
2025,4,2025_4,2,doohan,11,1:39.172
2025,4,2025_4,2,ocon,12,1:38.883
2025,4,2025_4,2,alonso,13,1:40.514
2025,4,2025_4,2,albon,14,1:39.821
2025,4,2025_4,2,bearman,15,1:40.265
2025,4,2025_4,2,hadjar,16,1:39.603
2025,4,2025_4,2,lawson,17,1:40.130
2025,4,2025_4,2,stroll,18,1:40.250
2025,4,2025_4,2,bortoleto,19,1:40.450
2025,4,2025_4,2,hulkenberg,20,1:40.634
2025,4,2025_4,3,piastri,1,1:38.083
2025,4,2025_4,3,russell,2,1:38.286
2025,4,2025_4,3,norris,3,1:38.417
2025,4,2025_4,3,leclerc,4,1:38.463
2025,4,2025_4,3,gasly,5,1:38.418
2025,4,2025_4,3,sainz,6,1:38.389
2025,4,2025_4,3,antonelli,7,1:38.427
2025,4,2025_4,3,max_verstappen,8,1:38.475
2025,4,2025_4,3,hamilton,9,1:38.419
2025,4,2025_4,3,tsunoda,10,1:38.565
2025,4,2025_4,3,doohan,11,1:38.714
2025,4,2025_4,3,ocon,12,1:38.726
2025,4,2025_4,3,albon,13,1:38.699
2025,4,2025_4,3,alonso,14,1:40.017
2025,4,2025_4,3,bearman,15,1:39.586
2025,4,2025_4,3,hadjar,16,1:39.767
2025,4,2025_4,3,lawson,17,1:39.689
2025,4,2025_4,3,stroll,18,1:39.708
2025,4,2025_4,3,bortoleto,19,1:39.900
2025,4,2025_4,3,hulkenberg,20,1:40.019
2025,4,2025_4,4,piastri,1,1:38.133
2025,4,2025_4,4,russell,2,1:38.378
2025,4,2025_4,4,norris,3,1:38.235
2025,4,2025_4,4,leclerc,4,1:38.273
2025,4,2025_4,4,gasly,5,1:38.312
2025,4,2025_4,4,sainz,6,1:38.620
2025,4,2025_4,4,antonelli,7,1:38.564
2025,4,2025_4,4,max_verstappen,8,1:38.549
2025,4,2025_4,4,hamilton,9,1:38.654
2025,4,2025_4,4,tsunoda,10,1:38.612
2025,4,2025_4,4,doohan,11,1:38.722
2025,4,2025_4,4,ocon,12,1:38.766
2025,4,2025_4,4,albon,13,1:39.056
2025,4,2025_4,4,alonso,14,1:39.318
2025,4,2025_4,4,bearman,15,1:39.262
2025,4,2025_4,4,hadjar,16,1:39.631
2025,4,2025_4,4,lawson,17,1:39.641
2025,4,2025_4,4,stroll,18,1:39.844
2025,4,2025_4,4,bortoleto,19,1:40.079
2025,4,2025_4,4,hulkenberg,20,1:39.829
2025,4,2025_4,5,piastri,1,1:38.043
2025,4,2025_4,5,russell,2,1:38.604
2025,4,2025_4,5,norris,3,1:38.604
2025,4,2025_4,5,leclerc,4,1:38.427
2025,4,2025_4,5,gasly,5,1:38.616
2025,4,2025_4,5,antonelli,6,1:38.520
2025,4,2025_4,5,max_verstappen,7,1:38.760
2025,4,2025_4,5,sainz,8,1:41.021
2025,4,2025_4,5,hamilton,9,1:39.465
2025,4,2025_4,5,tsunoda,10,1:39.370
2025,4,2025_4,5,doohan,11,1:39.295
2025,4,2025_4,5,ocon,12,1:39.240
2025,4,2025_4,5,albon,13,1:39.257
2025,4,2025_4,5,bearman,14,1:39.246
2025,4,2025_4,5,alonso,15,1:40.555
2025,4,2025_4,5,hadjar,16,1:39.669
2025,4,2025_4,5,lawson,17,1:39.958
2025,4,2025_4,5,stroll,18,1:39.974
2025,4,2025_4,5,bortoleto,19,1:40.726
2025,4,2025_4,5,hulkenberg,20,1:41.958
2025,5,2025_5,1,max_verstappen,1,2:03.217
2025,5,2025_5,1,piastri,2,2:04.986
2025,5,2025_5,1,russell,3,2:07.151
2025,5,2025_5,1,leclerc,4,2:07.865
2025,5,2025_5,1,antonelli,5,2:09.232
2025,5,2025_5,1,hamilton,6,2:12.474
2025,5,2025_5,1,sainz,7,2:13.455
2025,5,2025_5,1,norris,8,2:16.024
2025,5,2025_5,1,albon,9,2:17.291
2025,5,2025_5,1,alonso,10,2:18.128
2025,5,2025_5,1,hadjar,11,2:21.020
2025,5,2025_5,1,lawson,12,2:23.086
2025,5,2025_5,1,bearman,13,2:24.140
2025,5,2025_5,1,stroll,14,2:25.831
2025,5,2025_5,1,hulkenberg,15,2:27.149
2025,5,2025_5,1,doohan,16,2:28.383
2025,5,2025_5,1,ocon,17,2:29.408
2025,5,2025_5,1,bortoleto,18,2:29.952
2025,5,2025_5,1,tsunoda,19,2:45.662
2025,5,2025_5,2,max_verstappen,1,2:44.900
2025,5,2025_5,2,piastri,2,2:44.068
2025,5,2025_5,2,russell,3,2:43.750
2025,5,2025_5,2,leclerc,4,2:44.726
2025,5,2025_5,2,antonelli,5,2:44.553
2025,5,2025_5,2,hamilton,6,2:43.542
2025,5,2025_5,2,sainz,7,2:43.384
2025,5,2025_5,2,norris,8,2:42.594
2025,5,2025_5,2,albon,9,2:42.341
2025,5,2025_5,2,alonso,10,2:43.296
2025,5,2025_5,2,hadjar,11,2:41.811
2025,5,2025_5,2,lawson,12,2:41.330
2025,5,2025_5,2,bearman,13,2:40.800
2025,5,2025_5,2,stroll,14,2:40.273
2025,5,2025_5,2,hulkenberg,15,2:41.386
2025,5,2025_5,2,doohan,16,2:41.336
2025,5,2025_5,2,ocon,17,2:41.653
2025,5,2025_5,2,bortoleto,18,2:41.843
2025,5,2025_5,3,max_verstappen,1,2:55.554
2025,5,2025_5,3,piastri,2,2:55.203
2025,5,2025_5,3,russell,3,2:53.468
2025,5,2025_5,3,leclerc,4,2:51.875
2025,5,2025_5,3,antonelli,5,2:50.910
2025,5,2025_5,3,hamilton,6,2:49.220
2025,5,2025_5,3,sainz,7,2:48.552
2025,5,2025_5,3,norris,8,2:47.077
2025,5,2025_5,3,albon,9,2:46.452
2025,5,2025_5,3,alonso,10,2:44.889
2025,5,2025_5,3,hadjar,11,2:43.989
2025,5,2025_5,3,lawson,12,2:42.757
2025,5,2025_5,3,bearman,13,2:42.494
2025,5,2025_5,3,stroll,14,2:42.076
2025,5,2025_5,3,hulkenberg,15,2:39.957
2025,5,2025_5,3,doohan,16,2:39.284
2025,5,2025_5,3,ocon,17,2:38.360
2025,5,2025_5,3,bortoleto,18,2:38.129
2025,5,2025_5,4,max_verstappen,1,1:33.831
2025,5,2025_5,4,piastri,2,1:34.247
2025,5,2025_5,4,russell,3,1:35.170
2025,5,2025_5,4,leclerc,4,1:35.845
2025,5,2025_5,4,antonelli,5,1:36.284
2025,5,2025_5,4,hamilton,6,1:36.425
2025,5,2025_5,4,sainz,7,1:36.814
2025,5,2025_5,4,norris,8,1:37.073
2025,5,2025_5,4,albon,9,1:37.386
2025,5,2025_5,4,hadjar,10,1:37.627
2025,5,2025_5,4,alonso,11,1:38.215
2025,5,2025_5,4,lawson,12,1:37.713
2025,5,2025_5,4,bearman,13,1:37.923
2025,5,2025_5,4,stroll,14,1:37.990
2025,5,2025_5,4,hulkenberg,15,1:38.025
2025,5,2025_5,4,doohan,16,1:38.096
2025,5,2025_5,4,ocon,17,1:38.241
2025,5,2025_5,4,bortoleto,18,1:38.211
2025,5,2025_5,5,max_verstappen,1,1:33.716
2025,5,2025_5,5,piastri,2,1:33.418
2025,5,2025_5,5,russell,3,1:33.996
2025,5,2025_5,5,leclerc,4,1:34.428
2025,5,2025_5,5,antonelli,5,1:34.482
2025,5,2025_5,5,hamilton,6,1:35.099
2025,5,2025_5,5,sainz,7,1:35.717
2025,5,2025_5,5,norris,8,1:35.525
2025,5,2025_5,5,albon,9,1:35.606
2025,5,2025_5,5,hadjar,10,1:35.624
2025,5,2025_5,5,alonso,11,1:36.176
2025,5,2025_5,5,lawson,12,1:36.362
2025,5,2025_5,5,bearman,13,1:36.423
2025,5,2025_5,5,stroll,14,1:36.355
2025,5,2025_5,5,hulkenberg,15,1:36.556
2025,5,2025_5,5,doohan,16,1:36.720
2025,5,2025_5,5,ocon,17,1:36.859
2025,5,2025_5,5,bortoleto,18,1:36.931
2025,5,2025_5,6,max_verstappen,1,1:33.564
2025,5,2025_5,6,piastri,2,1:33.917
2025,5,2025_5,6,russell,3,1:34.073
2025,5,2025_5,6,leclerc,4,1:34.520
2025,5,2025_5,6,antonelli,5,1:34.386
2025,5,2025_5,6,hamilton,6,1:34.459
2025,5,2025_5,6,sainz,7,1:35.115
2025,5,2025_5,6,norris,8,1:35.042
2025,5,2025_5,6,albon,9,1:35.148
2025,6,2025_6,1,max_verstappen,1,1:35.669
2025,6,2025_6,1,antonelli,2,1:36.850
2025,6,2025_6,1,piastri,3,1:37.135
2025,6,2025_6,1,russell,4,1:38.178
2025,6,2025_6,1,albon,5,1:38.782
2025,6,2025_6,1,norris,6,1:39.277
2025,6,2025_6,1,sainz,7,1:39.731
2025,6,2025_6,1,leclerc,8,1:40.561
2025,6,2025_6,1,tsunoda,9,1:41.207
2025,6,2025_6,1,ocon,10,1:41.555
2025,6,2025_6,1,hadjar,11,1:42.125
2025,6,2025_6,1,hamilton,12,1:42.517
2025,6,2025_6,1,bortoleto,13,1:43.084
2025,6,2025_6,1,hulkenberg,14,1:43.306
2025,6,2025_6,1,stroll,15,1:43.734
2025,6,2025_6,1,bearman,16,1:44.650
2025,6,2025_6,1,alonso,17,1:44.913
2025,6,2025_6,1,gasly,18,1:45.474
2025,6,2025_6,1,lawson,19,1:55.964
2025,6,2025_6,2,max_verstappen,1,1:51.128
2025,6,2025_6,2,antonelli,2,1:52.276
2025,6,2025_6,2,piastri,3,1:52.677
2025,6,2025_6,2,russell,4,1:52.831
2025,6,2025_6,2,albon,5,1:53.640
2025,6,2025_6,2,norris,6,1:55.086
2025,6,2025_6,2,sainz,7,1:55.407
2025,6,2025_6,2,leclerc,8,1:56.383
2025,6,2025_6,2,tsunoda,9,1:56.508
2025,6,2025_6,2,ocon,10,1:57.623
2025,6,2025_6,2,hadjar,11,1:59.426
2025,6,2025_6,2,hamilton,12,1:59.324
2025,6,2025_6,2,bortoleto,13,2:01.110
2025,6,2025_6,2,hulkenberg,14,2:02.663
2025,6,2025_6,2,stroll,15,2:04.499
2025,6,2025_6,2,bearman,16,2:04.627
2025,6,2025_6,2,alonso,17,2:05.043
2025,6,2025_6,2,gasly,18,2:05.704
2025,6,2025_6,2,lawson,19,2:01.748
2025,6,2025_6,3,max_verstappen,1,2:05.946
2025,6,2025_6,3,antonelli,2,2:04.905
2025,6,2025_6,3,piastri,3,2:04.620
2025,6,2025_6,3,russell,4,2:04.090
2025,6,2025_6,3,albon,5,2:03.540
2025,6,2025_6,3,norris,6,2:02.001
2025,6,2025_6,3,sainz,7,2:01.936
2025,6,2025_6,3,leclerc,8,2:01.385
2025,6,2025_6,3,tsunoda,9,2:01.976
2025,6,2025_6,3,ocon,10,2:01.586
2025,6,2025_6,3,hadjar,11,2:01.095
2025,6,2025_6,3,hamilton,12,2:00.931
2025,6,2025_6,3,bortoleto,13,1:58.970
2025,6,2025_6,3,hulkenberg,14,1:57.784
2025,6,2025_6,3,stroll,15,1:56.297
2025,6,2025_6,3,bearman,16,1:56.005
2025,6,2025_6,3,alonso,17,1:55.758
2025,6,2025_6,3,gasly,18,1:55.733
2025,6,2025_6,3,lawson,19,1:57.913
2025,6,2025_6,4,max_verstappen,1,1:32.569
2025,6,2025_6,4,piastri,2,1:31.920
2025,6,2025_6,4,antonelli,3,1:33.016
2025,6,2025_6,4,russell,4,1:32.646
2025,6,2025_6,4,norris,5,1:32.128
2025,6,2025_6,4,albon,6,1:33.079
2025,6,2025_6,4,sainz,7,1:32.521
2025,6,2025_6,4,leclerc,8,1:32.763
2025,6,2025_6,4,tsunoda,9,1:32.955
2025,6,2025_6,4,ocon,10,1:32.670
2025,6,2025_6,4,hamilton,11,1:32.412
2025,6,2025_6,4,hadjar,12,1:34.546
2025,6,2025_6,4,bortoleto,13,1:34.522
2025,6,2025_6,4,hulkenberg,14,1:34.181
2025,6,2025_6,4,stroll,15,1:33.892
2025,6,2025_6,4,bearman,16,1:33.844
2025,6,2025_6,4,alonso,17,1:33.693
2025,6,2025_6,4,gasly,18,1:34.054
2025,6,2025_6,4,lawson,19,1:33.315
2025,6,2025_6,5,max_verstappen,1,1:32.133
2025,6,2025_6,5,piastri,2,1:32.282
2025,6,2025_6,5,antonelli,3,1:32.859
2025,6,2025_6,5,russell,4,1:32.779
2025,6,2025_6,5,norris,5,1:32.639
2025,6,2025_6,5,sainz,6,1:32.332
2025,6,2025_6,5,albon,7,1:33.836
2025,6,2025_6,5,leclerc,8,1:32.509
2025,6,2025_6,5,tsunoda,9,1:32.945
2025,6,2025_6,5,ocon,10,1:32.756
2025,6,2025_6,5,hamilton,11,1:32.899
2025,6,2025_6,5,hadjar,12,1:32.963
2025,6,2025_6,5,bortoleto,13,1:33.194
2025,6,2025_6,5,hulkenberg,14,1:33.552
2025,6,2025_6,5,stroll,15,1:33.896
2025,6,2025_6,5,bearman,16,1:33.888
2025,6,2025_6,5,alonso,17,1:34.064
2025,6,2025_6,5,gasly,18,1:34.123
2025,6,2025_6,5,lawson,19,1:34.526
2025,6,2025_6,6,max_verstappen,1,1:32.096
2025,6,2025_6,6,piastri,2,1:32.047
2025,6,2025_6,6,antonelli,3,1:32.883
2025,6,2025_6,6,russell,4,1:33.036
2025,6,2025_6,6,norris,5,1:32.634
2025,7,2025_7,1,max_verstappen,1,1:22.992
2025,7,2025_7,1,piastri,2,1:23.966
2025,7,2025_7,1,russell,3,1:24.968
2025,7,2025_7,1,norris,4,1:25.806
2025,7,2025_7,1,alonso,5,1:26.360
2025,7,2025_7,1,sainz,6,1:26.933
2025,7,2025_7,1,albon,7,1:27.403
2025,7,2025_7,1,stroll,8,1:27.757
2025,7,2025_7,1,gasly,9,1:28.236
2025,7,2025_7,1,leclerc,10,1:28.571
2025,7,2025_7,1,hadjar,11,1:29.045
2025,7,2025_7,1,antonelli,12,1:29.534
2025,7,2025_7,1,hamilton,13,1:29.981
2025,7,2025_7,1,bortoleto,14,1:30.416
2025,7,2025_7,1,lawson,15,1:30.945
2025,7,2025_7,1,hulkenberg,16,1:31.936
2025,7,2025_7,1,colapinto,17,1:32.370
2025,7,2025_7,1,bearman,18,1:33.051
2025,7,2025_7,1,tsunoda,19,1:35.056
2025,7,2025_7,1,ocon,20,1:36.497
2025,7,2025_7,2,max_verstappen,1,1:21.131
2025,7,2025_7,2,piastri,2,1:21.601
2025,7,2025_7,2,russell,3,1:21.596
2025,7,2025_7,2,norris,4,1:21.819
2025,7,2025_7,2,alonso,5,1:22.150
2025,7,2025_7,2,sainz,6,1:22.200
2025,7,2025_7,2,albon,7,1:22.323
2025,7,2025_7,2,stroll,8,1:22.497
2025,7,2025_7,2,gasly,9,1:22.771
2025,7,2025_7,2,leclerc,10,1:22.899
2025,7,2025_7,2,hadjar,11,1:22.976
2025,7,2025_7,2,antonelli,12,1:23.293
2025,7,2025_7,2,hamilton,13,1:23.062
2025,7,2025_7,2,bortoleto,14,1:23.419
2025,7,2025_7,2,lawson,15,1:23.630
2025,7,2025_7,2,hulkenberg,16,1:23.279
2025,7,2025_7,2,colapinto,17,1:23.357
2025,7,2025_7,2,bearman,18,1:23.836
2025,7,2025_7,2,tsunoda,19,1:22.726
2025,7,2025_7,2,ocon,20,1:44.487
2025,7,2025_7,3,max_verstappen,1,1:21.258
2025,7,2025_7,3,piastri,2,1:21.345
2025,7,2025_7,3,russell,3,1:21.618
2025,7,2025_7,3,norris,4,1:21.462
2025,7,2025_7,3,alonso,5,1:21.609
2025,7,2025_7,3,sainz,6,1:21.656
2025,7,2025_7,3,albon,7,1:21.774
2025,7,2025_7,3,stroll,8,1:21.830
2025,7,2025_7,3,leclerc,9,1:21.571
2025,7,2025_7,3,hadjar,10,1:21.933
2025,7,2025_7,3,antonelli,11,1:21.788
2025,7,2025_7,3,hamilton,12,1:22.080
2025,7,2025_7,3,bortoleto,13,1:22.237
2025,7,2025_7,3,gasly,14,1:25.766
2025,7,2025_7,3,lawson,15,1:22.737
2025,7,2025_7,3,hulkenberg,16,1:22.670
2025,7,2025_7,3,colapinto,17,1:22.869
2025,7,2025_7,3,bearman,18,1:22.619
2025,7,2025_7,3,tsunoda,19,1:22.262
2025,7,2025_7,3,ocon,20,1:21.413
2025,7,2025_7,4,max_verstappen,1,1:21.218
2025,7,2025_7,4,piastri,2,1:21.290
2025,7,2025_7,4,russell,3,1:21.707
2025,7,2025_7,4,norris,4,1:21.647
2025,7,2025_7,4,alonso,5,1:21.643
2025,7,2025_7,4,sainz,6,1:21.507
2025,7,2025_7,4,albon,7,1:21.753
2025,7,2025_7,4,stroll,8,1:21.939
2025,7,2025_7,4,leclerc,9,1:21.428
2025,7,2025_7,4,hadjar,10,1:21.233
2025,7,2025_7,4,antonelli,11,1:21.239
2025,7,2025_7,4,hamilton,12,1:21.230
2025,7,2025_7,4,bortoleto,13,1:21.582
2025,7,2025_7,4,gasly,14,1:21.805
2025,7,2025_7,4,lawson,15,1:22.110
2025,7,2025_7,4,hulkenberg,16,1:22.434
2025,7,2025_7,4,colapinto,17,1:22.452
2025,7,2025_7,4,bearman,18,1:22.341
2025,7,2025_7,4,tsunoda,19,1:22.502
2025,7,2025_7,4,ocon,20,1:21.423
2025,7,2025_7,5,max_verstappen,1,1:21.228
2025,7,2025_7,5,piastri,2,1:21.096
2025,7,2025_7,5,russell,3,1:21.385
2025,7,2025_7,5,norris,4,1:21.581
2025,7,2025_7,5,alonso,5,1:21.401
2025,7,2025_7,5,sainz,6,1:21.708
2025,7,2025_7,5,albon,7,1:21.615
2025,7,2025_7,5,stroll,8,1:21.527
2025,7,2025_7,5,leclerc,9,1:21.706
2025,7,2025_7,5,hadjar,10,1:21.599
2025,7,2025_7,5,antonelli,11,1:21.526
2025,7,2025_7,5,hamilton,12,1:21.439
2025,7,2025_7,5,bortoleto,13,1:21.812
2025,7,2025_7,5,gasly,14,1:21.668
2025,7,2025_7,5,lawson,15,1:21.917
2025,7,2025_7,5,hulkenberg,16,1:21.922
2025,7,2025_7,5,colapinto,17,1:22.052
2025,7,2025_7,5,bearman,18,1:22.267
2025,7,2025_7,5,tsunoda,19,1:22.265
2025,7,2025_7,5,ocon,20,1:21.651
2025,8,2025_8,1,norris,1,1:23.340
2025,8,2025_8,1,leclerc,2,1:24.481
2025,8,2025_8,1,piastri,3,1:26.141
2025,8,2025_8,1,max_verstappen,4,1:27.020
2025,8,2025_8,1,hadjar,5,1:27.567
2025,8,2025_8,1,alonso,6,1:28.332
2025,8,2025_8,1,hamilton,7,1:29.406
2025,8,2025_8,1,ocon,8,1:29.926
2025,8,2025_8,1,lawson,9,1:30.523
2025,8,2025_8,1,albon,10,1:31.479
2025,8,2025_8,1,sainz,11,1:32.413
2025,8,2025_8,1,hulkenberg,12,1:32.788
2025,8,2025_8,1,russell,13,1:34.077
2025,8,2025_8,1,antonelli,14,1:34.721
2025,8,2025_8,1,colapinto,15,1:36.577
2025,8,2025_8,1,stroll,16,1:38.018
2025,8,2025_8,1,tsunoda,17,1:50.476
2025,8,2025_8,1,gasly,18,1:52.223
2025,8,2025_8,1,bearman,19,2:19.932
2025,8,2025_8,1,bortoleto,20,2:25.564
2025,8,2025_8,2,norris,1,1:44.634
2025,8,2025_8,2,leclerc,2,1:44.769
2025,8,2025_8,2,piastri,3,1:46.466
2025,8,2025_8,2,max_verstappen,4,1:46.318
2025,8,2025_8,2,hadjar,5,1:46.692
2025,8,2025_8,2,alonso,6,1:47.072
2025,8,2025_8,2,hamilton,7,1:51.437
2025,8,2025_8,2,ocon,8,1:51.527
2025,8,2025_8,2,lawson,9,1:52.308
2025,8,2025_8,2,albon,10,1:52.152
2025,8,2025_8,2,sainz,11,1:51.609
2025,8,2025_8,2,hulkenberg,12,1:52.404
2025,8,2025_8,2,russell,13,1:51.593
2025,8,2025_8,2,antonelli,14,1:51.408
2025,8,2025_8,2,colapinto,15,1:50.894
2025,8,2025_8,2,stroll,16,1:49.806
2025,8,2025_8,2,tsunoda,17,1:48.876
2025,8,2025_8,2,gasly,18,1:48.974
2025,8,2025_8,2,bearman,19,1:50.654
2025,8,2025_8,2,bortoleto,20,1:49.746
2025,8,2025_8,3,norris,1,1:49.015
2025,8,2025_8,3,leclerc,2,1:48.805
2025,8,2025_8,3,piastri,3,1:48.176
2025,8,2025_8,3,max_verstappen,4,1:48.815
2025,8,2025_8,3,hadjar,5,1:49.414
2025,8,2025_8,3,alonso,6,1:49.211
2025,8,2025_8,3,hamilton,7,1:49.212
2025,8,2025_8,3,ocon,8,1:49.187
2025,8,2025_8,3,lawson,9,1:48.504
2025,8,2025_8,3,albon,10,1:48.346
2025,8,2025_8,3,sainz,11,1:48.386
2025,8,2025_8,3,hulkenberg,12,1:48.106
2025,8,2025_8,3,russell,13,1:48.563
2025,8,2025_8,3,antonelli,14,1:48.871
2025,8,2025_8,3,colapinto,15,1:48.913
2025,8,2025_8,3,stroll,16,1:49.353
2025,8,2025_8,3,tsunoda,17,1:48.545
2025,8,2025_8,3,gasly,18,1:48.723
2025,8,2025_8,3,bearman,19,1:50.334
2025,8,2025_8,3,bortoleto,20,1:49.362
2025,8,2025_8,4,norris,1,1:41.564
2025,8,2025_8,4,leclerc,2,1:41.248
2025,8,2025_8,4,piastri,3,1:40.676
2025,8,2025_8,4,max_verstappen,4,1:40.290
2025,8,2025_8,4,hadjar,5,1:39.640
2025,8,2025_8,4,alonso,6,1:39.675
2025,8,2025_8,4,hamilton,7,1:34.730
2025,8,2025_8,4,ocon,8,1:35.230
2025,8,2025_8,4,lawson,9,1:35.354
2025,8,2025_8,4,albon,10,1:36.006
2025,8,2025_8,4,sainz,11,1:36.808
2025,8,2025_8,4,hulkenberg,12,1:36.696
2025,8,2025_8,4,russell,13,1:36.667
2025,8,2025_8,4,antonelli,14,1:36.575
2025,8,2025_8,4,colapinto,15,1:36.476
2025,8,2025_8,4,stroll,16,1:36.353
2025,8,2025_8,4,tsunoda,17,1:33.097
2025,8,2025_8,4,gasly,18,1:31.509
2025,8,2025_8,4,bearman,19,1:22.127
2025,8,2025_8,4,bortoleto,20,1:23.609
2025,8,2025_8,5,norris,1,1:18.050
2025,8,2025_8,5,leclerc,2,1:18.801
2025,8,2025_8,5,piastri,3,1:20.048
2025,8,2025_8,5,max_verstappen,4,1:20.800
2025,8,2025_8,5,hadjar,5,1:20.952
2025,8,2025_8,5,alonso,6,1:20.940
2025,8,2025_8,5,hamilton,7,1:21.057
2025,8,2025_8,5,ocon,8,1:20.666
2025,8,2025_8,5,lawson,9,1:20.766
2025,8,2025_8,5,albon,10,1:20.465
2025,8,2025_8,5,sainz,11,1:20.580
2025,8,2025_8,5,hulkenberg,12,1:20.475
2025,8,2025_8,5,russell,13,1:20.576
2025,8,2025_8,5,antonelli,14,1:20.377
2025,8,2025_8,5,colapinto,15,1:19.999
2025,8,2025_8,5,stroll,16,1:20.285
2025,8,2025_8,5,tsunoda,17,1:18.663
2025,8,2025_8,5,gasly,18,1:18.864
2025,8,2025_8,5,bearman,19,1:15.576
2025,8,2025_8,5,bortoleto,20,1:16.394
2025,9,2025_9,1,piastri,1,1:22.879
2025,9,2025_9,1,max_verstappen,2,1:23.696
2025,9,2025_9,1,norris,3,1:24.658
2025,9,2025_9,1,hamilton,4,1:25.349
2025,9,2025_9,1,leclerc,5,1:26.275
2025,9,2025_9,1,russell,6,1:26.617
2025,9,2025_9,1,antonelli,7,1:27.381
2025,9,2025_9,1,gasly,8,1:27.934
2025,9,2025_9,1,hadjar,9,1:28.411
2025,9,2025_9,1,alonso,10,1:28.761
2025,9,2025_9,1,hulkenberg,11,1:28.901
2025,9,2025_9,1,bortoleto,12,1:29.360
2025,9,2025_9,1,lawson,13,1:29.953
2025,9,2025_9,1,albon,14,1:30.384
2025,9,2025_9,1,bearman,15,1:30.837
2025,9,2025_9,1,ocon,16,1:31.228
2025,9,2025_9,1,sainz,17,1:31.809
2025,9,2025_9,1,colapinto,18,1:32.318
2025,9,2025_9,1,tsunoda,19,1:33.614
2025,9,2025_9,2,piastri,1,1:20.211
2025,9,2025_9,2,max_verstappen,2,1:20.083
2025,9,2025_9,2,norris,3,1:20.904
2025,9,2025_9,2,hamilton,4,1:21.368
2025,9,2025_9,2,leclerc,5,1:21.421
2025,9,2025_9,2,russell,6,1:21.564
2025,9,2025_9,2,antonelli,7,1:22.112
2025,9,2025_9,2,gasly,8,1:22.663
2025,9,2025_9,2,hadjar,9,1:22.858
2025,9,2025_9,2,hulkenberg,10,1:22.812
2025,9,2025_9,2,alonso,11,1:23.387
2025,9,2025_9,2,bortoleto,12,1:23.275
2025,9,2025_9,2,lawson,13,1:23.220
2025,9,2025_9,2,albon,14,1:23.703
2025,9,2025_9,2,bearman,15,1:23.868
2025,9,2025_9,2,ocon,16,1:23.815
2025,9,2025_9,2,sainz,17,1:23.851
2025,9,2025_9,2,colapinto,18,1:23.993
2025,9,2025_9,2,tsunoda,19,1:23.482
2025,9,2025_9,3,piastri,1,1:19.866
2025,9,2025_9,3,max_verstappen,2,1:20.537
2025,9,2025_9,3,norris,3,1:20.690
2025,9,2025_9,3,hamilton,4,1:20.753
2025,9,2025_9,3,leclerc,5,1:20.809
2025,9,2025_9,3,russell,6,1:21.385
2025,9,2025_9,3,antonelli,7,1:21.874
2025,9,2025_9,3,gasly,8,1:22.133
2025,9,2025_9,3,hadjar,9,1:21.972
2025,9,2025_9,3,hulkenberg,10,1:22.138
2025,9,2025_9,3,alonso,11,1:22.424
2025,9,2025_9,3,bortoleto,12,1:22.493
2025,9,2025_9,3,lawson,13,1:22.634
2025,9,2025_9,3,albon,14,1:22.585
2025,9,2025_9,3,bearman,15,1:22.603
2025,9,2025_9,3,ocon,16,1:22.636
2025,9,2025_9,3,sainz,17,1:22.905
2025,9,2025_9,3,colapinto,18,1:23.061
2025,9,2025_9,3,tsunoda,19,1:23.005
2025,9,2025_9,4,piastri,1,1:20.359
2025,9,2025_9,4,max_verstappen,2,1:21.032
2025,9,2025_9,4,norris,3,1:20.800
2025,9,2025_9,4,hamilton,4,1:20.639
2025,9,2025_9,4,leclerc,5,1:20.725
2025,9,2025_9,4,russell,6,1:21.126
2025,9,2025_9,4,antonelli,7,1:21.374
2025,9,2025_9,4,gasly,8,1:21.329
2025,9,2025_9,4,hadjar,9,1:21.781
2025,9,2025_9,4,hulkenberg,10,1:21.756
2025,9,2025_9,4,alonso,11,1:21.965
2025,9,2025_9,4,bortoleto,12,1:22.114
2025,9,2025_9,4,lawson,13,1:22.031
2025,9,2025_9,4,albon,14,1:22.127
2025,9,2025_9,4,bearman,15,1:22.344
2025,9,2025_9,4,ocon,16,1:22.373
2025,9,2025_9,4,sainz,17,1:22.370
2025,9,2025_9,4,colapinto,18,1:22.402
2025,9,2025_9,4,tsunoda,19,1:22.585
2025,9,2025_9,5,piastri,1,1:20.467
2025,9,2025_9,5,max_verstappen,2,1:20.964
2025,9,2025_9,5,norris,3,1:20.644
2025,9,2025_9,5,hamilton,4,1:21.109
2025,9,2025_9,5,leclerc,5,1:20.750
2025,9,2025_9,5,russell,6,1:21.130
2025,9,2025_9,5,antonelli,7,1:21.368
2025,9,2025_9,5,gasly,8,1:21.681
2025,9,2025_9,5,hadjar,9,1:21.647
2025,9,2025_9,5,hulkenberg,10,1:21.710
2025,9,2025_9,5,alonso,11,1:21.888
2025,9,2025_9,5,bortoleto,12,1:22.130
2025,9,2025_9,5,lawson,13,1:22.423
2025,9,2025_9,5,albon,14,1:22.537
2025,9,2025_9,5,bearman,15,1:22.177
2025,9,2025_9,5,ocon,16,1:22.484
2025,9,2025_9,5,sainz,17,1:22.470
2025,9,2025_9,5,colapinto,18,1:22.336
2025,9,2025_9,5,tsunoda,19,1:22.249
2025,9,2025_9,6,piastri,1,1:20.254
2025,9,2025_9,6,max_verstappen,2,1:20.822
2025,9,2025_9,6,norris,3,1:20.713
2025,9,2025_9,6,hamilton,4,1:21.565
2025,9,2025_9,6,leclerc,5,1:21.368
2025,10,2025_10,1,russell,1,1:21.852
2025,10,2025_10,1,max_verstappen,2,1:22.549
2025,10,2025_10,1,antonelli,3,1:23.319
2025,10,2025_10,1,piastri,4,1:23.939
2025,10,2025_10,1,hamilton,5,1:24.695
2025,10,2025_10,1,alonso,6,1:25.331
2025,10,2025_10,1,norris,7,1:25.741
2025,10,2025_10,1,leclerc,8,1:26.330
2025,10,2025_10,1,hulkenberg,9,1:27.961
2025,10,2025_10,1,colapinto,10,1:28.837
2025,10,2025_10,1,hadjar,11,1:29.263
2025,10,2025_10,1,albon,12,1:29.443
2025,10,2025_10,1,bearman,13,1:29.938
2025,10,2025_10,1,ocon,14,1:30.156
2025,10,2025_10,1,bortoleto,15,1:30.643
2025,10,2025_10,1,sainz,16,1:30.973
2025,10,2025_10,1,tsunoda,17,1:31.334
2025,10,2025_10,1,stroll,18,1:31.602
2025,10,2025_10,1,lawson,19,1:33.298
2025,10,2025_10,1,gasly,20,1:34.327
2025,10,2025_10,2,russell,1,1:16.437
2025,10,2025_10,2,max_verstappen,2,1:16.418
2025,10,2025_10,2,antonelli,3,1:16.584
2025,10,2025_10,2,piastri,4,1:17.510
2025,10,2025_10,2,hamilton,5,1:17.320
2025,10,2025_10,2,alonso,6,1:17.402
2025,10,2025_10,2,norris,7,1:17.686
2025,10,2025_10,2,leclerc,8,1:17.784
2025,10,2025_10,2,hulkenberg,9,1:17.872
2025,10,2025_10,2,colapinto,10,1:18.477
2025,10,2025_10,2,hadjar,11,1:18.419
2025,10,2025_10,2,albon,12,1:18.730
2025,10,2025_10,2,bearman,13,1:18.823
2025,10,2025_10,2,ocon,14,1:19.243
2025,10,2025_10,2,bortoleto,15,1:19.187
2025,10,2025_10,2,sainz,16,1:19.473
2025,10,2025_10,2,tsunoda,17,1:20.040
2025,10,2025_10,2,stroll,18,1:20.175
2025,10,2025_10,2,lawson,19,1:19.524
2025,10,2025_10,2,gasly,20,1:19.336
2025,10,2025_10,3,russell,1,1:16.253
2025,10,2025_10,3,max_verstappen,2,1:16.094
2025,10,2025_10,3,antonelli,3,1:16.878
2025,10,2025_10,3,piastri,4,1:16.714
2025,10,2025_10,3,hamilton,5,1:16.867
2025,10,2025_10,3,alonso,6,1:17.113
2025,10,2025_10,3,norris,7,1:17.355
2025,10,2025_10,3,leclerc,8,1:17.953
2025,10,2025_10,3,hulkenberg,9,1:17.854
2025,10,2025_10,3,colapinto,10,1:17.700
2025,10,2025_10,3,hadjar,11,1:17.597
2025,10,2025_10,3,albon,12,1:18.131
2025,10,2025_10,3,bearman,13,1:18.008
2025,10,2025_10,3,ocon,14,1:18.014
2025,10,2025_10,3,bortoleto,15,1:18.174
2025,10,2025_10,3,sainz,16,1:18.399
2025,10,2025_10,3,tsunoda,17,1:18.366
2025,10,2025_10,3,stroll,18,1:18.838
2025,10,2025_10,3,lawson,19,1:18.482
2025,10,2025_10,3,gasly,20,1:18.835
2025,10,2025_10,4,russell,1,1:15.986
2025,10,2025_10,4,max_verstappen,2,1:15.925
2025,10,2025_10,4,antonelli,3,1:16.357
2025,10,2025_10,4,piastri,4,1:16.537
2025,10,2025_10,4,hamilton,5,1:16.982
2025,10,2025_10,4,alonso,6,1:16.677
2025,10,2025_10,4,norris,7,1:17.066
2025,10,2025_10,4,leclerc,8,1:17.884
2025,10,2025_10,4,hulkenberg,9,1:17.895
2025,10,2025_10,4,colapinto,10,1:17.551
2025,10,2025_10,4,hadjar,11,1:17.880
2025,10,2025_10,4,albon,12,1:17.476
2025,10,2025_10,4,bearman,13,1:17.716
2025,10,2025_10,4,ocon,14,1:17.581
2025,10,2025_10,4,bortoleto,15,1:17.507
2025,10,2025_10,4,sainz,16,1:17.511
2025,10,2025_10,4,tsunoda,17,1:17.777
2025,10,2025_10,4,stroll,18,1:18.142
2025,10,2025_10,4,lawson,19,1:18.602
2025,10,2025_10,4,gasly,20,1:18.711
2025,10,2025_10,5,russell,1,1:15.808
2025,10,2025_10,5,max_verstappen,2,1:15.901
2025,10,2025_10,5,antonelli,3,1:16.186
2025,10,2025_10,5,piastri,4,1:16.397
2025,10,2025_10,5,hamilton,5,1:16.507
2025,10,2025_10,5,alonso,6,1:16.669
2025,10,2025_10,5,norris,7,1:16.896
2025,10,2025_10,5,leclerc,8,1:17.574
2025,10,2025_10,5,hulkenberg,9,1:17.345
2025,10,2025_10,5,colapinto,10,1:17.306
2025,10,2025_10,5,hadjar,11,1:17.198
2025,10,2025_10,5,albon,12,1:17.509
2025,10,2025_10,5,bearman,13,1:17.359
2025,10,2025_10,5,ocon,14,1:17.493
2025,10,2025_10,5,bortoleto,15,1:17.589
2025,10,2025_10,5,sainz,16,1:17.317
2025,10,2025_10,5,tsunoda,17,1:17.394
2025,10,2025_10,5,stroll,18,1:17.878
2025,10,2025_10,5,lawson,19,1:17.997
2025,10,2025_10,5,gasly,20,1:18.187
2025,11,2025_11,1,norris,1,1:28.861
2025,11,2025_11,1,piastri,2,1:30.706
2025,11,2025_11,1,leclerc,3,1:34.202
2025,11,2025_11,1,hamilton,4,1:36.740
2025,11,2025_11,1,russell,5,1:37.687
2025,11,2025_11,1,gasly,6,1:40.322
2025,11,2025_11,1,albon,7,1:42.177
2025,11,2025_11,1,bortoleto,8,1:42.691
2025,11,2025_11,1,lawson,9,1:44.886
2025,11,2025_11,1,alonso,10,1:45.927
2025,11,2025_11,1,colapinto,11,1:47.783
2025,11,2025_11,1,bearman,12,1:49.434
2025,11,2025_11,1,stroll,13,1:50.757
2025,11,2025_11,1,ocon,14,1:51.782
2025,11,2025_11,1,tsunoda,15,1:54.268
2025,11,2025_11,1,hadjar,16,1:57.087
2025,11,2025_11,1,hulkenberg,17,1:58.625
2025,11,2025_11,2,norris,1,1:54.426
2025,11,2025_11,2,piastri,2,1:53.508
2025,11,2025_11,2,leclerc,3,1:51.532
2025,11,2025_11,2,hamilton,4,1:50.441
2025,11,2025_11,2,russell,5,1:51.333
2025,11,2025_11,2,gasly,6,1:50.256
2025,11,2025_11,2,albon,7,1:49.602
2025,11,2025_11,2,bortoleto,8,1:49.849
2025,11,2025_11,2,lawson,9,1:48.551
2025,11,2025_11,2,alonso,10,1:48.453
2025,11,2025_11,2,colapinto,11,1:47.447
2025,11,2025_11,2,bearman,12,1:47.141
2025,11,2025_11,2,stroll,13,1:47.622
2025,11,2025_11,2,ocon,14,1:47.393
2025,11,2025_11,2,hadjar,15,1:42.317
2025,11,2025_11,2,tsunoda,16,1:46.849
2025,11,2025_11,2,hulkenberg,17,1:44.918
2025,11,2025_11,3,norris,1,1:53.022
2025,11,2025_11,3,piastri,2,1:52.637
2025,11,2025_11,3,leclerc,3,1:51.593
2025,11,2025_11,3,hamilton,4,1:50.612
2025,11,2025_11,3,russell,5,1:49.154
2025,11,2025_11,3,gasly,6,1:48.045
2025,11,2025_11,3,albon,7,1:47.182
2025,11,2025_11,3,bortoleto,8,1:46.776
2025,11,2025_11,3,lawson,9,1:46.296
2025,11,2025_11,3,alonso,10,1:45.782
2025,11,2025_11,3,colapinto,11,1:45.238
2025,11,2025_11,3,bearman,12,1:44.216
2025,11,2025_11,3,stroll,13,1:42.903
2025,11,2025_11,3,ocon,14,1:42.552
2025,11,2025_11,3,tsunoda,15,1:41.193
2025,11,2025_11,3,hulkenberg,16,1:39.362
2025,11,2025_11,3,hadjar,17,1:43.989
2025,11,2025_11,4,norris,1,1:10.254
2025,11,2025_11,4,piastri,2,1:10.527
2025,11,2025_11,4,leclerc,3,1:10.935
2025,11,2025_11,4,hamilton,4,1:11.400
2025,11,2025_11,4,russell,5,1:11.671
2025,11,2025_11,4,gasly,6,1:11.859
2025,11,2025_11,4,albon,7,1:11.975
2025,11,2025_11,4,bortoleto,8,1:12.120
2025,11,2025_11,4,lawson,9,1:12.350
2025,11,2025_11,4,alonso,10,1:12.463
2025,11,2025_11,4,colapinto,11,1:12.585
2025,11,2025_11,4,bearman,12,1:12.690
2025,11,2025_11,4,stroll,13,1:12.717
2025,11,2025_11,4,ocon,14,1:12.537
2025,11,2025_11,4,tsunoda,15,1:12.544
2025,11,2025_11,4,hulkenberg,16,1:12.316
2025,11,2025_11,4,hadjar,17,1:12.286
2025,11,2025_11,5,norris,1,1:09.858
2025,11,2025_11,5,piastri,2,1:09.937
2025,11,2025_11,5,leclerc,3,1:10.227
2025,11,2025_11,5,hamilton,4,1:10.714
2025,11,2025_11,5,russell,5,1:10.953
2025,11,2025_11,5,gasly,6,1:11.097
2025,11,2025_11,5,albon,7,1:11.163
2025,11,2025_11,5,bortoleto,8,1:11.284
2025,11,2025_11,5,lawson,9,1:11.439
2025,11,2025_11,5,alonso,10,1:11.380
2025,11,2025_11,5,bearman,11,1:11.256
2025,11,2025_11,5,colapinto,12,1:12.185
2025,11,2025_11,5,stroll,13,1:11.788
2025,11,2025_11,5,ocon,14,1:12.012
2025,11,2025_11,5,tsunoda,15,1:11.975
2025,11,2025_11,5,hulkenberg,16,1:12.034
2025,11,2025_11,5,hadjar,17,1:12.011
2025,11,2025_11,6,norris,1,1:09.460
2025,11,2025_11,6,piastri,2,1:09.340
2025,11,2025_11,6,leclerc,3,1:10.210
2025,11,2025_11,6,hamilton,4,1:10.309
2025,11,2025_11,6,russell,5,1:10.594
2025,11,2025_11,6,gasly,6,1:10.776
2025,11,2025_11,6,albon,7,1:10.881
2025,11,2025_11,6,bortoleto,8,1:10.933
2025,11,2025_11,6,lawson,9,1:11.106
2025,11,2025_11,6,alonso,10,1:11.395
2025,11,2025_11,6,bearman,11,1:11.386
2025,11,2025_11,6,colapinto,12,1:11.533
2025,11,2025_11,6,stroll,13,1:11.612
2025,11,2025_11,6,ocon,14,1:11.558
2025,11,2025_11,6,tsunoda,15,1:11.649
2025,12,2025_12,1,max_verstappen,1,1:45.820
2025,12,2025_12,1,piastri,2,1:46.554
2025,12,2025_12,1,norris,3,1:48.196
2025,12,2025_12,1,hamilton,4,1:48.827
2025,12,2025_12,1,gasly,5,1:49.058
2025,12,2025_12,1,alonso,6,1:50.468
2025,12,2025_12,1,sainz,7,1:51.254
2025,12,2025_12,1,antonelli,8,1:51.613
2025,12,2025_12,1,albon,9,1:52.180
2025,12,2025_12,1,tsunoda,10,1:52.897
2025,12,2025_12,1,hulkenberg,11,1:53.433
2025,12,2025_12,1,stroll,12,1:54.213
2025,12,2025_12,1,ocon,13,1:54.646
2025,12,2025_12,1,russell,14,2:10.567
2025,12,2025_12,1,leclerc,15,2:11.978
2025,12,2025_12,1,hadjar,16,2:13.171
2025,12,2025_12,1,bortoleto,17,2:15.202
2025,12,2025_12,1,bearman,18,2:16.342
2025,12,2025_12,2,max_verstappen,1,2:15.598
2025,12,2025_12,2,piastri,2,2:15.131
2025,12,2025_12,2,norris,3,2:16.245
2025,12,2025_12,2,antonelli,4,2:13.229
2025,12,2025_12,2,hamilton,5,2:17.611
2025,12,2025_12,2,gasly,6,2:18.221
2025,12,2025_12,2,alonso,7,2:17.676
2025,12,2025_12,2,sainz,8,2:18.077
2025,12,2025_12,2,albon,9,2:18.765
2025,12,2025_12,2,tsunoda,10,2:18.902
2025,12,2025_12,2,hulkenberg,11,2:19.630
2025,12,2025_12,2,stroll,12,2:19.999
2025,12,2025_12,2,ocon,13,2:20.933
2025,12,2025_12,2,russell,14,2:16.938
2025,12,2025_12,2,leclerc,15,2:17.868
2025,12,2025_12,2,hadjar,16,2:18.715
2025,12,2025_12,2,bortoleto,17,2:17.780
2025,12,2025_12,2,bearman,18,2:17.120
2025,12,2025_12,3,max_verstappen,1,2:17.357
2025,12,2025_12,3,piastri,2,2:17.795
2025,12,2025_12,3,norris,3,2:17.443
2025,12,2025_12,3,hamilton,4,2:16.362
2025,12,2025_12,3,gasly,5,2:17.418
2025,12,2025_12,3,alonso,6,2:17.227
2025,12,2025_12,3,sainz,7,2:17.240
2025,12,2025_12,3,albon,8,2:16.656
2025,12,2025_12,3,tsunoda,9,2:16.524
2025,12,2025_12,3,hulkenberg,10,2:15.863
2025,12,2025_12,3,stroll,11,2:15.927
2025,12,2025_12,3,ocon,12,2:15.573
2025,12,2025_12,3,antonelli,13,2:33.550
2025,12,2025_12,3,russell,14,2:16.427
2025,12,2025_12,3,leclerc,15,2:15.872
2025,12,2025_12,3,hadjar,16,2:15.981
2025,12,2025_12,3,bortoleto,17,2:16.121
2025,12,2025_12,3,bearman,18,2:17.209
2025,12,2025_12,4,max_verstappen,1,1:45.568
2025,12,2025_12,4,piastri,2,1:45.828
2025,12,2025_12,4,norris,3,1:45.751
2025,12,2025_12,4,hamilton,4,1:46.333
2025,12,2025_12,4,gasly,5,1:45.466
2025,12,2025_12,4,alonso,6,1:45.678
2025,12,2025_12,4,sainz,7,1:46.016
2025,12,2025_12,4,albon,8,1:45.774
2025,12,2025_12,4,tsunoda,9,1:46.058
2025,12,2025_12,4,hulkenberg,10,1:46.563
2025,12,2025_12,4,stroll,11,1:46.197
2025,12,2025_12,4,ocon,12,1:46.266
2025,12,2025_12,4,antonelli,13,1:55.035
2025,12,2025_12,4,russell,14,1:51.418
2025,12,2025_12,4,leclerc,15,1:52.993
2025,12,2025_12,4,hadjar,16,1:53.542
2025,12,2025_12,4,bearman,17,1:51.955
2025,12,2025_12,5,max_verstappen,1,1:44.809
2025,12,2025_12,5,piastri,2,1:44.455
2025,12,2025_12,5,norris,3,1:45.033
2025,12,2025_12,5,hamilton,4,1:47.677
2025,12,2025_12,5,gasly,5,1:48.978
2025,12,2025_12,5,alonso,6,1:49.536
2025,12,2025_12,5,sainz,7,1:50.644
2025,12,2025_12,5,albon,8,1:50.861
2025,12,2025_12,5,tsunoda,9,1:51.106
2025,12,2025_12,5,hulkenberg,10,1:51.575
2025,12,2025_12,5,stroll,11,1:51.895
2025,12,2025_12,5,ocon,12,1:52.165
2025,12,2025_12,5,russell,13,1:55.425
2025,12,2025_12,5,antonelli,14,2:01.805
2025,12,2025_12,5,leclerc,15,1:58.458
2025,12,2025_12,5,hadjar,16,1:59.848
2025,12,2025_12,5,bearman,17,2:00.293
2025,12,2025_12,6,max_verstappen,1,2:19.789
2025,12,2025_12,6,piastri,2,2:19.626
2025,12,2025_12,6,norris,3,2:19.233
2025,12,2025_12,6,hamilton,4,2:16.745
2025,12,2025_12,6,gasly,5,2:16.266
2025,12,2025_12,6,alonso,6,2:16.643
2025,12,2025_12,6,sainz,7,2:15.577
2025,12,2025_12,6,stroll,8,2:11.987
2025,12,2025_12,6,albon,9,2:16.208
2025,12,2025_12,6,tsunoda,10,2:15.867
2025,12,2025_12,6,hulkenberg,11,2:16.140
2025,12,2025_12,6,ocon,12,2:15.737
2025,13,2025_13,1,norris,1,3:04.619
2025,13,2025_13,1,piastri,2,3:05.558
2025,13,2025_13,1,leclerc,3,3:08.456
2025,13,2025_13,1,max_verstappen,4,3:10.061
2025,13,2025_13,1,albon,5,3:11.296
2025,13,2025_13,1,russell,6,3:13.707
2025,13,2025_13,1,tsunoda,7,3:15.676
2025,13,2025_13,1,hadjar,8,3:16.869
2025,13,2025_13,1,lawson,9,3:18.369
2025,13,2025_13,1,bortoleto,10,3:19.512
2025,13,2025_13,1,ocon,11,3:21.517
2025,13,2025_13,1,bearman,12,3:21.972
2025,13,2025_13,1,gasly,13,3:24.447
2025,13,2025_13,1,hulkenberg,14,3:26.488
2025,13,2025_13,1,colapinto,15,3:27.440
2025,13,2025_13,1,stroll,16,3:29.116
2025,13,2025_13,1,sainz,17,3:31.318
2025,13,2025_13,1,hamilton,18,3:33.712
2025,13,2025_13,1,antonelli,19,3:36.399
2025,13,2025_13,1,alonso,20,3:38.679
2025,13,2025_13,2,norris,1,2:53.581
2025,13,2025_13,2,piastri,2,2:54.449
2025,13,2025_13,2,leclerc,3,2:53.653
2025,13,2025_13,2,max_verstappen,4,2:53.359
2025,13,2025_13,2,albon,5,2:53.532
2025,13,2025_13,2,russell,6,2:52.584
2025,13,2025_13,2,tsunoda,7,2:53.033
2025,13,2025_13,2,hadjar,8,2:53.453
2025,13,2025_13,2,lawson,9,2:52.952
2025,13,2025_13,2,bortoleto,10,2:52.493
2025,13,2025_13,2,ocon,11,2:51.741
2025,13,2025_13,2,bearman,12,2:52.548
2025,13,2025_13,2,gasly,13,2:51.639
2025,13,2025_13,2,hulkenberg,14,2:50.729
2025,13,2025_13,2,colapinto,15,2:52.304
2025,13,2025_13,2,stroll,16,2:53.025
2025,13,2025_13,2,sainz,17,2:52.706
2025,13,2025_13,2,hamilton,18,2:51.594
2025,13,2025_13,2,antonelli,19,2:50.291
2025,13,2025_13,2,alonso,20,2:50.821
2025,13,2025_13,3,norris,1,2:52.478
2025,13,2025_13,3,piastri,2,2:51.528
2025,13,2025_13,3,leclerc,3,2:51.221
2025,13,2025_13,3,max_verstappen,4,2:51.567
2025,13,2025_13,3,albon,5,2:50.676
2025,13,2025_13,3,russell,6,2:51.828
2025,13,2025_13,3,tsunoda,7,2:51.205
2025,13,2025_13,3,hadjar,8,2:51.478
2025,13,2025_13,3,lawson,9,2:51.822
2025,13,2025_13,3,bortoleto,10,2:52.700
2025,13,2025_13,3,ocon,11,2:53.139
2025,13,2025_13,3,bearman,12,2:52.746
2025,13,2025_13,3,gasly,13,2:53.252
2025,13,2025_13,3,hulkenberg,14,2:54.100
2025,13,2025_13,3,colapinto,15,2:52.824
2025,13,2025_13,3,stroll,16,2:52.250
2025,13,2025_13,3,sainz,17,2:52.573
2025,13,2025_13,3,hamilton,18,2:52.450
2025,13,2025_13,3,antonelli,19,2:52.325
2025,13,2025_13,3,alonso,20,2:51.585
2025,13,2025_13,4,norris,1,3:02.567
2025,13,2025_13,4,piastri,2,3:02.060
2025,13,2025_13,4,leclerc,3,3:00.884
2025,13,2025_13,4,max_verstappen,4,2:59.537
2025,13,2025_13,4,albon,5,2:59.535
2025,13,2025_13,4,russell,6,2:57.493
2025,13,2025_13,4,tsunoda,7,2:56.298
2025,13,2025_13,4,hadjar,8,2:54.982
2025,13,2025_13,4,lawson,9,2:54.070
2025,13,2025_13,4,bortoleto,10,2:53.539
2025,13,2025_13,4,ocon,11,2:52.403
2025,13,2025_13,4,bearman,12,2:51.923
2025,13,2025_13,4,gasly,13,2:50.625
2025,13,2025_13,4,hulkenberg,14,2:49.263
2025,13,2025_13,4,colapinto,15,2:48.511
2025,13,2025_13,4,stroll,16,2:47.693
2025,13,2025_13,4,sainz,17,2:45.975
2025,13,2025_13,4,hamilton,18,2:45.258
2025,13,2025_13,4,antonelli,19,2:44.706
2025,13,2025_13,4,alonso,20,2:43.707
2025,13,2025_13,5,piastri,1,1:59.092
2025,13,2025_13,5,norris,2,2:00.568
2025,13,2025_13,5,leclerc,3,2:00.463
2025,13,2025_13,5,max_verstappen,4,2:00.696
2025,13,2025_13,5,albon,5,2:01.343
2025,13,2025_13,5,russell,6,2:01.470
2025,13,2025_13,5,tsunoda,7,2:02.398
2025,13,2025_13,5,hadjar,8,2:02.531
2025,13,2025_13,5,lawson,9,2:02.728
2025,13,2025_13,5,bortoleto,10,2:03.632
2025,13,2025_13,5,ocon,11,2:04.024
2025,13,2025_13,5,bearman,12,2:04.052
2025,13,2025_13,5,gasly,13,2:03.809
2025,13,2025_13,5,hulkenberg,14,2:03.799
2025,13,2025_13,5,colapinto,15,2:04.273
2025,13,2025_13,5,sainz,16,2:03.311
2025,13,2025_13,5,stroll,17,2:04.228
2025,13,2025_13,5,hamilton,18,2:03.577
2025,13,2025_13,5,antonelli,19,2:03.291
2025,13,2025_13,5,alonso,20,2:02.826
2025,14,2025_14,1,leclerc,1,1:27.394
2025,14,2025_14,1,piastri,2,1:28.020
2025,14,2025_14,1,russell,3,1:28.502
2025,14,2025_14,1,alonso,4,1:29.539
2025,14,2025_14,1,norris,5,1:30.120
2025,14,2025_14,1,bortoleto,6,1:30.735
2025,14,2025_14,1,stroll,7,1:31.307
2025,14,2025_14,1,lawson,8,1:31.895
2025,14,2025_14,1,max_verstappen,9,1:32.368
2025,14,2025_14,1,bearman,10,1:32.930
2025,14,2025_14,1,hadjar,11,1:33.477
2025,14,2025_14,1,sainz,12,1:33.954
2025,14,2025_14,1,antonelli,13,1:34.415
2025,14,2025_14,1,hamilton,14,1:34.988
2025,14,2025_14,1,ocon,15,1:35.396
2025,14,2025_14,1,albon,16,1:36.000
2025,14,2025_14,1,hulkenberg,17,1:36.304
2025,14,2025_14,1,colapinto,18,1:36.986
2025,14,2025_14,1,gasly,19,1:37.210
2025,14,2025_14,1,tsunoda,20,1:37.737
2025,14,2025_14,2,leclerc,1,1:22.829
2025,14,2025_14,2,piastri,2,1:23.242
2025,14,2025_14,2,russell,3,1:23.822
2025,14,2025_14,2,alonso,4,1:24.413
2025,14,2025_14,2,norris,5,1:23.964
2025,14,2025_14,2,bortoleto,6,1:23.981
2025,14,2025_14,2,stroll,7,1:24.098
2025,14,2025_14,2,max_verstappen,8,1:23.871
2025,14,2025_14,2,lawson,9,1:25.171
2025,14,2025_14,2,bearman,10,1:24.727
2025,14,2025_14,2,hadjar,11,1:24.973
2025,14,2025_14,2,sainz,12,1:24.969
2025,14,2025_14,2,antonelli,13,1:25.051
2025,14,2025_14,2,hamilton,14,1:24.895
2025,14,2025_14,2,ocon,15,1:25.082
2025,14,2025_14,2,albon,16,1:24.862
2025,14,2025_14,2,hulkenberg,17,1:24.953
2025,14,2025_14,2,colapinto,18,1:24.888
2025,14,2025_14,2,gasly,19,1:25.330
2025,14,2025_14,2,tsunoda,20,1:25.564
2025,14,2025_14,3,leclerc,1,1:22.495
2025,14,2025_14,3,piastri,2,1:23.102
2025,14,2025_14,3,russell,3,1:23.388
2025,14,2025_14,3,norris,4,1:23.223
2025,14,2025_14,3,alonso,5,1:24.720
2025,14,2025_14,3,bortoleto,6,1:24.574
2025,14,2025_14,3,max_verstappen,7,1:23.810
2025,14,2025_14,3,stroll,8,1:25.322
2025,14,2025_14,3,lawson,9,1:24.281
2025,14,2025_14,3,bearman,10,1:24.239
2025,14,2025_14,3,hadjar,11,1:24.016
2025,14,2025_14,3,sainz,12,1:24.173
2025,14,2025_14,3,antonelli,13,1:24.172
2025,14,2025_14,3,hamilton,14,1:24.337
2025,14,2025_14,3,ocon,15,1:24.209
2025,14,2025_14,3,albon,16,1:24.259
2025,14,2025_14,3,hulkenberg,17,1:24.122
2025,14,2025_14,3,colapinto,18,1:24.251
2025,14,2025_14,3,gasly,19,1:24.280
2025,14,2025_14,3,tsunoda,20,1:24.023
2025,14,2025_14,4,leclerc,1,1:22.278
2025,14,2025_14,4,piastri,2,1:22.757
2025,14,2025_14,4,russell,3,1:22.960
2025,14,2025_14,4,norris,4,1:22.877
2025,14,2025_14,4,alonso,5,1:23.815
2025,14,2025_14,4,bortoleto,6,1:23.735
2025,14,2025_14,4,max_verstappen,7,1:23.853
2025,14,2025_14,4,stroll,8,1:23.808
2025,14,2025_14,4,lawson,9,1:23.974
2025,14,2025_14,4,bearman,10,1:24.080
2025,14,2025_14,4,hadjar,11,1:24.240
2025,14,2025_14,4,sainz,12,1:24.147
2025,14,2025_14,4,antonelli,13,1:24.202
2025,14,2025_14,4,hamilton,14,1:24.182
2025,14,2025_14,4,ocon,15,1:24.300
2025,14,2025_14,4,albon,16,1:24.263
2025,14,2025_14,4,hulkenberg,17,1:24.397
2025,14,2025_14,4,colapinto,18,1:24.507
2025,14,2025_14,4,gasly,19,1:23.932
2025,14,2025_14,4,tsunoda,20,1:24.229
2025,14,2025_14,5,leclerc,1,1:22.318
2025,14,2025_14,5,piastri,2,1:22.652
2025,14,2025_14,5,russell,3,1:22.667
2025,14,2025_14,5,norris,4,1:22.639
2025,14,2025_14,5,alonso,5,1:23.425
2025,14,2025_14,5,bortoleto,6,1:23.798
2025,14,2025_14,5,max_verstappen,7,1:23.813
2025,14,2025_14,5,stroll,8,1:23.892
2025,14,2025_14,5,lawson,9,1:23.752
2025,14,2025_14,5,bearman,10,1:23.937
2025,14,2025_14,5,hadjar,11,1:23.972
2025,14,2025_14,5,sainz,12,1:23.957
2025,14,2025_14,5,antonelli,13,1:23.928
2025,14,2025_14,5,hamilton,14,1:24.013
2025,14,2025_14,5,ocon,15,1:24.036
2025,14,2025_14,5,albon,16,1:24.256
2025,14,2025_14,5,gasly,17,1:23.836
2025,14,2025_14,5,colapinto,18,1:24.702
2025,14,2025_14,5,tsunoda,19,1:24.320
2025,14,2025_14,5,hulkenberg,20,1:26.448
2025,15,2025_15,1,piastri,1,1:18.622
2025,15,2025_15,1,max_verstappen,2,1:19.680
2025,15,2025_15,1,norris,3,1:20.728
2025,15,2025_15,1,hadjar,4,1:21.492
2025,15,2025_15,1,leclerc,5,1:21.699
2025,15,2025_15,1,russell,6,1:22.385
2025,15,2025_15,1,hamilton,7,1:23.037
2025,15,2025_15,1,lawson,8,1:23.530
2025,15,2025_15,1,sainz,9,1:24.115
2025,15,2025_15,1,albon,10,1:24.528
2025,15,2025_15,1,tsunoda,11,1:24.873
2025,15,2025_15,1,antonelli,12,1:25.462
2025,15,2025_15,1,alonso,13,1:25.933
2025,15,2025_15,1,gasly,14,1:26.382
2025,15,2025_15,1,colapinto,15,1:26.770
2025,15,2025_15,1,ocon,16,1:27.199
2025,15,2025_15,1,hulkenberg,17,1:27.451
2025,15,2025_15,1,bortoleto,18,1:27.716
2025,15,2025_15,1,stroll,19,1:28.275
2025,15,2025_15,1,bearman,20,1:31.422
2025,15,2025_15,2,piastri,1,1:15.745
2025,15,2025_15,2,max_verstappen,2,1:16.304
2025,15,2025_15,2,norris,3,1:16.686
2025,15,2025_15,2,hadjar,4,1:16.550
2025,15,2025_15,2,leclerc,5,1:17.076
2025,15,2025_15,2,russell,6,1:16.688
2025,15,2025_15,2,hamilton,7,1:16.716
2025,15,2025_15,2,lawson,8,1:16.919
2025,15,2025_15,2,sainz,9,1:16.974
2025,15,2025_15,2,albon,10,1:17.145
2025,15,2025_15,2,tsunoda,11,1:17.298
2025,15,2025_15,2,antonelli,12,1:17.453
2025,15,2025_15,2,alonso,13,1:17.305
2025,15,2025_15,2,gasly,14,1:17.590
2025,15,2025_15,2,colapinto,15,1:17.627
2025,15,2025_15,2,ocon,16,1:17.655
2025,15,2025_15,2,hulkenberg,17,1:17.546
2025,15,2025_15,2,bortoleto,18,1:17.934
2025,15,2025_15,2,stroll,19,1:17.820
2025,15,2025_15,2,bearman,20,1:16.926
2025,15,2025_15,3,piastri,1,1:15.734
2025,15,2025_15,3,max_verstappen,2,1:16.039
2025,15,2025_15,3,norris,3,1:15.994
2025,15,2025_15,3,hadjar,4,1:16.629
2025,15,2025_15,3,leclerc,5,1:16.295
2025,15,2025_15,3,russell,6,1:16.576
2025,15,2025_15,3,hamilton,7,1:16.449
2025,15,2025_15,3,lawson,8,1:16.709
2025,15,2025_15,3,sainz,9,1:16.751
2025,15,2025_15,3,albon,10,1:16.823
2025,15,2025_15,3,tsunoda,11,1:16.837
2025,15,2025_15,3,antonelli,12,1:16.637
2025,15,2025_15,3,alonso,13,1:16.875
2025,15,2025_15,3,gasly,14,1:16.704
2025,15,2025_15,3,colapinto,15,1:16.743
2025,15,2025_15,3,hulkenberg,16,1:16.660
2025,15,2025_15,3,ocon,17,1:17.406
2025,15,2025_15,3,stroll,18,1:17.336
2025,15,2025_15,3,bortoleto,19,1:18.142
2025,15,2025_15,3,bearman,20,1:17.112
2025,15,2025_15,4,piastri,1,1:15.460
2025,15,2025_15,4,max_verstappen,2,1:15.816
2025,15,2025_15,4,norris,3,1:16.040
2025,15,2025_15,4,hadjar,4,1:16.077
2025,15,2025_15,4,leclerc,5,1:16.342
2025,15,2025_15,4,russell,6,1:16.471
2025,15,2025_15,4,hamilton,7,1:16.570
2025,15,2025_15,4,lawson,8,1:16.372
2025,15,2025_15,4,sainz,9,1:16.813
2025,15,2025_15,4,albon,10,1:16.890
2025,15,2025_15,4,tsunoda,11,1:17.028
2025,15,2025_15,4,antonelli,12,1:17.032
2025,15,2025_15,4,alonso,13,1:17.125
2025,15,2025_15,4,gasly,14,1:17.528
2025,15,2025_15,4,colapinto,15,1:17.121
2025,15,2025_15,4,hulkenberg,16,1:17.250
2025,15,2025_15,4,ocon,17,1:17.192
2025,15,2025_15,4,stroll,18,1:16.491
2025,15,2025_15,4,bortoleto,19,1:17.139
2025,15,2025_15,4,bearman,20,1:17.026
2025,15,2025_15,5,piastri,1,1:15.374
2025,15,2025_15,5,max_verstappen,2,1:15.946
2025,15,2025_15,5,norris,3,1:15.845
2025,15,2025_15,5,hadjar,4,1:16.000
2025,15,2025_15,5,leclerc,5,1:16.038
2025,15,2025_15,5,russell,6,1:16.094
2025,15,2025_15,5,hamilton,7,1:16.432
2025,15,2025_15,5,lawson,8,1:16.408
2025,15,2025_15,5,sainz,9,1:16.804
2025,15,2025_15,5,albon,10,1:17.083
2025,15,2025_15,5,tsunoda,11,1:16.918
2025,15,2025_15,5,antonelli,12,1:17.060
2025,15,2025_15,5,alonso,13,1:17.019
2025,15,2025_15,5,colapinto,14,1:16.606
2025,15,2025_15,5,gasly,15,1:17.542
2025,15,2025_15,5,hulkenberg,16,1:17.351
2025,15,2025_15,5,ocon,17,1:17.541
2025,15,2025_15,5,stroll,18,1:17.400
2025,15,2025_15,5,bortoleto,19,1:17.395
2025,15,2025_15,5,bearman,20,1:16.941
2025,16,2025_16,1,max_verstappen,1,1:27.159
2025,16,2025_16,1,norris,2,1:27.430
2025,16,2025_16,1,piastri,3,1:27.992
2025,16,2025_16,1,leclerc,4,1:28.280
2025,16,2025_16,1,russell,5,1:28.907
2025,16,2025_16,1,alonso,6,1:29.645
2025,16,2025_16,1,bortoleto,7,1:30.149
2025,16,2025_16,1,hamilton,8,1:30.490
2025,16,2025_16,1,tsunoda,9,1:31.278
2025,16,2025_16,1,antonelli,10,1:31.686
2025,16,2025_16,1,bearman,11,1:31.914
2025,16,2025_16,1,sainz,12,1:32.424
2025,16,2025_16,1,albon,13,1:32.851
2025,16,2025_16,1,ocon,14,1:33.184
2025,16,2025_16,1,lawson,15,1:33.554
2025,16,2025_16,1,stroll,16,1:33.936
2025,16,2025_16,1,colapinto,17,1:34.322
2025,16,2025_16,1,hadjar,18,1:34.878
2025,16,2025_16,1,gasly,19,1:35.676
2025,16,2025_16,2,norris,1,1:23.889
2025,16,2025_16,2,max_verstappen,2,1:24.859
2025,16,2025_16,2,leclerc,3,1:25.178
2025,16,2025_16,2,piastri,4,1:25.759
2025,16,2025_16,2,russell,5,1:25.309
2025,16,2025_16,2,bortoleto,6,1:24.823
2025,16,2025_16,2,alonso,7,1:25.926
2025,16,2025_16,2,hamilton,8,1:25.502
2025,16,2025_16,2,tsunoda,9,1:25.349
2025,16,2025_16,2,antonelli,10,1:25.453
2025,16,2025_16,2,bearman,11,1:25.671
2025,16,2025_16,2,sainz,12,1:25.628
2025,16,2025_16,2,albon,13,1:25.762
2025,16,2025_16,2,ocon,14,1:25.897
2025,16,2025_16,2,lawson,15,1:26.251
2025,16,2025_16,2,stroll,16,1:26.506
2025,16,2025_16,2,colapinto,17,1:26.775
2025,16,2025_16,2,hadjar,18,1:26.732
2025,16,2025_16,2,gasly,19,1:26.563
2025,16,2025_16,3,norris,1,1:23.674
2025,16,2025_16,3,max_verstappen,2,1:23.512
2025,16,2025_16,3,leclerc,3,1:24.965
2025,16,2025_16,3,piastri,4,1:25.117
2025,16,2025_16,3,russell,5,1:25.346
2025,16,2025_16,3,bortoleto,6,1:25.354
2025,16,2025_16,3,alonso,7,1:25.403
2025,16,2025_16,3,hamilton,8,1:25.486
2025,16,2025_16,3,tsunoda,9,1:25.526
2025,16,2025_16,3,antonelli,10,1:25.461
2025,16,2025_16,3,bearman,11,1:25.420
2025,16,2025_16,3,sainz,12,1:25.414
2025,16,2025_16,3,albon,13,1:25.238
2025,16,2025_16,3,ocon,14,1:25.155
2025,16,2025_16,3,lawson,15,1:24.942
2025,16,2025_16,3,stroll,16,1:25.064
2025,16,2025_16,3,colapinto,17,1:25.346
2025,16,2025_16,3,hadjar,18,1:25.467
2025,16,2025_16,3,gasly,19,1:25.506
2025,16,2025_16,4,max_verstappen,1,1:23.262
2025,16,2025_16,4,norris,2,1:24.819
2025,16,2025_16,4,leclerc,3,1:24.525
2025,16,2025_16,4,piastri,4,1:24.567
2025,16,2025_16,4,russell,5,1:24.513
2025,16,2025_16,4,bortoleto,6,1:24.744
2025,16,2025_16,4,alonso,7,1:24.861
2025,16,2025_16,4,hamilton,8,1:24.744
2025,16,2025_16,4,tsunoda,9,1:24.871
2025,16,2025_16,4,antonelli,10,1:24.841
2025,16,2025_16,4,bearman,11,1:24.885
2025,16,2025_16,4,sainz,12,1:25.204
2025,16,2025_16,4,albon,13,1:25.427
2025,16,2025_16,4,ocon,14,1:25.435
2025,16,2025_16,4,lawson,15,1:25.404
2025,16,2025_16,4,stroll,16,1:25.209
2025,16,2025_16,4,colapinto,17,1:25.040
2025,16,2025_16,4,hadjar,18,1:25.218
2025,16,2025_16,4,gasly,19,1:25.320
2025,16,2025_16,5,max_verstappen,1,1:23.588
2025,16,2025_16,5,norris,2,1:24.238
2025,16,2025_16,5,leclerc,3,1:24.441
2025,16,2025_16,5,piastri,4,1:24.358
2025,16,2025_16,5,russell,5,1:24.344
2025,16,2025_16,5,bortoleto,6,1:24.329
2025,16,2025_16,5,hamilton,7,1:23.942
2025,16,2025_16,5,alonso,8,1:25.129
2025,16,2025_16,5,tsunoda,9,1:24.594
2025,16,2025_16,5,antonelli,10,1:24.650
2025,16,2025_16,5,bearman,11,1:24.829
2025,16,2025_16,5,sainz,12,1:24.727
2025,16,2025_16,5,albon,13,1:24.598
2025,16,2025_16,5,ocon,14,1:24.685
2025,16,2025_16,5,lawson,15,1:24.828
2025,16,2025_16,5,stroll,16,1:24.915
2025,16,2025_16,5,colapinto,17,1:24.945
2025,16,2025_16,5,hadjar,18,1:24.887
2025,16,2025_16,5,gasly,19,1:25.991
2025,16,2025_16,6,max_verstappen,1,1:23.576
2025,16,2025_16,6,norris,2,1:23.887
2025,16,2025_16,6,piastri,3,1:23.679
2025,16,2025_16,6,leclerc,4,1:24.858
2025,16,2025_16,6,russell,5,1:24.457
2025,17,2025_17,1,max_verstappen,1,2:08.681
2025,17,2025_17,1,sainz,2,2:09.277
2025,17,2025_17,1,lawson,3,2:11.049
2025,17,2025_17,1,antonelli,4,2:12.418
2025,17,2025_17,1,russell,5,2:14.241
2025,17,2025_17,1,tsunoda,6,2:17.485
2025,17,2025_17,1,hadjar,7,2:19.951
2025,17,2025_17,1,norris,8,2:20.756
2025,17,2025_17,1,leclerc,9,2:23.109
2025,17,2025_17,1,hamilton,10,2:24.510
2025,17,2025_17,1,alonso,11,2:25.739
2025,17,2025_17,1,bortoleto,12,2:26.219
2025,17,2025_17,1,stroll,13,2:27.285
2025,17,2025_17,1,colapinto,14,2:28.905
2025,17,2025_17,1,bearman,15,2:29.915
2025,17,2025_17,1,gasly,16,2:31.813
2025,17,2025_17,1,hulkenberg,17,2:32.918
2025,17,2025_17,1,ocon,18,2:32.985
2025,17,2025_17,1,albon,19,2:36.417
2025,17,2025_17,2,max_verstappen,1,2:44.189
2025,17,2025_17,2,sainz,2,2:44.422
2025,17,2025_17,2,lawson,3,2:44.099
2025,17,2025_17,2,antonelli,4,2:44.024
2025,17,2025_17,2,russell,5,2:43.287
2025,17,2025_17,2,tsunoda,6,2:42.411
2025,17,2025_17,2,hadjar,7,2:40.973
2025,17,2025_17,2,norris,8,2:41.472
2025,17,2025_17,2,leclerc,9,2:41.332
2025,17,2025_17,2,hamilton,10,2:42.299
2025,17,2025_17,2,alonso,11,2:43.020
2025,17,2025_17,2,bortoleto,12,2:43.839
2025,17,2025_17,2,stroll,13,2:43.616
2025,17,2025_17,2,colapinto,14,2:44.031
2025,17,2025_17,2,bearman,15,2:44.350
2025,17,2025_17,2,gasly,16,2:43.981
2025,17,2025_17,2,hulkenberg,17,2:43.960
2025,17,2025_17,2,albon,18,2:41.807
2025,17,2025_17,2,ocon,19,2:46.878
2025,17,2025_17,3,max_verstappen,1,2:39.149
2025,17,2025_17,3,sainz,2,2:38.985
2025,17,2025_17,3,lawson,3,2:39.450
2025,17,2025_17,3,antonelli,4,2:38.646
2025,17,2025_17,3,russell,5,2:38.888
2025,17,2025_17,3,tsunoda,6,2:38.503
2025,17,2025_17,3,hadjar,7,2:39.174
2025,17,2025_17,3,norris,8,2:39.307
2025,17,2025_17,3,leclerc,9,2:38.427
2025,17,2025_17,3,hamilton,10,2:37.441
2025,17,2025_17,3,alonso,11,2:37.014
2025,17,2025_17,3,bortoleto,12,2:36.831
2025,17,2025_17,3,stroll,13,2:37.128
2025,17,2025_17,3,colapinto,14,2:36.693
2025,17,2025_17,3,bearman,15,2:36.514
2025,17,2025_17,3,gasly,16,2:36.882
2025,17,2025_17,3,hulkenberg,17,2:36.414
2025,17,2025_17,3,albon,18,2:36.213
2025,17,2025_17,3,ocon,19,2:36.052
2025,17,2025_17,4,max_verstappen,1,3:12.249
2025,17,2025_17,4,sainz,2,3:12.070
2025,17,2025_17,4,lawson,3,3:10.347
2025,17,2025_17,4,antonelli,4,3:10.223
2025,17,2025_17,4,russell,5,3:08.927
2025,17,2025_17,4,tsunoda,6,3:07.024
2025,17,2025_17,4,hadjar,7,3:05.389
2025,17,2025_17,4,norris,8,3:05.097
2025,17,2025_17,4,leclerc,9,3:03.790
2025,17,2025_17,4,hamilton,10,3:02.532
2025,17,2025_17,4,alonso,11,3:01.255
2025,17,2025_17,4,bortoleto,12,3:00.325
2025,17,2025_17,4,stroll,13,2:59.912
2025,17,2025_17,4,colapinto,14,2:58.366
2025,17,2025_17,4,bearman,15,2:57.318
2025,17,2025_17,4,gasly,16,2:55.544
2025,17,2025_17,4,hulkenberg,17,2:55.388
2025,17,2025_17,4,albon,18,2:54.359
2025,17,2025_17,4,ocon,19,2:53.322
2025,17,2025_17,5,max_verstappen,1,1:47.655
2025,17,2025_17,5,sainz,2,1:48.586
2025,17,2025_17,5,lawson,3,1:48.996
2025,17,2025_17,5,antonelli,4,1:49.666
2025,17,2025_17,5,tsunoda,5,1:50.343
2025,17,2025_17,5,russell,6,1:51.002
2025,17,2025_17,5,leclerc,7,1:51.174
2025,17,2025_17,5,norris,8,1:51.571
2025,17,2025_17,5,hadjar,9,1:52.760
2025,17,2025_17,5,hamilton,10,1:51.670
2025,17,2025_17,5,alonso,11,1:52.395
2025,17,2025_17,5,bortoleto,12,1:52.842
2025,17,2025_17,5,colapinto,13,1:52.759
2025,17,2025_17,5,stroll,14,1:53.262
2025,17,2025_17,5,hulkenberg,15,1:53.352
2025,17,2025_17,5,gasly,16,1:54.315
2025,17,2025_17,5,bearman,17,1:54.909
2025,17,2025_17,5,albon,18,1:54.475
2025,17,2025_17,5,ocon,19,1:54.816
2025,17,2025_17,6,max_verstappen,1,1:47.127
2025,17,2025_17,6,sainz,2,1:47.267
2025,17,2025_17,6,lawson,3,1:47.085
2025,17,2025_17,6,antonelli,4,1:47.038
2025,17,2025_17,6,tsunoda,5,1:47.544
2025,18,2025_18,1,russell,1,1:43.905
2025,18,2025_18,1,max_verstappen,2,1:44.887
2025,18,2025_18,1,norris,3,1:45.566
2025,18,2025_18,1,piastri,4,1:46.982
2025,18,2025_18,1,leclerc,5,1:47.564
2025,18,2025_18,1,antonelli,6,1:47.862
2025,18,2025_18,1,hamilton,7,1:48.603
2025,18,2025_18,1,hadjar,8,1:49.417
2025,18,2025_18,1,alonso,9,1:50.169
2025,18,2025_18,1,bearman,10,1:50.644
2025,18,2025_18,1,hulkenberg,11,1:51.473
2025,18,2025_18,1,lawson,12,1:51.941
2025,18,2025_18,1,colapinto,13,1:52.427
2025,18,2025_18,1,stroll,14,1:53.822
2025,18,2025_18,1,bortoleto,15,1:54.057
2025,18,2025_18,1,tsunoda,16,1:55.167
2025,18,2025_18,1,ocon,17,1:55.463
2025,18,2025_18,1,sainz,18,1:56.072
2025,18,2025_18,1,gasly,19,1:56.341
2025,18,2025_18,1,albon,20,1:56.760
2025,18,2025_18,2,russell,1,1:39.149
2025,18,2025_18,2,max_verstappen,2,1:39.698
2025,18,2025_18,2,norris,3,1:39.639
2025,18,2025_18,2,piastri,4,1:40.284
2025,18,2025_18,2,leclerc,5,1:41.077
2025,18,2025_18,2,antonelli,6,1:41.392
2025,18,2025_18,2,hamilton,7,1:41.350
2025,18,2025_18,2,hadjar,8,1:41.529
2025,18,2025_18,2,alonso,9,1:41.359
2025,18,2025_18,2,bearman,10,1:41.501
2025,18,2025_18,2,hulkenberg,11,1:41.360
2025,18,2025_18,2,lawson,12,1:41.671
2025,18,2025_18,2,colapinto,13,1:41.923
2025,18,2025_18,2,stroll,14,1:41.142
2025,18,2025_18,2,bortoleto,15,1:41.226
2025,18,2025_18,2,ocon,16,1:41.132
2025,18,2025_18,2,tsunoda,17,1:42.210
2025,18,2025_18,2,sainz,18,1:42.183
2025,18,2025_18,2,gasly,19,1:42.454
2025,18,2025_18,2,albon,20,1:42.374
2025,18,2025_18,3,russell,1,1:38.035
2025,18,2025_18,3,max_verstappen,2,1:38.481
2025,18,2025_18,3,norris,3,1:38.753
2025,18,2025_18,3,piastri,4,1:38.968
2025,18,2025_18,3,leclerc,5,1:39.042
2025,18,2025_18,3,antonelli,6,1:39.261
2025,18,2025_18,3,hamilton,7,1:39.319
2025,18,2025_18,3,alonso,8,1:38.983
2025,18,2025_18,3,hadjar,9,1:40.257
2025,18,2025_18,3,bearman,10,1:40.033
2025,18,2025_18,3,hulkenberg,11,1:39.741
2025,18,2025_18,3,lawson,12,1:39.832
2025,18,2025_18,3,colapinto,13,1:39.789
2025,18,2025_18,3,stroll,14,1:39.963
2025,18,2025_18,3,bortoleto,15,1:40.081
2025,18,2025_18,3,ocon,16,1:40.342
2025,18,2025_18,3,tsunoda,17,1:40.188
2025,18,2025_18,3,sainz,18,1:39.996
2025,18,2025_18,3,gasly,19,1:40.018
2025,18,2025_18,3,albon,20,1:40.171
2025,18,2025_18,4,russell,1,1:37.570
2025,18,2025_18,4,max_verstappen,2,1:38.077
2025,18,2025_18,4,norris,3,1:38.211
2025,18,2025_18,4,piastri,4,1:38.418
2025,18,2025_18,4,leclerc,5,1:38.265
2025,18,2025_18,4,antonelli,6,1:38.206
2025,18,2025_18,4,hamilton,7,1:38.690
2025,18,2025_18,4,alonso,8,1:39.281
2025,18,2025_18,4,hadjar,9,1:39.326
2025,18,2025_18,4,bearman,10,1:38.962
2025,18,2025_18,4,hulkenberg,11,1:39.542
2025,18,2025_18,4,lawson,12,1:39.536
2025,18,2025_18,4,colapinto,13,1:39.604
2025,18,2025_18,4,stroll,14,1:39.589
2025,18,2025_18,4,bortoleto,15,1:39.677
2025,18,2025_18,4,ocon,16,1:39.425
2025,18,2025_18,4,tsunoda,17,1:39.595
2025,18,2025_18,4,sainz,18,1:39.625
2025,18,2025_18,4,gasly,19,1:39.753
2025,18,2025_18,4,albon,20,1:40.091
2025,18,2025_18,5,russell,1,1:37.184
2025,18,2025_18,5,max_verstappen,2,1:37.504
2025,18,2025_18,5,norris,3,1:38.066
2025,18,2025_18,5,piastri,4,1:37.949
2025,18,2025_18,5,leclerc,5,1:38.061
2025,18,2025_18,5,antonelli,6,1:38.044
2025,18,2025_18,5,hamilton,7,1:37.785
2025,18,2025_18,5,alonso,8,1:38.617
2025,18,2025_18,5,hadjar,9,1:38.739
2025,18,2025_18,5,bearman,10,1:38.673
2025,18,2025_18,5,hulkenberg,11,1:38.855
2025,18,2025_18,5,lawson,12,1:38.772
2025,18,2025_18,5,colapinto,13,1:38.907
2025,18,2025_18,5,stroll,14,1:39.240
2025,18,2025_18,5,bortoleto,15,1:39.452
2025,18,2025_18,5,ocon,16,1:39.209
2025,18,2025_18,5,tsunoda,17,1:39.162
2025,18,2025_18,5,sainz,18,1:39.431
2025,18,2025_18,5,gasly,19,1:39.548
2025,18,2025_18,5,albon,20,1:39.142
2025,19,2025_19,1,max_verstappen,1,1:40.212
2025,19,2025_19,1,leclerc,2,1:41.677
2025,19,2025_19,1,norris,3,1:42.447
2025,19,2025_19,1,hamilton,4,1:43.181
2025,19,2025_19,1,piastri,5,1:44.080
2025,19,2025_19,1,russell,6,1:44.377
2025,19,2025_19,1,antonelli,7,1:45.269
2025,19,2025_19,1,bearman,8,1:45.942
2025,19,2025_19,1,sainz,9,1:46.371
2025,19,2025_19,1,tsunoda,10,1:46.739
2025,19,2025_19,1,hulkenberg,11,1:47.315
2025,19,2025_19,1,alonso,12,1:47.701
2025,19,2025_19,1,lawson,13,1:48.219
2025,19,2025_19,1,gasly,14,1:48.733
2025,19,2025_19,1,ocon,15,1:49.280
2025,19,2025_19,1,bortoleto,16,1:49.461
2025,19,2025_19,1,colapinto,17,1:50.067
2025,19,2025_19,1,stroll,18,1:50.361
2025,19,2025_19,1,hadjar,19,1:51.047
2025,19,2025_19,1,albon,20,1:56.940
2025,19,2025_19,2,max_verstappen,1,1:40.241
2025,19,2025_19,2,leclerc,2,1:40.503
2025,19,2025_19,2,norris,3,1:40.650
2025,19,2025_19,2,hamilton,4,1:40.828
2025,19,2025_19,2,piastri,5,1:40.687
2025,19,2025_19,2,russell,6,1:40.911
2025,19,2025_19,2,antonelli,7,1:41.430
2025,19,2025_19,2,sainz,8,1:41.311
2025,19,2025_19,2,bearman,9,1:42.479
2025,19,2025_19,2,tsunoda,10,1:42.044
2025,19,2025_19,2,hulkenberg,11,1:42.067
2025,19,2025_19,2,alonso,12,1:42.426
2025,19,2025_19,2,lawson,13,1:42.733
2025,19,2025_19,2,gasly,14,1:43.048
2025,19,2025_19,2,bortoleto,15,1:42.784
2025,19,2025_19,2,colapinto,16,1:43.041
2025,19,2025_19,2,ocon,17,1:44.459
2025,19,2025_19,2,stroll,18,1:43.649
2025,19,2025_19,2,hadjar,19,1:44.189
2025,19,2025_19,2,albon,20,1:42.558
2025,19,2025_19,3,max_verstappen,1,1:40.069
2025,19,2025_19,3,leclerc,2,1:40.785
2025,19,2025_19,3,norris,3,1:40.513
2025,19,2025_19,3,hamilton,4,1:40.295
2025,19,2025_19,3,piastri,5,1:40.371
2025,19,2025_19,3,russell,6,1:40.727
2025,19,2025_19,3,antonelli,7,1:40.383
2025,19,2025_19,3,sainz,8,1:40.327
2025,19,2025_19,3,tsunoda,9,1:40.097
2025,19,2025_19,3,bearman,10,1:41.732
2025,19,2025_19,3,hulkenberg,11,1:41.551
2025,19,2025_19,3,alonso,12,1:41.587
2025,19,2025_19,3,lawson,13,1:41.582
2025,19,2025_19,3,gasly,14,1:41.949
2025,19,2025_19,3,bortoleto,15,1:42.033
2025,19,2025_19,3,colapinto,16,1:42.241
2025,19,2025_19,3,stroll,17,1:42.181
2025,19,2025_19,3,ocon,18,1:43.038
2025,19,2025_19,3,hadjar,19,1:43.071
2025,19,2025_19,3,albon,20,1:41.723
2025,19,2025_19,4,max_verstappen,1,1:39.758
2025,19,2025_19,4,leclerc,2,1:40.578
2025,19,2025_19,4,norris,3,1:40.449
2025,19,2025_19,4,hamilton,4,1:40.452
2025,19,2025_19,4,piastri,5,1:40.760
2025,19,2025_19,4,russell,6,1:40.876
2025,19,2025_19,4,antonelli,7,1:40.784
2025,19,2025_19,4,sainz,8,1:40.638
2025,19,2025_19,4,tsunoda,9,1:40.745
2025,19,2025_19,4,bearman,10,1:41.111
2025,19,2025_19,4,hulkenberg,11,1:41.196
2025,19,2025_19,4,alonso,12,1:41.346
2025,19,2025_19,4,lawson,13,1:41.664
2025,19,2025_19,4,gasly,14,1:41.438
2025,19,2025_19,4,bortoleto,15,1:41.675
2025,19,2025_19,4,colapinto,16,1:41.843
2025,19,2025_19,4,stroll,17,1:41.593
2025,19,2025_19,4,ocon,18,1:42.087
2025,19,2025_19,4,hadjar,19,1:42.079
2025,19,2025_19,4,albon,20,1:41.904
2025,19,2025_19,5,max_verstappen,1,1:40.310
2025,19,2025_19,5,leclerc,2,1:40.076
2025,19,2025_19,5,norris,3,1:40.388
2025,19,2025_19,5,hamilton,4,1:40.825
2025,19,2025_19,5,piastri,5,1:40.681
2025,19,2025_19,5,russell,6,1:40.891
2025,19,2025_19,5,antonelli,7,1:40.825
2025,19,2025_19,5,sainz,8,1:40.793
2025,19,2025_19,5,tsunoda,9,1:40.994
2025,19,2025_19,5,bearman,10,1:40.932
2025,19,2025_19,5,hulkenberg,11,1:41.075
2025,19,2025_19,5,alonso,12,1:41.569
2025,19,2025_19,5,lawson,13,1:41.560
2025,19,2025_19,5,gasly,14,1:41.634
2025,19,2025_19,5,bortoleto,15,1:41.650
2025,19,2025_19,5,colapinto,16,1:41.832
2025,19,2025_19,5,stroll,17,1:41.743
2025,19,2025_19,5,ocon,18,1:41.861
2025,19,2025_19,5,hadjar,19,1:41.861
2025,19,2025_19,5,albon,20,1:41.899
2025,20,2025_20,1,norris,1,1:24.735
2025,20,2025_20,1,leclerc,2,1:26.403
2025,20,2025_20,1,hamilton,3,1:27.187
2025,20,2025_20,1,max_verstappen,4,1:27.817
2025,20,2025_20,1,russell,5,1:28.429
2025,20,2025_20,1,bearman,6,1:28.984
2025,20,2025_20,1,antonelli,7,1:29.572
2025,20,2025_20,1,tsunoda,8,1:30.188
2025,20,2025_20,1,piastri,9,1:30.649
2025,20,2025_20,1,ocon,10,1:31.068
2025,20,2025_20,1,hadjar,11,1:31.619
2025,20,2025_20,1,sainz,12,1:32.118
2025,20,2025_20,1,bortoleto,13,1:32.601
2025,20,2025_20,1,lawson,14,1:33.774
2025,20,2025_20,1,gasly,15,1:34.307
2025,20,2025_20,1,alonso,16,1:34.649
2025,20,2025_20,1,hulkenberg,17,1:34.968
2025,20,2025_20,1,albon,18,1:35.288
2025,20,2025_20,1,stroll,19,1:38.448
2025,20,2025_20,1,colapinto,20,1:39.953
2025,20,2025_20,2,norris,1,1:23.146
2025,20,2025_20,2,leclerc,2,1:23.141
2025,20,2025_20,2,hamilton,3,1:23.366
2025,20,2025_20,2,max_verstappen,4,1:23.412
2025,20,2025_20,2,russell,5,1:23.407
2025,20,2025_20,2,bearman,6,1:23.597
2025,20,2025_20,2,antonelli,7,1:23.658
2025,20,2025_20,2,tsunoda,8,1:23.838
2025,20,2025_20,2,piastri,9,1:23.903
2025,20,2025_20,2,ocon,10,1:24.048
2025,20,2025_20,2,hadjar,11,1:24.042
2025,20,2025_20,2,sainz,12,1:24.285
2025,20,2025_20,2,bortoleto,13,1:24.590
2025,20,2025_20,2,alonso,14,1:26.255
2025,20,2025_20,2,gasly,15,1:27.656
2025,20,2025_20,2,hulkenberg,16,1:27.267
2025,20,2025_20,2,albon,17,1:27.272
2025,20,2025_20,2,stroll,18,1:24.968
2025,20,2025_20,2,lawson,19,1:31.076
2025,20,2025_20,2,colapinto,20,1:25.444
2025,20,2025_20,3,norris,1,1:22.588
2025,20,2025_20,3,leclerc,2,1:22.825
2025,20,2025_20,3,hamilton,3,1:22.793
2025,20,2025_20,3,max_verstappen,4,1:22.702
2025,20,2025_20,3,russell,5,1:22.933
2025,20,2025_20,3,bearman,6,1:22.921
2025,20,2025_20,3,antonelli,7,1:23.002
2025,20,2025_20,3,tsunoda,8,1:23.059
2025,20,2025_20,3,piastri,9,1:22.909
2025,20,2025_20,3,ocon,10,1:22.965
2025,20,2025_20,3,hadjar,11,1:23.153
2025,20,2025_20,3,sainz,12,1:23.406
2025,20,2025_20,3,bortoleto,13,1:24.117
2025,20,2025_20,3,alonso,14,1:23.111
2025,20,2025_20,3,gasly,15,1:24.280
2025,20,2025_20,3,albon,16,1:24.528
2025,20,2025_20,3,stroll,17,1:24.774
2025,20,2025_20,3,hulkenberg,18,1:26.868
2025,20,2025_20,3,colapinto,19,1:24.900
2025,20,2025_20,3,lawson,20,1:58.457
2025,20,2025_20,4,norris,1,1:22.450
2025,20,2025_20,4,leclerc,2,1:22.476
2025,20,2025_20,4,hamilton,3,1:22.546
2025,20,2025_20,4,max_verstappen,4,1:22.787
2025,20,2025_20,4,russell,5,1:22.822
2025,20,2025_20,4,bearman,6,1:23.010
2025,20,2025_20,4,antonelli,7,1:23.019
2025,20,2025_20,4,tsunoda,8,1:23.096
2025,20,2025_20,4,piastri,9,1:23.219
2025,20,2025_20,4,ocon,10,1:23.270
2025,20,2025_20,4,hadjar,11,1:23.180
2025,20,2025_20,4,sainz,12,1:23.322
2025,20,2025_20,4,bortoleto,13,1:23.455
2025,20,2025_20,4,alonso,14,1:22.965
2025,20,2025_20,4,gasly,15,1:23.831
2025,20,2025_20,4,albon,16,1:23.640
2025,20,2025_20,4,stroll,17,1:23.516
2025,20,2025_20,4,hulkenberg,18,1:23.372
2025,20,2025_20,4,colapinto,19,1:24.568
2025,20,2025_20,4,lawson,20,1:25.124
2025,20,2025_20,5,norris,1,1:22.404
2025,20,2025_20,5,leclerc,2,1:22.622
2025,20,2025_20,5,hamilton,3,1:22.781
2025,20,2025_20,5,max_verstappen,4,1:22.538
2025,20,2025_20,5,russell,5,1:22.622
2025,20,2025_20,5,bearman,6,1:22.696
2025,20,2025_20,5,antonelli,7,1:22.774
2025,20,2025_20,5,tsunoda,8,1:22.832
2025,20,2025_20,5,piastri,9,1:22.892
2025,20,2025_20,5,ocon,10,1:22.908
2025,20,2025_20,5,hadjar,11,1:22.974
2025,20,2025_20,5,sainz,12,1:23.372
2025,20,2025_20,5,bortoleto,13,1:23.231
2025,20,2025_20,5,alonso,14,1:22.884
2025,20,2025_20,5,albon,15,1:24.138
2025,20,2025_20,5,gasly,16,1:25.852
2025,20,2025_20,5,stroll,17,1:24.481
2025,20,2025_20,5,hulkenberg,18,1:24.327
2025,20,2025_20,5,colapinto,19,1:24.905
2025,20,2025_20,5,lawson,20,1:33.491
2025,21,2025_21,1,norris,1,1:18.067
2025,21,2025_21,1,antonelli,2,1:19.069
2025,21,2025_21,1,leclerc,3,1:19.556
2025,21,2025_21,1,piastri,4,1:20.531
2025,21,2025_21,1,hadjar,5,1:21.320
2025,21,2025_21,1,lawson,6,1:21.830
2025,21,2025_21,1,russell,7,1:22.173
2025,21,2025_21,1,gasly,8,1:23.216
2025,21,2025_21,1,bearman,9,1:23.362
2025,21,2025_21,1,alonso,10,1:24.077
2025,21,2025_21,1,albon,11,1:24.430
2025,21,2025_21,1,hulkenberg,12,1:24.736
2025,21,2025_21,1,sainz,13,1:24.958
2025,21,2025_21,1,tsunoda,14,1:25.506
2025,21,2025_21,1,stroll,15,1:26.274
2025,21,2025_21,1,colapinto,16,1:26.575
2025,21,2025_21,1,hamilton,17,1:26.869
2025,21,2025_21,1,max_verstappen,18,1:27.191
2025,21,2025_21,1,ocon,19,1:28.381
2025,21,2025_21,2,norris,1,1:41.996
2025,21,2025_21,2,antonelli,2,1:42.524
2025,21,2025_21,2,leclerc,3,1:43.560
2025,21,2025_21,2,piastri,4,1:45.122
2025,21,2025_21,2,hadjar,5,1:46.339
2025,21,2025_21,2,lawson,6,1:47.670
2025,21,2025_21,2,russell,7,1:49.497
2025,21,2025_21,2,bearman,8,1:49.412
2025,21,2025_21,2,gasly,9,1:51.215
2025,21,2025_21,2,alonso,10,1:51.123
2025,21,2025_21,2,albon,11,1:51.703
2025,21,2025_21,2,sainz,12,1:52.471
2025,21,2025_21,2,hulkenberg,13,1:54.736
2025,21,2025_21,2,stroll,14,1:56.064
2025,21,2025_21,2,colapinto,15,1:58.185
2025,21,2025_21,2,tsunoda,16,1:59.580
2025,21,2025_21,2,max_verstappen,17,2:00.413
2025,21,2025_21,2,ocon,18,2:00.336
2025,21,2025_21,2,hamilton,19,2:05.836
2025,21,2025_21,3,norris,1,1:54.600
2025,21,2025_21,3,antonelli,2,1:53.773
2025,21,2025_21,3,leclerc,3,1:53.343
2025,21,2025_21,3,piastri,4,1:51.843
2025,21,2025_21,3,hadjar,5,1:53.008
2025,21,2025_21,3,lawson,6,1:53.614
2025,21,2025_21,3,russell,7,1:52.274
2025,21,2025_21,3,bearman,8,1:52.534
2025,21,2025_21,3,gasly,9,1:52.063
2025,21,2025_21,3,alonso,10,1:52.471
2025,21,2025_21,3,albon,11,1:52.479
2025,21,2025_21,3,sainz,12,1:52.755
2025,21,2025_21,3,hulkenberg,13,1:52.587
2025,21,2025_21,3,stroll,14,1:50.806
2025,21,2025_21,3,colapinto,15,1:49.957
2025,21,2025_21,3,max_verstappen,16,1:49.007
2025,21,2025_21,3,ocon,17,1:48.726
2025,21,2025_21,3,tsunoda,18,1:54.737
2025,21,2025_21,3,hamilton,19,2:00.497
2025,21,2025_21,4,norris,1,1:49.769
2025,21,2025_21,4,antonelli,2,1:49.802
2025,21,2025_21,4,leclerc,3,1:50.062
2025,21,2025_21,4,piastri,4,1:50.295
2025,21,2025_21,4,hadjar,5,1:49.148
2025,21,2025_21,4,lawson,6,1:48.804
2025,21,2025_21,4,russell,7,1:49.183
2025,21,2025_21,4,bearman,8,1:48.538
2025,21,2025_21,4,gasly,9,1:48.619
2025,21,2025_21,4,alonso,10,1:48.514
2025,21,2025_21,4,albon,11,1:48.374
2025,21,2025_21,4,sainz,12,1:47.743
2025,21,2025_21,4,hulkenberg,13,1:47.063
2025,21,2025_21,4,stroll,14,1:46.901
2025,21,2025_21,4,colapinto,15,1:46.598
2025,21,2025_21,4,max_verstappen,16,1:46.620
2025,21,2025_21,4,ocon,17,1:46.784
2025,21,2025_21,4,tsunoda,18,1:46.686
2025,21,2025_21,4,hamilton,19,1:33.973
2025,21,2025_21,5,norris,1,2:03.590
2025,21,2025_21,5,antonelli,2,2:03.198
2025,21,2025_21,5,leclerc,3,2:01.899
2025,21,2025_21,5,piastri,4,2:00.693
2025,21,2025_21,5,hadjar,5,1:58.853
2025,21,2025_21,5,lawson,6,1:56.919
2025,21,2025_21,5,russell,7,1:55.996
2025,21,2025_21,5,bearman,8,1:55.429
2025,21,2025_21,5,gasly,9,1:54.339
2025,21,2025_21,5,alonso,10,1:53.761
2025,21,2025_21,5,albon,11,1:53.023
2025,21,2025_21,5,sainz,12,1:52.415
2025,21,2025_21,5,hulkenberg,13,1:51.395
2025,21,2025_21,5,stroll,14,1:50.904
2025,21,2025_21,5,colapinto,15,1:49.687
2025,21,2025_21,5,max_verstappen,16,1:47.889
2025,21,2025_21,5,ocon,17,1:47.402
2025,21,2025_21,5,tsunoda,18,1:45.157
2025,21,2025_21,5,hamilton,19,1:44.611
2025,21,2025_21,6,norris,1,1:14.539
2025,21,2025_21,6,piastri,2,1:15.276
2025,21,2025_21,6,antonelli,3,1:16.547
2025,21,2025_21,6,hadjar,4,1:17.055
2025,21,2025_21,6,lawson,5,1:17.329
2025,22,2025_22,1,max_verstappen,1,1:42.062
2025,22,2025_22,1,russell,2,1:43.075
2025,22,2025_22,1,norris,3,1:44.165
2025,22,2025_22,1,sainz,4,1:44.824
2025,22,2025_22,1,hadjar,5,1:45.460
2025,22,2025_22,1,lawson,6,1:46.144
2025,22,2025_22,1,piastri,7,1:46.777
2025,22,2025_22,1,bearman,8,1:47.507
2025,22,2025_22,1,leclerc,9,1:48.352
2025,22,2025_22,1,alonso,10,1:48.711
2025,22,2025_22,1,hulkenberg,11,1:49.002
2025,22,2025_22,1,ocon,12,1:49.800
2025,22,2025_22,1,hamilton,13,1:50.124
2025,22,2025_22,1,antonelli,14,1:51.048
2025,22,2025_22,1,albon,15,1:51.969
2025,22,2025_22,1,colapinto,16,1:52.717
2025,22,2025_22,1,gasly,17,1:55.532
2025,22,2025_22,1,tsunoda,18,1:57.698
2025,22,2025_22,1,bortoleto,19,2:10.427
2025,22,2025_22,2,max_verstappen,1,1:47.622
2025,22,2025_22,2,russell,2,1:49.251
2025,22,2025_22,2,norris,3,1:50.056
2025,22,2025_22,2,sainz,4,1:50.424
2025,22,2025_22,2,hadjar,5,1:51.673
2025,22,2025_22,2,piastri,6,1:51.145
2025,22,2025_22,2,bearman,7,1:53.551
2025,22,2025_22,2,leclerc,8,1:54.436
2025,22,2025_22,2,alonso,9,1:57.144
2025,22,2025_22,2,hulkenberg,10,1:57.236
2025,22,2025_22,2,ocon,11,1:58.053
2025,22,2025_22,2,hamilton,12,1:58.576
2025,22,2025_22,2,albon,13,1:59.304
2025,22,2025_22,2,antonelli,14,2:02.573
2025,22,2025_22,2,colapinto,15,2:02.610
2025,22,2025_22,2,lawson,16,2:17.377
2025,22,2025_22,2,gasly,17,2:08.486
2025,22,2025_22,2,tsunoda,18,2:17.697
2025,22,2025_22,2,bortoleto,19,2:41.626
2025,22,2025_22,3,max_verstappen,1,2:13.534
2025,22,2025_22,3,russell,2,2:12.522
2025,22,2025_22,3,norris,3,2:12.717
2025,22,2025_22,3,sainz,4,2:12.574
2025,22,2025_22,3,hadjar,5,2:11.943
2025,22,2025_22,3,piastri,6,2:13.563
2025,22,2025_22,3,bearman,7,2:12.623
2025,22,2025_22,3,leclerc,8,2:11.513
2025,22,2025_22,3,alonso,9,2:09.495
2025,22,2025_22,3,hulkenberg,10,2:09.674
2025,22,2025_22,3,ocon,11,2:09.195
2025,22,2025_22,3,hamilton,12,2:09.181
2025,22,2025_22,3,albon,13,2:07.503
2025,22,2025_22,3,colapinto,14,2:05.626
2025,22,2025_22,3,antonelli,15,2:18.105
2025,22,2025_22,3,tsunoda,16,2:06.382
2025,22,2025_22,3,gasly,17,2:18.457
2025,22,2025_22,3,lawson,18,2:20.329
2025,22,2025_22,4,max_verstappen,1,1:41.671
2025,22,2025_22,4,russell,2,1:41.132
2025,22,2025_22,4,norris,3,1:40.573
2025,22,2025_22,4,sainz,4,1:40.742
2025,22,2025_22,4,hadjar,5,1:40.539
2025,22,2025_22,4,piastri,6,1:39.781
2025,22,2025_22,4,bearman,7,1:38.758
2025,22,2025_22,4,leclerc,8,1:38.814
2025,22,2025_22,4,alonso,9,1:38.677
2025,22,2025_22,4,hulkenberg,10,1:38.857
2025,22,2025_22,4,ocon,11,1:39.419
2025,22,2025_22,4,hamilton,12,1:40.526
2025,22,2025_22,4,albon,13,1:39.850
2025,22,2025_22,4,colapinto,14,1:40.409
2025,22,2025_22,4,antonelli,15,1:38.509
2025,22,2025_22,4,tsunoda,16,1:38.299
2025,22,2025_22,4,gasly,17,1:38.545
2025,22,2025_22,4,lawson,18,1:38.739
2025,22,2025_22,5,max_verstappen,1,1:37.421
2025,22,2025_22,5,russell,2,1:36.909
2025,22,2025_22,5,norris,3,1:37.491
2025,22,2025_22,5,sainz,4,1:37.791
2025,22,2025_22,5,hadjar,5,1:37.646
2025,22,2025_22,5,piastri,6,1:37.628
2025,22,2025_22,5,leclerc,7,1:38.077
2025,22,2025_22,5,bearman,8,1:39.360
2025,22,2025_22,5,alonso,9,1:38.308
2025,22,2025_22,5,hulkenberg,10,1:38.282
2025,22,2025_22,5,ocon,11,1:38.135
2025,22,2025_22,5,hamilton,12,1:37.668
2025,22,2025_22,5,albon,13,1:38.697
2025,22,2025_22,5,colapinto,14,1:39.248
2025,22,2025_22,5,antonelli,15,1:37.941
2025,22,2025_22,5,tsunoda,16,1:37.898
2025,22,2025_22,5,gasly,17,1:38.198
2025,22,2025_22,5,lawson,18,1:38.138
2025,22,2025_22,6,max_verstappen,1,1:36.594
2025,22,2025_22,6,russell,2,1:36.463
2025,22,2025_22,6,norris,3,1:36.965
2025,22,2025_22,6,sainz,4,1:37.577
2025,22,2025_22,6,hadjar,5,1:37.565
2025,22,2025_22,6,piastri,6,1:37.624
2025,22,2025_22,6,leclerc,7,1:37.724
2025,22,2025_22,6,bearman,8,1:38.329
2025,23,2025_23,1,piastri,1,1:27.615
2025,23,2025_23,1,max_verstappen,2,1:28.940
2025,23,2025_23,1,norris,3,1:30.050
2025,23,2025_23,1,antonelli,4,1:30.716
2025,23,2025_23,1,sainz,5,1:31.371
2025,23,2025_23,1,alonso,6,1:32.053
2025,23,2025_23,1,russell,7,1:32.586
2025,23,2025_23,1,hadjar,8,1:33.119
2025,23,2025_23,1,gasly,9,1:33.673
2025,23,2025_23,1,leclerc,10,1:34.322
2025,23,2025_23,1,hulkenberg,11,1:34.468
2025,23,2025_23,1,bearman,12,1:34.986
2025,23,2025_23,1,lawson,13,1:35.435
2025,23,2025_23,1,hamilton,14,1:35.868
2025,23,2025_23,1,ocon,15,1:36.298
2025,23,2025_23,1,tsunoda,16,1:36.981
2025,23,2025_23,1,albon,17,1:37.045
2025,23,2025_23,1,bortoleto,18,1:38.152
2025,23,2025_23,1,stroll,19,1:38.154
2025,23,2025_23,1,colapinto,20,1:38.774
2025,23,2025_23,2,piastri,1,1:27.150
2025,23,2025_23,2,max_verstappen,2,1:27.349
2025,23,2025_23,2,norris,3,1:27.713
2025,23,2025_23,2,antonelli,4,1:27.953
2025,23,2025_23,2,sainz,5,1:28.123
2025,23,2025_23,2,alonso,6,1:28.246
2025,23,2025_23,2,russell,7,1:28.310
2025,23,2025_23,2,hadjar,8,1:28.632
2025,23,2025_23,2,gasly,9,1:29.291
2025,23,2025_23,2,hulkenberg,10,1:28.911
2025,23,2025_23,2,leclerc,11,1:29.405
2025,23,2025_23,2,bearman,12,1:29.227
2025,23,2025_23,2,lawson,13,1:29.343
2025,23,2025_23,2,hamilton,14,1:29.410
2025,23,2025_23,2,ocon,15,1:29.487
2025,23,2025_23,2,tsunoda,16,1:29.251
2025,23,2025_23,2,albon,17,1:29.828
2025,23,2025_23,2,stroll,18,1:29.552
2025,23,2025_23,2,bortoleto,19,1:29.881
2025,23,2025_23,2,colapinto,20,1:30.394
2025,23,2025_23,3,piastri,1,1:26.930
2025,23,2025_23,3,max_verstappen,2,1:27.511
2025,23,2025_23,3,norris,3,1:27.673
2025,23,2025_23,3,antonelli,4,1:27.737
2025,23,2025_23,3,sainz,5,1:28.030
2025,23,2025_23,3,alonso,6,1:28.081
2025,23,2025_23,3,russell,7,1:28.059
2025,23,2025_23,3,hadjar,8,1:28.346
2025,23,2025_23,3,gasly,9,1:28.388
2025,23,2025_23,3,hulkenberg,10,1:28.362
2025,23,2025_23,3,leclerc,11,1:28.982
2025,23,2025_23,3,bearman,12,1:28.950
2025,23,2025_23,3,lawson,13,1:28.929
2025,23,2025_23,3,hamilton,14,1:28.899
2025,23,2025_23,3,ocon,15,1:29.039
2025,23,2025_23,3,tsunoda,16,1:29.116
2025,23,2025_23,3,albon,17,1:28.892
2025,23,2025_23,3,stroll,18,1:28.850
2025,23,2025_23,3,bortoleto,19,1:28.921
2025,23,2025_23,3,colapinto,20,1:28.683
2025,23,2025_23,4,piastri,1,1:27.217
2025,23,2025_23,4,max_verstappen,2,1:27.324
2025,23,2025_23,4,norris,3,1:27.505
2025,23,2025_23,4,antonelli,4,1:27.480
2025,23,2025_23,4,sainz,5,1:27.804
2025,23,2025_23,4,alonso,6,1:27.928
2025,23,2025_23,4,russell,7,1:27.944
2025,23,2025_23,4,hadjar,8,1:28.010
2025,23,2025_23,4,gasly,9,1:28.333
2025,23,2025_23,4,hulkenberg,10,1:28.402
2025,23,2025_23,4,leclerc,11,1:28.281
2025,23,2025_23,4,bearman,12,1:28.572
2025,23,2025_23,4,lawson,13,1:28.650
2025,23,2025_23,4,hamilton,14,1:29.014
2025,23,2025_23,4,ocon,15,1:28.848
2025,23,2025_23,4,tsunoda,16,1:28.638
2025,23,2025_23,4,albon,17,1:28.916
2025,23,2025_23,4,stroll,18,1:28.851
2025,23,2025_23,4,bortoleto,19,1:28.869
2025,23,2025_23,4,colapinto,20,1:28.758
2025,23,2025_23,5,piastri,1,1:26.899
2025,23,2025_23,5,max_verstappen,2,1:26.843
2025,23,2025_23,5,norris,3,1:26.946
2025,23,2025_23,5,antonelli,4,1:27.505
2025,23,2025_23,5,sainz,5,1:27.699
2025,23,2025_23,5,alonso,6,1:27.867
2025,23,2025_23,5,russell,7,1:28.149
2025,23,2025_23,5,hadjar,8,1:28.115
2025,23,2025_23,5,gasly,9,1:28.088
2025,23,2025_23,5,hulkenberg,10,1:28.139
2025,23,2025_23,5,leclerc,11,1:28.257
2025,23,2025_23,5,bearman,12,1:28.363
2025,23,2025_23,5,lawson,13,1:28.424
2025,23,2025_23,5,hamilton,14,1:28.266
2025,23,2025_23,5,ocon,15,1:28.403
2025,23,2025_23,5,tsunoda,16,1:28.604
2025,23,2025_23,5,albon,17,1:28.583
2025,23,2025_23,5,stroll,18,1:28.778
2025,23,2025_23,5,bortoleto,19,1:28.669
2025,23,2025_23,5,colapinto,20,1:28.890
2025,24,2025_24,1,max_verstappen,1,1:31.677
2025,24,2025_24,1,piastri,2,1:32.906
2025,24,2025_24,1,norris,3,1:33.952
2025,24,2025_24,1,leclerc,4,1:34.624
2025,24,2025_24,1,alonso,5,1:34.980
2025,24,2025_24,1,russell,6,1:35.453
2025,24,2025_24,1,bortoleto,7,1:35.941
2025,24,2025_24,1,hadjar,8,1:36.661
2025,24,2025_24,1,ocon,9,1:37.070
2025,24,2025_24,1,tsunoda,10,1:37.567
2025,24,2025_24,1,lawson,11,1:38.029
2025,24,2025_24,1,bearman,12,1:38.391
2025,24,2025_24,1,sainz,13,1:39.010
2025,24,2025_24,1,hamilton,14,1:39.335
2025,24,2025_24,1,albon,15,1:39.757
2025,24,2025_24,1,stroll,16,1:40.310
2025,24,2025_24,1,antonelli,17,1:40.726
2025,24,2025_24,1,hulkenberg,18,1:40.987
2025,24,2025_24,1,gasly,19,1:41.281
2025,24,2025_24,1,colapinto,20,1:41.677
2025,24,2025_24,2,max_verstappen,1,1:29.117
2025,24,2025_24,2,piastri,2,1:29.814
2025,24,2025_24,2,norris,3,1:29.893
2025,24,2025_24,2,leclerc,4,1:30.087
2025,24,2025_24,2,alonso,5,1:30.396
2025,24,2025_24,2,russell,6,1:30.629
2025,24,2025_24,2,bortoleto,7,1:30.656
2025,24,2025_24,2,hadjar,8,1:30.440
2025,24,2025_24,2,ocon,9,1:30.504
2025,24,2025_24,2,tsunoda,10,1:30.688
2025,24,2025_24,2,lawson,11,1:30.799
2025,24,2025_24,2,bearman,12,1:31.021
2025,24,2025_24,2,hamilton,13,1:30.853
2025,24,2025_24,2,sainz,14,1:31.984
2025,24,2025_24,2,albon,15,1:31.710
2025,24,2025_24,2,stroll,16,1:31.582
2025,24,2025_24,2,antonelli,17,1:31.715
2025,24,2025_24,2,hulkenberg,18,1:31.813
2025,24,2025_24,2,gasly,19,1:32.010
2025,24,2025_24,2,colapinto,20,1:32.070
2025,24,2025_24,3,max_verstappen,1,1:29.555
2025,24,2025_24,3,piastri,2,1:29.525
2025,24,2025_24,3,norris,3,1:29.860
2025,24,2025_24,3,leclerc,4,1:29.681
2025,24,2025_24,3,alonso,5,1:30.059
2025,24,2025_24,3,russell,6,1:30.067
2025,24,2025_24,3,bortoleto,7,1:30.137
2025,24,2025_24,3,hadjar,8,1:30.211
2025,24,2025_24,3,ocon,9,1:30.306
2025,24,2025_24,3,tsunoda,10,1:30.383
2025,24,2025_24,3,lawson,11,1:30.466
2025,24,2025_24,3,bearman,12,1:30.467
2025,24,2025_24,3,hamilton,13,1:30.113
2025,24,2025_24,3,sainz,14,1:30.119
2025,24,2025_24,3,albon,15,1:30.224
2025,24,2025_24,3,stroll,16,1:30.319
2025,24,2025_24,3,antonelli,17,1:30.492
2025,24,2025_24,3,hulkenberg,18,1:30.515
2025,24,2025_24,3,gasly,19,1:30.864
2025,24,2025_24,3,colapinto,20,1:31.303
2025,24,2025_24,4,max_verstappen,1,1:29.563
2025,24,2025_24,4,piastri,2,1:29.926
2025,24,2025_24,4,norris,3,1:29.841
2025,24,2025_24,4,leclerc,4,1:29.943
2025,24,2025_24,4,russell,5,1:29.337
2025,24,2025_24,4,alonso,6,1:30.896
2025,24,2025_24,4,bortoleto,7,1:30.222
2025,24,2025_24,4,hadjar,8,1:30.237
2025,24,2025_24,4,ocon,9,1:30.500
2025,24,2025_24,4,tsunoda,10,1:30.521
2025,24,2025_24,4,lawson,11,1:30.661
2025,24,2025_24,4,bearman,12,1:30.741
2025,24,2025_24,4,hamilton,13,1:30.883
2025,24,2025_24,4,sainz,14,1:30.829
2025,24,2025_24,4,albon,15,1:30.874
2025,24,2025_24,4,stroll,16,1:30.773
2025,24,2025_24,4,antonelli,17,1:30.524
2025,24,2025_24,4,hulkenberg,18,1:30.573
2025,24,2025_24,4,gasly,19,1:30.669
2025,24,2025_24,4,colapinto,20,1:30.845
2025,24,2025_24,5,max_verstappen,1,1:29.695
2025,24,2025_24,5,piastri,2,1:29.758
2025,24,2025_24,5,norris,3,1:29.818
2025,24,2025_24,5,leclerc,4,1:30.062
2025,24,2025_24,5,russell,5,1:29.989
2025,24,2025_24,5,alonso,6,1:30.196
2025,24,2025_24,5,bortoleto,7,1:30.186
2025,24,2025_24,5,hadjar,8,1:30.261
2025,24,2025_24,5,ocon,9,1:30.163
2025,24,2025_24,5,tsunoda,10,1:30.323
2025,24,2025_24,5,lawson,11,1:30.219
2025,24,2025_24,5,bearman,12,1:30.190
2025,24,2025_24,5,hamilton,13,1:30.229
2025,24,2025_24,5,sainz,14,1:30.224
2025,24,2025_24,5,albon,15,1:30.314
2025,24,2025_24,5,stroll,16,1:30.458
2025,24,2025_24,5,antonelli,17,1:30.707
2025,24,2025_24,5,hulkenberg,18,1:30.776
2025,24,2025_24,5,gasly,19,1:30.908
2025,24,2025_24,5,colapinto,20,1:30.990
